coin,yon,t_ms,L
BNB,short,1683835200000,305.78
SOL,short,1684713600000,19.605
NEAR,short,1684728000000,1.597
ICP,short,1685592000000,4.617
SOL,long,1685894400000,22.04
BNB,short,1685937600000,301.28
BCH,short,1685980800000,109.22
ETH,short,1685980800000,1824.17
ICP,short,1685980800000,4.207
NEAR,short,1685980800000,1.507
BNB,short,1686153600000,258.92
SOL,short,1686340800000,17.382
ADA,short,1686369600000,0.2764
ADA,short,1686384000000,0.2398
BCH,short,1686384000000,98.84
BNB,short,1686384000000,234.78
ETH,short,1686384000000,1731.41
ICP,short,1686384000000,3.622
NEAR,short,1686384000000,1.225
SOL,short,1686384000000,14.394
BCH,long,1687334400000,132.24
ETH,long,1687363200000,1848.91
BCH,long,1687536000000,167.64
NEAR,long,1687766400000,1.576
ICP,short,1687982400000,4.057
SOL,long,1688040000000,18.048
BCH,long,1688097600000,299.29
SOL,long,1688673600000,20.878
SOL,long,1688745600000,21.214
ADA,long,1689264000000,0.3111
ICP,long,1689264000000,4.284
ADA,long,1689278400000,0.3478
ETH,long,1689278400000,1995.46
SOL,long,1689278400000,26.221
NEAR,long,1689350400000,1.569
ICP,long,1690084800000,4.313
NEAR,short,1690200000000,1.386
ICP,long,1690560000000,4.33
BNB,long,1690876800000,245.48
SOL,long,1691524800000,24.571
ADA,short,1692129600000,0.2812
BNB,short,1692129600000,236.02
ETH,short,1692129600000,1826.9
ICP,short,1692129600000,3.818
NEAR,short,1692129600000,1.27
ETH,short,1692288000000,1738.36
ADA,short,1692316800000,0.2551
BCH,short,1692316800000,183.79
BNB,short,1692316800000,217.87
ETH,short,1692316800000,1681.0
ICP,short,1692316800000,3.402
NEAR,short,1692316800000,1.118
SOL,short,1692316800000,21.661
BNB,long,1693324800000,228.28
BCH,long,1693339200000,221.95
ADA,short,1694332800000,0.2493
ICP,short,1694332800000,3.154
SOL,short,1694332800000,18.515
BNB,short,1694433600000,206.9
ETH,short,1694462400000,1538.59
BCH,long,1694548800000,203.86
BCH,long,1695816000000,230.0
SOL,long,1696089600000,21.417
ADA,long,1696204800000,0.2656
BNB,long,1696204800000,218.25
ETH,long,1696204800000,1733.38
BCH,long,1696262400000,249.39
ETH,short,1696521600000,1617.4
BCH,short,1696852800000,216.13
BNB,short,1696852800000,207.1
ETH,short,1696852800000,1589.76
ICP,short,1696852800000,2.938
NEAR,short,1696852800000,1.042
BNB,long,1698033600000,222.26
ETH,long,1698105600000,1766.9
ADA,long,1698120000000,0.2821
NEAR,long,1698321600000,1.194
ICP,long,1698609600000,4.121
SOL,long,1698796800000,38.373
NEAR,long,1698854400000,1.457
SOL,long,1698868800000,42.05
ADA,long,1698955200000,0.3245
BNB,long,1699286400000,251.84
ADA,long,1699545600000,0.378
ETH,long,1699545600000,2039.56
SOL,long,1699718400000,60.97
NEAR,long,1700481600000,2.136
BNB,long,1700510400000,257.74
BNB,short,1700611200000,225.66
ETH,long,1701547200000,2159.1
BCH,long,1701662400000,248.82
ADA,long,1701676800000,0.4089
ICP,long,1701676800000,5.033
NEAR,long,1701748800000,2.256
ADA,long,1702036800000,0.5206
ADA,long,1702108800000,0.6246
BCH,short,1702267200000,235.78
ICP,long,1702497600000,6.172
ICP,long,1702713600000,8.877
ICP,long,1702756800000,10.288
NEAR,long,1703044800000,2.602
NEAR,long,1703160000000,3.359
SOL,long,1703188800000,92.968
BNB,long,1703592000000,289.8
BCH,long,1703678400000,252.56
ICP,long,1703952000000,11.278
ICP,long,1704038400000,13.953
BCH,short,1704297600000,235.66
ETH,short,1704297600000,2240.89
ADA,short,1704686400000,0.474
ETH,long,1704902400000,2450.41
BCH,short,1705608000000,235.04
ETH,short,1705924800000,2381.0
SOL,short,1705953600000,83.671
ADA,short,1706011200000,0.4585
ETH,short,1706011200000,2218.28
NEAR,short,1706011200000,2.508
ETH,long,1706644800000,2373.75
ICP,long,1706961600000,13.44
ETH,long,1707249600000,2377.86
ADA,short,1707307200000,0.4756
BNB,long,1707364800000,311.13
ADA,long,1707379200000,0.5277
BCH,long,1707624000000,267.27
ETH,long,1707768000000,2610.9
BNB,long,1708012800000,360.21
NEAR,long,1708272000000,3.531
ICP,long,1708329600000,14.463
BNB,long,1708531200000,369.44
NEAR,long,1708804800000,3.826
BCH,long,1709006400000,299.44
BCH,long,1709352000000,403.52
ETH,long,1709568000000,3563.14
ICP,long,1709625600000,16.078
NEAR,long,1709755200000,5.396
BNB,long,1710072000000,532.24
NEAR,long,1710144000000,6.828
BNB,long,1710331200000,593.32
BCH,long,1711296000000,481.19
ICP,long,1711339200000,16.87
BNB,long,1711699200000,607.1
BCH,long,1711713600000,637.73
NEAR,long,1712347200000,7.412
ETH,long,1712577600000,3636.18
BNB,long,1712779200000,606.44
ADA,short,1712952000000,0.4821
BCH,short,1712952000000,528.37
ETH,short,1712952000000,3205.96
ICP,short,1712952000000,13.367
SOL,short,1712952000000,149.325
BNB,long,1713772800000,602.63
NEAR,long,1713816000000,7.14
BCH,short,1714392000000,450.77
BNB,short,1714478400000,568.02
SOL,short,1714507200000,123.0
BNB,short,1715702400000,568.5
NEAR,long,1715788800000,7.669
ETH,long,1716235200000,3438.29
BCH,long,1716249600000,517.61
BNB,long,1716249600000,599.73
BNB,long,1717401600000,626.61
BNB,long,1717516800000,663.33
BNB,long,1717560000000,703.65
BCH,long,1717747200000,511.82
ADA,long,1717761600000,0.4844
ICP,long,1717761600000,12.707
ICP,short,1717790400000,11.56
NEAR,short,1717790400000,6.714
BNB,short,1718064000000,624.94
ETH,short,1718121600000,3448.48
SOL,short,1718121600000,147.623
NEAR,short,1718380800000,5.67
ADA,short,1718683200000,0.3787
NEAR,short,1718683200000,4.801
BCH,short,1719230400000,353.49
SOL,long,1719504000000,147.681
BNB,short,1720065600000,539.84
ICP,short,1720065600000,7.1
ADA,short,1720152000000,0.3237
BNB,short,1720152000000,468.1
ETH,short,1720152000000,2920.1
ICP,short,1720152000000,5.935
BCH,short,1720166400000,297.69
ICP,long,1720900800000,8.322
BNB,long,1721404800000,591.88
BCH,long,1722196800000,416.16
ADA,short,1722528000000,0.3781
BNB,short,1722528000000,559.13
NEAR,short,1722542400000,4.744
ETH,short,1722614400000,3037.51
SOL,short,1722614400000,156.639
BNB,short,1722787200000,501.82
ETH,short,1722801600000,2756.05
ETH,short,1722830400000,2312.38
BNB,long,1724097600000,553.3
ADA,long,1724270400000,0.3762
ICP,long,1724342400000,8.021
NEAR,long,1724529600000,5.238
ETH,short,1724803200000,2455.98
ETH,short,1725638400000,2289.02
ICP,long,1726012800000,8.924
BNB,long,1726113600000,543.2
BNB,long,1726761600000,564.83
NEAR,long,1727107200000,5.152
BNB,long,1727121600000,612.46
ADA,long,1727193600000,0.3718
BCH,long,1727236800000,353.64
BCH,short,1727798400000,327.87
ETH,short,1727798400000,2523.54
ADA,short,1727812800000,0.3532
ETH,long,1728892800000,2534.86
BCH,long,1728921600000,354.17
SOL,long,1729468800000,167.44
ETH,short,1729713600000,2511.77
SOL,long,1729713600000,173.03
SOL,short,1730649600000,159.92
ADA,long,1731024000000,0.4067
BNB,long,1731124800000,635.57
ADA,long,1731211200000,0.5332
ADA,long,1731254400000,0.5997
SOL,long,1731830400000,237.5
ADA,long,1732104000000,0.8265
BCH,long,1732176000000,526.16
ETH,long,1732204800000,3279.21
ADA,long,1732334400000,1.093
ADA,long,1733155200000,1.208
BNB,long,1733256000000,690.34
BNB,long,1733284800000,753.79
ETH,long,1733328000000,3824.38
ETH,long,1734379200000,4056.89
SOL,short,1734566400000,206.44
ETH,short,1734638400000,3438.96
ADA,short,1734696000000,0.7623
NEAR,short,1734696000000,4.541
ADA,short,1735574400000,0.8397
ADA,long,1735891200000,1.035
ETH,long,1735920000000,3564.31
ETH,short,1736366400000,3279.46
BCH,short,1736769600000,406.58
ETH,short,1736784000000,3047.37
SOL,long,1737187200000,232.84
ADA,short,1737964800000,0.8866
ETH,short,1737964800000,3069.21
SOL,short,1738454400000,212.92
ADA,short,1738526400000,0.8152
ETH,short,1738526400000,2957.75
ADA,short,1738555200000,0.6592
BNB,short,1738555200000,552.44
ETH,short,1738555200000,2525.2
NEAR,short,1738555200000,3.125
BNB,long,1739376000000,658.22
SOL,short,1739808000000,180.24
SOL,short,1740412800000,152.58
ADA,short,1740441600000,0.6815
NEAR,short,1740470400000,2.851
ETH,short,1740600000000,2295.26
ADA,long,1740931200000,0.8644
ADA,long,1740945600000,1.0403
BCH,long,1741017600000,343.88
BCH,long,1741176000000,377.93
NEAR,short,1741622400000,2.471
ETH,short,1741636800000,1868.19
BCH,short,1742601600000,322.95
SOL,short,1743638400000,117.35
ETH,short,1743969600000,1625.22
BCH,long,1746676800000,410.17
ETH,long,1746748800000,2206.54
ICP,long,1746748800000,5.217
NEAR,long,1746921600000,3.349
BNB,long,1747857600000,671.25
ADA,short,1749168000000,0.6251
ICP,long,1749470400000,5.889
ETH,long,1749513600000,2679.13
NEAR,long,1749556800000,2.624
BNB,long,1749600000000,673.59
BCH,long,1750003200000,458.18
NEAR,short,1750176000000,2.154
ADA,short,1750262400000,0.5945
ETH,short,1750449600000,2413.43
ADA,short,1750608000000,0.5229
BCH,long,1751299200000,513.16
SOL,long,1751299200000,157.75
ETH,long,1751486400000,2603.67
ETH,long,1752076800000,2655.4
BNB,long,1752091200000,669.32
ADA,long,1752249600000,0.7375
ETH,long,1752681600000,3243.41
SOL,long,1753113600000,196.87
BNB,long,1753243200000,798.0
BCH,long,1753444800000,555.0
BNB,long,1753646400000,830.88
BNB,long,1755086400000,855.45
NEAR,long,1755086400000,2.896
ADA,long,1755144000000,0.982
ETH,long,1755878400000,4613.93
ICP,short,1756166400000,4.878
BCH,long,1756828800000,573.5
NEAR,long,1757404800000,2.69
BNB,long,1757520000000,895.89
SOL,long,1757520000000,222.98
ICP,short,1757937600000,4.693
BNB,long,1758052800000,955.22
BCH,long,1758168000000,644.41
NEAR,long,1758211200000,2.993
BNB,long,1758384000000,1021.62
ETH,short,1758513600000,4303.62
ICP,short,1758513600000,4.55
BCH,short,1758528000000,570.91
ETH,short,1758830400000,3910.16
BCH,long,1759320000000,587.26
BNB,long,1759420800000,1056.22
BNB,long,1759507200000,1165.61
BNB,long,1759737600000,1199.31
ETH,long,1759766400000,4671.26
ETH,short,1760112000000,4100.49
SOL,short,1760112000000,210.58
ICP,short,1760126400000,4.14
ADA,short,1760140800000,0.635
BCH,short,1760140800000,512.72
ETH,short,1760140800000,3819.58
ICP,short,1760140800000,3.013
NEAR,short,1760140800000,2.378
SOL,short,1760140800000,187.59
BCH,long,1761494400000,548.25
ICP,short,1761840000000,2.858
ICP,long,1762099200000,3.981
ADA,short,1762185600000,0.5499
ICP,long,1762272000000,5.455
ETH,short,1762286400000,3229.12
NEAR,long,1762531200000,2.518
BNB,short,1763064000000,913.5
BNB,short,1763582400000,878.6
ADA,short,1763668800000,0.4356
BCH,long,1763812800000,559.51
NEAR,short,1764547200000,1.804
BNB,short,1764561600000,829.5
BCH,long,1764748800000,583.52
ICP,short,1765756800000,3.065
ADA,short,1765814400000,0.3852
NEAR,short,1765814400000,1.533
SOL,short,1765814400000,126.79
ICP,short,1766088000000,2.775
BCH,long,1766174400000,623.83
ICP,short,1767052800000,2.888
BNB,long,1767369600000,878.5
BCH,long,1767484800000,654.22
ICP,long,1768320000000,3.671
ETH,long,1768348800000,3324.72
ICP,long,1768420800000,4.412
ADA,short,1768795200000,0.3655
ETH,short,1768924800000,3031.04
ADA,short,1769371200000,0.3343
BNB,short,1769371200000,859.3
ETH,short,1769371200000,2810.91
NEAR,short,1769371200000,1.418
SOL,short,1769371200000,117.87
BNB,short,1769745600000,845.8
BNB,short,1769889600000,771.1
ETH,short,1769889600000,2381.31
ICP,short,1769889600000,2.609
NEAR,short,1769889600000,1.172
SOL,short,1769889600000,101.63
BNB,short,1770336000000,608.5
NEAR,short,1770336000000,0.976
ICP,short,1771502400000,2.197
ADA,short,1771819200000,0.2609
NEAR,long,1772049600000,1.197
NEAR,long,1772467200000,1.306
NEAR,long,1773374400000,1.386
ADA,long,1773648000000,0.2899
ICP,short,1774209600000,2.354
ADA,short,1774612800000,0.2472
BNB,short,1774612800000,610.8
BNB,short,1775145600000,574.3
NEAR,long,1775318400000,1.264
BCH,short,1775404800000,421.08
ICP,long,1775476800000,2.365
ADA,long,1775606400000,0.2627
ICP,long,1775606400000,2.456
ADA,short,1776038400000,0.2359
BCH,long,1776441600000,458.12
ETH,long,1776441600000,2440.71
NEAR,short,1777392000000,1.332
BNB,short,1777478400000,616.7
NEAR,short,1777478400000,1.32
ADA,long,1777982400000,0.2585
ICP,long,1777996800000,2.524
ICP,long,1778025600000,2.648
NEAR,long,1778068800000,1.481
ADA,long,1778443200000,0.2869
ETH,short,1778688000000,2235.39
NEAR,long,1779292800000,1.687
NEAR,long,1779422400000,2.118
ADA,short,1779480000000,0.2442
ICP,long,1779868800000,3.018
BCH,short,1779955200000,326.21
BNB,long,1780156800000,695.1
BNB,long,1780200000000,741.2
BCH,short,1780300800000,289.28
ADA,short,1780329600000,0.2269
ETH,short,1780416000000,1914.15
SOL,short,1780416000000,76.33
ADA,short,1780632000000,0.1583
ICP,long,1781380800000,2.566
BNB,long,1781539200000,630.9
ICP,short,1781798400000,2.201
BNB,short,1782331200000,556.9
ICP,short,1782331200000,2.114
NEAR,long,1783094400000,2.033
ADA,long,1783108800000,0.181
ICP,long,1783627200000,2.33
ETH,long,1784044800000,1874.37
BCH,short,1784145600000,227.89
