coin,modul,yonetim,sinyal_t,giris_t,cikis_t,neden,E0,D0,S0,cikis,ekler,pnl,pnl_ilk,pnl_ek1,pnl_ek2,funding,ucret,ilk_risk,tepe_acik,devir_t,ek_engel,gun
BNB,4H,4H,1609660800000,1609675200000,1610323200000,STOP,40.1,5.449593150790555,34.650406849209446,37.5,0,-69.76718986804724,-69.76718986804724,0.0,0.0,-21.680095468047202,0.1430944,100.49049770057785,64.14603649921563,,0,7.5
LTC,4H,4H,1609660800000,1609675200000,1610323200000,STOP,152.36,31.47645556336184,120.88354443663818,138.29,0,-61.88644174832908,-61.88644174832908,0.0,0.0,-16.910424398329003,0.09271735,100.40989324712426,89.94676454119397,,0,7.5
XLM,4H,4H,1609891200000,1609905600000,1610323200000,STOP,0.21252,0.06251282394967167,0.15000717605032832,0.23229,1,-81.99010082779898,24.242556161732956,-106.23265698953195,0.0,-13.162433627799,0.1262672,103.77128775645497,295.607168523016,,0,4.833333333333333
BCH,4H,4H,1609660800000,1609675200000,1610337600000,STOP,390.68,75.85846673957639,314.8215332604236,462.75,1,13.053813944320027,85.71673660684074,-72.66292266252071,0.0,-14.941198895680001,0.19338716,100.13317609624083,340.976538590964,,0,7.666666666666667
ETH,4H,4H,1609588800000,1609603200000,1610366400000,STOP,770.79,111.30170790496481,659.4882920950351,1003.51,2,45.91201078923994,171.33037345867982,-35.503748227347614,-89.91461444209226,-72.06575833076002,0.34943088000000005,99.05852003541868,678.9107974771599,,0,8.833333333333334
TRX,4H,4H,1610193600000,1610208000000,1610366400000,STOP,0.03372,0.008223635318329606,0.025496364681670394,0.0274,0,-85.25822355631499,-85.25822355631499,0.0,0.0,-1.816806276315,0.08061728,108.4697498487675,30.674137554125043,,0,1.8333333333333333
BNB,4H,4H,1610899200000,1610913600000,1611259200000,STOP,45.7,8.472760730962058,37.227239269037945,38.5,0,-89.07432377228912,-89.07432377228912,0.0,0.0,-4.519557172289101,0.09876660000000001,99.38548337418494,4.827484409039998,,0,4.0
ETH,4H,4H,1611028800000,1611043200000,1611259200000,STOP,1384.81,321.553303588812,1063.256696411188,1112.16,0,-85.19350064330996,-85.19350064330996,0.0,0.0,-3.32359154331,0.0749091,96.4659910766436,13.636260020940044,,0,2.5
DOGE,4H,4H,1611835200000,1611849600000,1611892800000,STOP,0.01813,0.007616904292183032,0.010513095707816968,0.05489,2,496.1010636875511,467.5287201258049,136.98476736464227,-108.41242380289611,1.460147887551,0.21508420000000003,96.7346845107245,1147.063664587551,,0,0.5
XRP,4H,4H,1612008000000,1612022400000,1612180800000,STOP,0.383,0.08763366629005553,0.2953663337099445,0.4045,1,-54.315915430673954,22.14795601181351,-76.46387144248746,0.0,-3.888644230674,0.13827119999999998,101.83032022904453,316.3399624543741,,0,1.8333333333333333
XLM,4H,4H,1612684800000,1612699200000,1613347200000,STOP,0.41025,0.10731853524994778,0.3029314647500522,0.44164,0,12.395116335887977,12.395116335887977,0.0,0.0,-20.161887104111997,0.08859656,111.61127665994569,170.65304171375197,,0,7.5
BNB,4H,4H,1612166400000,1612180800000,1613851200000,STOP,48.8,6.194221977413427,42.60577802258657,232.8,2,5928.360491158277,2932.7904224863405,1800.9875474447972,1194.5825212271388,-413.8247216417241,1.0627872000000003,105.23983139625415,9696.184366996022,,0,19.333333333333332
ETH,4H,4H,1612281600000,1612296000000,1613980800000,STOP,1523.61,273.6762297498042,1249.9337702501957,1773.05,0,42.355976841412996,42.355976841412996,0.0,0.0,-49.81484673858701,0.12197642,101.26020500742754,140.38385185336307,,0,19.5
BCH,4H,4H,1613160000000,1613174400000,1613995200000,STOP,578.23,112.46481672793715,465.76518327206287,602.71,0,-7.7445615329439725,-7.7445615329439725,0.0,0.0,-38.684182152944,0.14997938000000002,142.83031724448017,213.00886726386196,,0,9.5
LTC,4H,4H,1612900800000,1612915200000,1613995200000,STOP,182.39,35.1253392515238,147.2646607484762,194.28,0,-2.5348241347199405,-2.5348241347199405,0.0,0.0,-45.203222934719996,0.1356012,126.45122130548567,183.64850619551999,,0,12.5
TRX,4H,4H,1612857600000,1612872000000,1613995200000,STOP,0.04533,0.009187701722984852,0.03614229827701515,0.04892,0,12.897266660069938,12.897266660069938,0.0,0.0,-34.58115783993001,0.1249755,121.82892484677915,211.52267677936192,,0,13.0
TRX,4H,4H,1616241600000,1616256000000,1616616000000,STOP,0.06708,0.010323254453715715,0.056756745546284286,0.05675,0,-181.43257436724798,-181.43257436724798,0.0,0.0,-3.8538582572480005,0.21261611000000002,177.25027897029884,0.0,,0,4.166666666666667
DOGE,1D,1D,1611878400000,1611964800000,1617148800000,STOP,0.04595,0.026533429298871595,0.019416570701128403,0.05406,0,-2.5144876517639965,-2.5144876517639965,0.0,0.0,-33.29448385176399,0.038003800000000004,100.82703133571206,135.02070872740404,,0,60.0
DOGE,4H,4H,1617264000000,1617278400000,1617292800000,STOP,0.06662,0.009368063208555363,0.057251936791444635,0.05725,0,-175.45063689999992,-175.45063689999992,0.0,0.0,0.0,0.2316369,175.18278199998528,0.0,,0,0.16666666666666666
TRX,4H,4H,1617163200000,1617177600000,1617768000000,STOP,0.07139,0.010897513420524307,0.06049248657947569,0.10843,2,614.701401356525,549.2538716540089,127.7194758575865,-62.27194615507035,-78.469510383475,0.62348826,173.16148825213125,1866.4014175250907,,0,6.833333333333333
ETH,4H,4H,1617292800000,1617307200000,1618171200000,ERKEN_CIKIS,1980.68,230.92924298266894,1749.7507570173311,2147.01,0,87.5610601494381,87.5610601494381,0.0,0.0,-35.217690790561996,0.30544906000000005,170.88763980717502,113.3531516427758,,0,10.0
BCH,4H,4H,1617624000000,1617638400000,1618704000000,STOP,621.07,95.59052148842102,525.479478511579,853.09,2,253.95847074388706,440.8078368371908,43.53853522437187,-230.38790131767558,-71.667133626113,0.8630956300000001,193.09285340661046,1974.0492280133865,,0,12.333333333333334
BNB,4H,4H,1617278400000,1617292800000,1618704000000,STOP,328.4,54.789741829929426,273.61025817007055,476.0,2,210.75839254324157,394.913119662829,30.525869975816732,-214.68059709540412,-170.9126016567584,0.6710057999999999,173.68348160087626,1239.2052123122605,,0,16.333333333333332
ETH,4H,4H,1618300800000,1618315200000,1618704000000,STOP,2238.98,239.3643650561869,1999.6156349438131,2215.21,0,-59.09542681448498,-59.09542681448498,0.0,0.0,-36.090778764485,0.42314805,227.39614680337758,245.2729540672549,,0,4.5
LTC,4H,4H,1617696000000,1617710400000,1618704000000,STOP,234.33,37.20968368291355,197.12031631708646,257.4,1,-198.74638229637833,80.849880344714,-279.5962626410923,0.0,-76.122470816378,0.5131114800000001,197.9555171931001,486.1351202955238,,0,11.5
SOL,4H,4H,1617408000000,1617422400000,1618704000000,STOP,21.14,3.6717161170811643,17.468283882918836,23.33,1,-100.28213479602175,68.31774788984995,-168.5998826858717,0.0,-56.423300896021594,0.35383390000000003,175.14085878477155,359.8729820787099,,0,14.833333333333334
XLM,4H,4H,1617321600000,1617336000000,1618704000000,STOP,0.44452,0.06536860516127885,0.3791513948387212,0.5166,1,-112.19322620380437,89.63538921149124,-201.82861541529562,0.0,-159.123917483804,0.42610872,173.22680367738894,593.5757240574248,,0,15.833333333333334
XRP,4H,4H,1617408000000,1617422400000,1618704000000,STOP,0.6258,0.10358638077113058,0.5222136192288694,1.3615,2,1687.3190367442166,1091.0707811337568,468.5231935432882,127.72506206717162,-308.517282685783,0.72698057,175.26815626475295,3665.759517781167,,0,14.833333333333334
TRX,4H,4H,1618329600000,1618344000000,1618876800000,STOP,0.1501,0.0388886470478344,0.11121135295216561,0.11837,0,-220.83758108912207,-220.83758108912207,0.0,0.0,-24.897835099121995,0.16564599000000002,239.94295228513826,130.17602017341497,,0,6.166666666666667
ADA,1D,1D,1609632000000,1609718400000,1619136000000,STOP,0.2071,0.08731257253804961,0.1197874274619504,0.9327,2,711.6436715254553,555.8573982538644,137.58548050126248,18.200792770328377,-534.2047812545449,0.26954722000000003,102.67958530474634,2222.0688150004207,,0,109.0
DOGE,4H,4H,1618128000000,1618142400000,1619136000000,STOP,0.07503,0.014922394996270266,0.06010760500372973,0.21983,2,3322.638997803648,1985.332315470317,880.5363260821904,456.7703562511404,-84.686398796352,0.9166034000000001,208.91352994778373,8907.870479384253,,0,11.5
ETH,4H,4H,1619092800000,1619107200000,1619136000000,STOP,2616.25,502.75429387165104,2113.495706128349,2113.44,0,-246.73664771,-246.73664771,0.0,0.0,-0.1279929,0.23175481,246.349603997109,0.0,,0,0.3333333333333333
DOGE,4H,4H,1620100800000,1620115200000,1620532800000,STOP,0.4688,0.12166485201883659,0.3471351479811634,0.46668,1,-240.91478113867197,-12.68306289244802,-228.23171824622395,0.0,-13.048014738672002,0.2747664,218.99673363390585,431.7889802381279,,0,4.833333333333333
SOL,4H,4H,1618761600000,1618776000000,1620676800000,STOP,30.31,9.367679023373569,20.94232097662643,40.82,1,71.17593013122726,259.62684995431357,-188.4509198230863,0.0,-51.298279068772814,0.3697908000000001,258.5479410451105,527.3850965631397,,0,22.0
BNB,4H,4H,1620028800000,1620043200000,1620849600000,STOP,649.8,100.01612287331955,549.7838771266804,583.5,0,-167.80067394403554,-167.80067394403554,0.0,0.0,-20.340881344035598,0.27379260000000005,222.0357927787694,59.2310684025055,,0,9.333333333333334
LTC,4H,4H,1620216000000,1620230400000,1620849600000,STOP,353.21,78.40813177905903,274.80186822094095,315.84,0,-122.84130492132401,-122.84130492132401,0.0,0.0,-16.520494721324,0.1900102,222.67909425252765,146.689756142252,,0,7.166666666666667
ETH,4H,4H,1619524800000,1619539200000,1620864000000,STOP,2669.91,520.6134243432334,2149.2965756567664,3587.46,1,266.3612152432489,365.403308559954,-99.04209331670506,0.0,-36.125616816751005,0.5221679400000001,218.65763822415803,848.2018659755129,,0,15.333333333333334
XLM,4H,4H,1620619200000,1620633600000,1620864000000,STOP,0.72185,0.16129523996727146,0.5605547600327285,0.56905,0,-217.31049621316006,-217.31049621316006,0.0,0.0,-3.2097702131600006,0.180726,225.81333595418005,30.37694099999994,,0,2.6666666666666665
BCH,4H,4H,1620216000000,1620230400000,1621094400000,ERKEN_CIKIS,1294.41,302.55517568121184,991.8548243187882,1233.26,0,-56.49975072633606,-56.49975072633606,0.0,0.0,-11.675730816336003,0.18451991,220.86527824728464,208.68787677823394,,0,10.0
ADA,4H,4H,1620288000000,1620302400000,1621396800000,STOP,1.668,0.31794533064235453,1.3500546693576454,1.7864,1,-143.4026633775149,72.58203213922447,-215.98469551673938,0.0,-16.340809927515007,0.38495345000000003,225.42323942542936,516.3530189803948,,0,12.666666666666666
XLM,4H,4H,1621137600000,1621152000000,1621411200000,STOP,0.78344,0.24138409611820022,0.5420559038817998,0.54647,0,-212.54268922262497,-212.54268922262497,0.0,0.0,-1.521027232625,0.11836199,214.8318455451982,0.0,,0,3.0
SOL,4H,4H,1621324800000,1621339200000,1621425600000,STOP,54.62,17.896108871515345,36.72389112848465,37.6,0,-201.45591171958196,-201.45591171958196,0.0,0.0,-0.511092119582,0.10881960000000002,211.1740846838811,15.260231149810064,,0,1.0
BCH,4H,4H,1627675200000,1627689600000,1628553600000,ERKEN_CIKIS,553.62,74.26132777959373,479.3586722204063,591.72,0,100.61683182000006,100.61683182000006,0.0,0.0,-4.6029089999999995,0.31725918000000003,205.70387794947462,119.25477127999994,,0,10.0
BNB,4H,4H,1627776000000,1627790400000,1628654400000,ERKEN_CIKIS,347.4,42.560328734777556,304.8396712652224,379.1,0,152.84702771609423,152.84702771609423,0.0,0.0,-0.8618932839060001,0.35307900000000003,206.84319765101893,153.46867031609412,,0,10.0
LTC,4H,4H,1627776000000,1627790400000,1628654400000,ERKEN_CIKIS,149.82,18.106852677354112,131.71314732264588,165.91,0,178.08586942944004,178.08586942944004,0.0,0.0,-5.30136691056,0.36056365999999995,206.78025757538396,201.27408542000012,,0,10.0
XLM,4H,4H,1627776000000,1627790400000,1628654400000,ERKEN_CIKIS,0.30041,0.04774385852770502,0.252666141472295,0.32249,0,87.38924942458696,87.38924942458696,0.0,0.0,-7.947434875412998,0.2697157,206.73090742496274,87.39898759458707,,0,10.0
XRP,4H,4H,1627776000000,1627790400000,1628654400000,ERKEN_CIKIS,0.7761,0.12045889011453281,0.6556411098854672,0.8765,0,167.00047263822088,167.00047263822088,0.0,0.0,-5.1025759417789995,0.28375142,206.82791432665283,167.666067688221,,0,10.0
NEAR,4H,4H,1627790400000,1627804800000,1628668800000,ERKEN_CIKIS,2.53,0.502258226086064,2.027741773913936,2.909,0,151.173562898391,151.173562898391,0.0,0.0,-3.614982001609,0.22245510000000002,205.42361446920017,151.70154099839112,,0,10.0
TRX,4H,4H,1628078400000,1628092800000,1629244800000,STOP,0.06742,0.007674479322773459,0.059745520677226535,0.0819,1,312.3693836209991,368.4326521330502,-56.06326851205114,0.0,-25.326854219001003,0.7561621600000001,202.8364885009025,1002.7004804145189,,0,13.333333333333334
XLM,4H,4H,1628654400000,1628668800000,1629244800000,STOP,0.32693,0.046694016412704764,0.28023598358729523,0.32467,0,-24.409060976929922,-24.409060976929922,0.0,0.0,-13.015776976929999,0.319284,228.80068042225335,352.63043165889013,,0,6.666666666666667
LTC,4H,4H,1628654400000,1628668800000,1629532800000,ERKEN_CIKIS,173.17,26.753242808643847,146.41675719135614,182.94,0,76.68596202259208,76.68596202259208,0.0,0.0,-6.640407817408001,0.30483016,229.00775844199134,119.83154207800007,,0,10.0
DOGE,4H,4H,1628337600000,1628352000000,1629806400000,STOP,0.23866,0.03546130271214673,0.20319869728785328,0.29279,1,172.94028182023993,292.3128386937701,-119.3725568735302,0.0,-50.36565637976,0.5280618000000001,212.7678162728804,729.6079081702401,,0,16.833333333333332
BCH,4H,4H,1628654400000,1628668800000,1629950400000,STOP,612.45,78.94594694346836,533.5040530565317,624.24,0,14.750585163299888,14.750585163299888,0.0,0.0,-19.081774736700005,0.3586401,228.94324613605824,261.50290281733976,,0,14.833333333333334
XRP,4H,4H,1628654400000,1628668800000,1629979200000,STOP,0.8971,0.1298568666330746,0.7672431333669254,1.0737,1,150.2505637485783,281.3066513246702,-131.05608757609193,0.0,-47.900710681421984,0.58762557,229.0675127407436,844.2496241099757,,0,15.166666666666666
NEAR,4H,4H,1628668800000,1628683200000,1630022400000,STOP,2.956,0.5182511003229817,2.4377488996770182,4.719,2,694.1388202621113,751.5869510239652,89.31466276474548,-146.76279352659938,-48.131501337889,0.7656784,228.03048414211196,2034.3483383642508,,0,15.5
ADA,4H,4H,1628294400000,1628308800000,1630987200000,STOP,1.4499,0.163569152173501,1.286330847826499,2.6973,2,2445.6685648532925,1501.270465945215,657.0057792257967,287.39231968228114,-234.97105395670698,1.2228811899999998,211.33134460816328,3510.072446509341,,0,31.0
BNB,4H,4H,1628654400000,1628668800000,1631001600000,STOP,388.8,45.764870347621184,343.0351296523788,457.9,1,108.77529785540571,290.476194253593,-181.7008963981873,0.0,-104.94207594459398,0.8586262,228.82435173810592,616.93237182548,,0,27.0
XLM,4H,4H,1630944000000,1630958400000,1631001600000,STOP,0.43006,0.06002602624488068,0.3700339737551193,0.37002,0,-355.85156708177993,-355.85156708177993,0.0,0.0,-2.3459200417800004,0.47044704000000004,352.9530343198984,0.0,,0,0.5
BCH,4H,4H,1630684800000,1630699200000,1631016000000,STOP,722.29,77.9523552409081,644.3376447590919,692.36,0,-157.1146751721478,-157.1146751721478,0.0,0.0,-25.401658472148,0.6196167,341.43131595517747,263.73595972617596,,0,3.6666666666666665
ETH,4H,4H,1627675200000,1627689600000,1631016000000,STOP,2465.43,335.14697190575816,2130.2830280942417,3607.06,2,616.2144917510989,655.088269501126,166.9477099065682,-205.8214876565953,-117.43822141890101,1.1889868300000002,204.43965286251247,1309.2188403764994,,0,38.5
LTC,4H,4H,1630656000000,1630670400000,1631016000000,STOP,195.67,26.198933844611076,169.4710661553889,197.17,0,0.07835299803099716,0.07835299803099716,0.0,0.0,-18.750276241969,0.50637076,337.7042572570368,463.61330014127805,,0,4.0
SOL,4H,4H,1628251200000,1628265600000,1631016000000,STOP,39.76,7.0743611932567845,32.68563880674321,148.09,2,6278.155768347086,3094.3911282814274,2069.948377232973,1113.8162628326854,-184.72078605291497,1.3794456000000004,207.2787829624238,9003.321468267086,,0,31.833333333333332
TRX,4H,4H,1630555200000,1630569600000,1631016000000,STOP,0.09819,0.011908111046922965,0.08628188895307703,0.09364,0,-150.05084157362197,-150.05084157362197,0.0,0.0,-28.419190113621998,0.5106514600000001,316.9939160690893,169.90216433753216,,0,5.166666666666667
XRP,4H,4H,1630915200000,1630929600000,1631016000000,STOP,1.36,0.17550276563071532,1.1844972343692848,1.2086,0,-297.55162517872037,-297.55162517872037,0.0,0.0,-3.94394421872,0.49728096000000005,339.77335426106487,60.760952727551995,,0,1.0
NEAR,1D,1D,1630972800000,1631059200000,1631923200000,ERKEN_CIKIS,8.693,3.731624217090374,4.961375782909625,8.326,0,-33.31411283377693,-33.31411283377693,0.0,0.0,-2.711855133777,0.1412577,309.72481001850105,230.37929959450605,,0,10.0
SOL,1D,1D,1630972800000,1631059200000,1631923200000,ERKEN_CIKIS,173.93,72.91658136380761,101.0134186361924,147.63,0,-115.78370510019604,-115.78370510019604,0.0,0.0,-5.188649900196,0.13505520000000001,306.24964172799196,156.66180515781596,,0,10.0
TRX,4H,4H,1631433600000,1631448000000,1632096000000,STOP,0.11564,0.0209948428279757,0.0946451571720243,0.10188,0,-209.4469150669281,-209.4469150669281,0.0,0.0,-3.8231752269280004,0.32453984,313.2430549933975,74.84631427999987,,0,7.5
XRP,4H,4H,1633838400000,1633852800000,1634500800000,STOP,1.2183,0.16483219558128237,1.0534678044187176,1.0764,0,-282.22920368384484,-282.22920368384484,0.0,0.0,-15.452188493845004,0.43071519,309.390031106067,0.0,,0,7.5
BNB,4H,4H,1634083200000,1634097600000,1634961600000,ERKEN_CIKIS,462.4,59.73930988811878,402.6606901118812,482.3,0,119.12481710332618,119.12481710332618,0.0,0.0,17.324392903326,0.4855758,307.06005282493055,229.69731614022413,,0,10.0
XLM,4H,4H,1634356800000,1634371200000,1635091200000,STOP,0.38413,0.0625512084472512,0.3215787915527488,0.3724,0,-74.92684805902408,-74.92684805902408,0.0,0.0,-16.606922239024,0.37372582,309.00296972942095,162.53615846779988,,0,8.333333333333334
DOGE,4H,4H,1635105600000,1635120000000,1635321600000,STOP,0.27647,0.050272195111942364,0.22619780488805763,0.23049,0,-289.50898764213997,-289.50898764213997,0.0,0.0,-8.72174204214,0.3092456,306.6603901828484,0.0,,0,2.3333333333333335
LTC,4H,4H,1634731200000,1634745600000,1635321600000,STOP,204.71,24.921751918678154,179.78824808132185,188.87,0,-217.10304119836803,-217.10304119836803,0.0,0.0,-18.928653358368,0.49118784000000004,311.0234639451034,51.170991709343944,,0,6.666666666666667
NEAR,4H,4H,1635120000000,1635134400000,1635321600000,STOP,10.368,1.726024744635879,8.641975255364121,10.539,0,18.009453493906886,18.009453493906886,0.0,0.0,-12.225311206093,0.37423530000000005,308.95842928982233,484.4539069498388,,0,2.1666666666666665
SOL,4H,4H,1634774400000,1634788800000,1635321600000,STOP,184.72,25.698297806144183,159.02170219385582,181.99,0,-53.69733355451287,-53.69733355451287,0.0,0.0,-20.220614454512997,0.44371910000000003,310.94940345434463,397.117063778985,,0,6.166666666666667
DOGE,4H,4H,1635393600000,1635408000000,1635940800000,STOP,0.32904,0.0836082814646063,0.2454317185353937,0.26738,0,-230.68776985667995,-230.68776985667995,0.0,0.0,-8.49705865668,0.21471120000000002,300.9898132725827,0.0,,0,6.166666666666667
BCH,4H,4H,1636416000000,1636430400000,1636574400000,STOP,670.33,61.73919241085525,608.5908075891448,646.69,0,-129.2032288567299,-129.2032288567299,0.0,0.0,-6.06581249673,0.6822163600000001,319.8090166882302,244.87629714625004,,0,1.6666666666666667
BNB,4H,4H,1635508800000,1635523200000,1636574400000,STOP,519.1,57.270700673627175,461.82929932637285,598.6,1,252.46664672956194,421.9068822504166,-169.44023552085463,0.0,0.6384810295619987,1.1168343000000003,304.10742057696035,872.0895966789058,,0,12.166666666666666
TRX,4H,4H,1635854400000,1635868800000,1636574400000,STOP,0.10924,0.013326878462607578,0.09591312153739243,0.104,0,-147.11094685890018,-147.11094685890018,0.0,0.0,-26.100494858900003,0.49045200000000005,306.5182046399743,146.45343742709989,,0,8.166666666666666
XRP,4H,4H,1636329600000,1636344000000,1636574400000,STOP,1.2631,0.1620514826654358,1.101048517334564,1.1441,0,-241.95647008854,-241.95647008854,0.0,0.0,-11.82188048854,0.4645896,312.7593615442911,105.31567713866013,,0,2.6666666666666665
SOL,1D,1D,1635811200000,1635897600000,1636761600000,ERKEN_CIKIS,221.38,84.5403993353716,136.8396006646284,228.53,0,19.43817649758002,19.43817649758002,0.0,0.0,-6.13985590242,0.1619676,304.3454376073378,131.13215487216007,,0,10.0
ETH,4H,4H,1634198400000,1634212800000,1637020800000,STOP,3746.58,433.4389521703665,3313.1410478296334,4445.21,1,284.44560137708004,440.1351745403234,-155.68957316324338,0.0,-102.83080429291999,1.1346943299999999,307.7416560409602,835.0982574383238,,0,32.5
LTC,4H,4H,1636372800000,1636387200000,1637020800000,STOP,219.67,23.13102301844745,196.53897698155254,240.7,1,30.87244069082601,269.71498991216635,-238.84254922134033,0.0,-24.678502449174005,1.05245686,314.11929259051635,1080.9645390021665,,0,7.333333333333333
TRX,4H,4H,1636934400000,1636948800000,1637035200000,STOP,0.11913,0.01394238798014756,0.10518761201985244,0.11183,0,-166.05064425383202,-166.05064425383202,0.0,0.0,-2.3062176938320005,0.51642656,311.75179523609944,195.3412754800001,,0,1.0
ICP,4H,4H,1641297600000,1641312000000,1641456000000,STOP,34.215,6.8956111223485195,27.319388877651484,28.714,0,-238.24549085400022,-238.24549085400022,0.0,0.0,0.0,0.272230854,298.30413715279695,99.9988859099999,,0,1.6666666666666667
DOGE,4H,4H,1649059200000,1649073600000,1649289600000,STOP,0.15532,0.022839435098996386,0.13248056490100363,0.14035,0,-194.90052720000014,-194.90052720000014,0.0,0.0,-1.4061129,0.3814143000000001,294.62871277705335,222.70749629999992,,0,2.5
NEAR,1D,1D,1648944000000,1649030400000,1649894400000,ERKEN_CIKIS,16.83,6.401316149062216,10.428683850937782,16.829,0,-1.1824736144398926,-1.1824736144398926,0.0,0.0,-0.9816422144399998,0.1548314,294.46054285686193,102.53300037308011,,0,10.0
SOL,1D,1D,1648944000000,1649030400000,1649894400000,ERKEN_CIKIS,137.09,44.544972138897236,92.54502786110277,104.89,0,-213.75302607912002,-213.75302607912002,0.0,0.0,-1.0733192791200004,0.15970680000000004,293.9968161167218,0.0,,0,10.0
BNB,4H,4H,1673568000000,1673582400000,1674057600000,STOP,289.5,21.619148782573063,267.88085121742694,285.1,0,-61.569423316873696,-61.569423316873696,0.0,0.0,-1.438287916874,0.7751354000000001,291.6423170769106,290.68985131317186,,0,5.5
LTC,1D,1D,1673481600000,1673568000000,1674432000000,ERKEN_CIKIS,86.21,21.166775620643293,65.0432243793567,87.59,0,14.975547927392135,14.975547927392135,0.0,0.0,-3.8013556726079996,0.23949640000000003,291.67816805246457,53.08845709476418,,0,10.0
NEAR,1D,1D,1673568000000,1673654400000,1674518400000,ERKEN_CIKIS,1.959,0.6166682486969028,1.3423317513030972,2.543,0,271.97050875462,271.97050875462,0.0,0.0,-4.63209644538,0.21339480000000002,292.30074988233196,333.48219975462007,,0,10.0
TRX,1D,1D,1673568000000,1673654400000,1674518400000,ERKEN_CIKIS,0.06017,0.010008972409598471,0.05016102759040153,0.06273,0,71.9388377340748,71.9388377340748,0.0,0.0,-2.581679765925,0.35948250000000004,292.7624429807553,137.59150274999976,,0,10.0
ADA,4H,4H,1673654400000,1673668800000,1674532800000,ERKEN_CIKIS,0.3587,0.0461888261189794,0.3125111738810206,0.3788,0,122.60769389201603,122.60769389201603,0.0,0.0,-7.602983607984,0.4795225000000001,300.319747425604,147.238245192016,,0,10.0
XLM,4H,4H,1673654400000,1673668800000,1674532800000,ERKEN_CIKIS,0.08759,0.008365200950381665,0.07922479904961834,0.0951,0,259.47152210000013,259.47152210000013,0.0,0.0,-9.481620799999998,0.6558571000000001,300.3107141187018,260.1719311,,0,10.0
XRP,4H,4H,1673654400000,1673668800000,1674532800000,ERKEN_CIKIS,0.4021,0.042970485837474204,0.3591295141625258,0.4246,0,148.88747181829473,148.88747181829473,0.0,0.0,-7.787247551705001,0.5777806300000001,300.3207255181072,164.15696912829506,,0,10.0
BCH,4H,4H,1674316800000,1674331200000,1675195200000,ERKEN_CIKIS,132.55,15.15307100559697,117.39692899440304,134.65,0,39.68065137577988,39.68065137577988,0.0,0.0,-2.5727950242199995,0.5445536,308.81958709406626,103.26478053079961,,0,10.0
BNB,4H,4H,1674518400000,1674532800000,1675396800000,ERKEN_CIKIS,322.9,31.07937873119141,291.82062126880857,321.4,0,-20.020741501556,-20.020741501556,0.0,0.0,-4.266931401556,0.6488101000000001,312.9693438230975,69.3453126473131,,0,10.0
ICP,4H,4H,1673640000000,1673654400000,1675598400000,STOP,4.614,0.5861537682425313,4.027846231757469,5.523,1,322.6377764472294,433.97266033756955,-111.33488389034015,0.0,-30.763051803770296,0.828981749,292.83069953860377,895.9081777135514,,0,22.5
BCH,4H,4H,1675339200000,1675353600000,1675713600000,STOP,143.26,15.060176184352827,128.19982381564716,131.35,0,-249.04565805950395,-249.04565805950395,0.0,0.0,0.9247752804959999,0.5750333400000001,315.3600893003482,0.0,,0,4.166666666666667
ADA,1D,1D,1674777600000,1674864000000,1675728000000,ERKEN_CIKIS,0.3906,0.1033163824881348,0.2872836175118652,0.3819,0,-30.120356932668958,-30.120356932668958,0.0,0.0,-3.674502682669,0.23275425,311.29226043675015,46.52975900000001,,0,10.0
LTC,4H,4H,1674950400000,1674964800000,1675828800000,ERKEN_CIKIS,94.85,9.7990424217421,85.0509575782579,101.52,0,202.10466942138004,202.10466942138004,0.0,0.0,-9.376873978620003,0.6244566,311.6095490113988,202.42750302138003,,0,10.0
DOGE,4H,4H,1675137600000,1675152000000,1675900800000,STOP,0.09532,0.01469145731204656,0.08062854268795344,0.08704,0,-179.84013800279993,-179.84013800279993,0.0,0.0,-6.407005602800001,0.38113240000000004,307.0514578217731,42.52384449719983,,0,8.666666666666666
TRX,4H,4H,1675814400000,1675828800000,1675972800000,STOP,0.0662,0.004704227326725541,0.061495772673274454,0.0618,0,-290.5298278499996,-290.5298278499996,0.0,0.0,-2.1533478500000003,0.8364800000000001,307.42125580151406,47.71621740000005,,0,1.6666666666666667
ICP,4H,4H,1676592000000,1676606400000,1677067200000,STOP,6.684,1.0290250150210847,5.6549749849789155,6.475,0,-67.96343755123395,-67.96343755123395,0.0,0.0,-6.3135377842338,0.38572976699999995,301.63810265313055,370.25625878968236,,0,5.333333333333333
BCH,4H,4H,1676865600000,1676880000000,1677240000000,STOP,146.74,17.223147063385966,129.51685293661404,135.0,0,-207.40745605603115,-207.40745605603115,0.0,0.0,1.0069054839690001,0.49896154000000004,305.0219344925655,98.90684939181176,,0,4.166666666666667
TRX,4H,4H,1676851200000,1676865600000,1677254400000,STOP,0.07225,0.006211590173504852,0.06603840982649514,0.06735,0,-245.75525816213406,-245.75525816213406,0.0,0.0,-4.430682562134,0.6855756,305.0511934208233,0.2743775700003007,,0,4.5
XLM,4H,4H,1676952000000,1676966400000,1677254400000,STOP,0.09711,0.009325189127680933,0.08778481087231907,0.08791,0,-304.95008574999997,-304.95008574999997,0.0,0.0,-3.04414525,0.6059405,305.3999439315505,0.0,,0,3.3333333333333335
ADA,1D,1D,1676419200000,1676505600000,1677369600000,ERKEN_CIKIS,0.42,0.11372330987221507,0.3062766901277849,0.3616,0,-158.67374956302004,-158.67374956302004,0.0,0.0,-2.7709750030199998,0.20837456,303.1863441193254,0.0,,0,10.0
LTC,1D,1D,1676419200000,1676505600000,1677369600000,ERKEN_CIKIS,102.99,25.80329725151877,77.18670274848122,93.08,0,-120.09001724999997,-120.09001724999997,0.0,0.0,-3.417135,0.23038225,303.18874270534553,6.335811500000087,,0,10.0
SOL,1D,1D,1673568000000,1673654400000,1678305600000,STOP,18.32,7.165996532179857,11.154003467820143,18.21,0,-14.617506462575975,-14.617506462575975,0.0,0.0,-9.980464062575997,0.14904240000000002,292.3726585129382,328.59676271186396,,0,53.833333333333336
ETH,1D,1D,1673481600000,1673568000000,1678435200000,STOP,1418.1,233.60039097729464,1184.4996090227053,1372.69,0,-86.87268376559983,-86.87268376559983,0.0,0.0,-30.218225805600003,0.34605796,289.66448481184534,359.1545233729442,,0,56.333333333333336
XRP,4H,4H,1679400000000,1679414400000,1679500800000,STOP,0.4295,0.05430328624655523,0.37519671375344477,0.41,0,-104.6112754400001,-104.6112754400001,0.0,0.0,-0.9534280900000001,0.44434735000000003,287.42729410301683,236.1428018100001,,0,1.0
ETH,4H,4H,1678795200000,1678809600000,1679673600000,ERKEN_CIKIS,1773.1,208.7433861221141,1564.3566138778858,1765.82,0,-17.171171856860965,-17.171171856860965,0.0,0.0,-6.712739816861,0.48483204,285.97843898729633,81.93890117313921,,0,10.0
BNB,4H,4H,1678982400000,1678996800000,1679860800000,ERKEN_CIKIS,329.8,40.368510510032195,289.4314894899678,327.6,0,39.063824667900086,39.063824667900086,0.0,0.0,55.03729166790001,0.463467,284.59799909572695,111.40192676417978,,0,10.0
XRP,4H,4H,1679990400000,1680004800000,1680552000000,STOP,0.4977,0.08363928841908769,0.4140607115809123,0.4953,0,-9.923134254438855,-9.923134254438855,0.0,0.0,-1.403020554439,0.33851370000000003,285.12633422066995,246.77566544464423,,0,6.333333333333333
DOGE,4H,4H,1680364800000,1680379200000,1680912000000,STOP,0.08209,0.009038970277622307,0.07305102972237769,0.08187,0,-11.707000076369937,-11.707000076369937,0.0,0.0,-4.213246876370001,0.5197532,286.53535780062714,570.1800267565903,,0,6.166666666666667
XLM,4H,4H,1680048000000,1680062400000,1680926400000,ERKEN_CIKIS,0.10271,0.012507260743106444,0.09020273925689355,0.10598,0,70.17744036027021,70.17744036027021,0.0,0.0,-4.227659539730001,0.4779001,286.41627101713755,213.62710710944012,,0,10.0
ADA,4H,4H,1680076800000,1680091200000,1680955200000,ERKEN_CIKIS,0.3894,0.0452272796065738,0.3441727203934262,0.3883,0,-12.943075100736289,-12.943075100736289,0.0,0.0,-5.430080270736,0.49609483,288.5048166103343,106.1357881080288,,0,10.0
ADA,4H,4H,1681185600000,1681200000000,1681891200000,STOP,0.4123,0.0325201666543638,0.3797798333456362,0.4129,0,-4.406888936936092,-4.406888936936092,0.0,0.0,-8.966922696935999,0.7271662400000001,286.5677085582538,381.84175250306396,,0,8.0
BNB,4H,4H,1681646400000,1681660800000,1681891200000,STOP,346.9,21.520927682643332,325.37907231735664,327.1,0,-279.61195640683144,-279.61195640683144,0.0,0.0,-7.229902406832001,0.924054,295.0519185290401,25.582582542504348,,0,2.6666666666666665
ETH,4H,4H,1680595200000,1680609600000,1681891200000,STOP,1867.14,149.35354134802606,1717.786458651974,1965.58,0,180.07941925720465,180.07941925720465,0.0,0.0,-11.131200342795003,0.7473804000000001,291.2394056286508,480.7198970572051,,0,14.833333333333334
LTC,4H,4H,1681185600000,1681200000000,1681891200000,STOP,96.5,7.593248447187051,88.90675155281295,93.68,0,-115.98738678283775,-115.98738678283775,0.0,0.0,-8.842847462838002,0.7177393200000002,286.56919639683935,241.4055824971622,,0,8.0
SOL,4H,4H,1681387200000,1681401600000,1681891200000,STOP,24.66,3.1649773038734033,21.495022696126597,22.67,0,-185.75301475106988,-185.75301475106988,0.0,0.0,-5.03020495107,0.42880980000000013,286.74694373093035,102.95866853700007,,0,5.666666666666667
NEAR,4H,4H,1681329600000,1681344000000,1681934400000,STOP,2.229,0.26343315463445727,1.9655668453655428,2.092,0,-153.03204274974001,-153.03204274974001,0.0,0.0,-4.88023894974,0.46580380000000005,283.9809406959449,166.2018106502599,,0,6.833333333333333
ICP,4H,4H,1681588800000,1681603200000,1682006400000,STOP,5.872,0.6715157892682049,5.200484210731795,5.913,0,13.405003115775159,13.405003115775159,0.0,0.0,-4.015310274225001,0.5155466100000001,293.76129717326893,497.74002325777525,,0,4.666666666666667
TRX,4H,4H,1682798400000,1682812800000,1683504000000,STOP,0.06809,0.0032696081747242978,0.0648203918252757,0.06778,0,-14.515312713550214,-14.515312713550214,0.0,0.0,13.206385576449,1.1639982900000003,280.1073323286306,262.27245576758185,,0,8.0
TRX,4H,4H,1684584000000,1684598400000,1685505600000,STOP,0.07277,0.0031083365868960766,0.06966166341310392,0.07537,1,101.13528568109871,280.4551366009122,-179.31985091981352,0.0,75.231606941098,2.1413212600000002,279.93679301586064,592.6281565218655,,0,10.5
LTC,4H,4H,1685779200000,1685793600000,1685966400000,STOP,96.84,8.443088097400349,88.39691190259965,89.22,0,-258.1927815500001,-258.1927815500001,0.0,0.0,-1.9175502500000001,0.6242312999999999,283.2656056677817,0.0,,0,2.0
XRP,4H,4H,1685404800000,1685419200000,1685980800000,STOP,0.4978,0.037103409481444916,0.4606965905185551,0.4954,0,-26.6218014032111,-26.6218014032111,0.0,0.0,-7.634467363211001,0.75453404,281.874601830537,299.36189800678903,,0,6.5
TRX,1D,1D,1685664000000,1685750400000,1686355200000,STOP,0.08269,0.011998767380281314,0.07069123261971869,0.07068,0,-282.17301451131283,-282.17301451131283,0.0,0.0,1.2641785786870003,0.3614930900000001,282.8109471532306,46.135548127774875,,0,7.0
XRP,4H,4H,1686643200000,1686657600000,1686715200000,STOP,0.5622,0.06521087840659406,0.49698912159340597,0.4969,0,-275.7449869155451,-275.7449869155451,0.0,0.0,0.333359194455,0.44704611000000005,275.25511775423354,0.0,,0,0.6666666666666666
XLM,4H,4H,1687824000000,1687838400000,1688544000000,STOP,0.09404,0.007907664010235668,0.08613233598976433,0.10162,1,16.529359480432163,276.9907500081066,-260.46139052767444,0.0,-6.575722119568,1.1861184000000002,294.0860245406645,724.286399919024,,0,8.166666666666666
ETH,4H,4H,1688356800000,1688371200000,1688673600000,STOP,1971.12,144.09490918098868,1827.0250908190112,1855.35,0,-267.7469759014139,-267.7469759014139,0.0,0.0,-4.080467211414001,0.86860869,327.0954438408443,0.0,,0,3.5
LTC,4H,4H,1688112000000,1688126400000,1688673600000,STOP,100.93,13.939614412575878,86.99038558742413,95.81,0,-126.5726435071501,-126.5726435071501,0.0,0.0,-4.7623697071499995,0.46627380000000007,330.3688615780483,298.73582189999973,,0,6.333333333333333
TRX,4H,4H,1688731200000,1688745600000,1688976000000,STOP,0.07944,0.004324570350441537,0.07511542964955846,0.07625,0,-230.45782604130986,-230.45782604130986,0.0,0.0,1.5292024886900002,1.12672853,312.96915626145403,44.17279364901668,,0,2.6666666666666665
BCH,4H,4H,1687320000000,1687334400000,1689350400000,STOP,132.44,15.061492141017865,117.37850785898213,262.91,2,3777.5413806375127,2489.6550291183357,971.3253302809455,316.5610212382318,238.17346940751207,1.3863887700000002,272.4623928310132,5068.606068522393,,0,23.333333333333332
BNB,4H,4H,1689292800000,1689307200000,1689350400000,STOP,260.3,18.944695608211447,241.35530439178856,241.3,0,-325.85116801733193,-325.85116801733193,0.0,0.0,4.097603182668,0.8687712000000001,328.12212793422225,0.0,,0,0.5
XLM,4H,4H,1689264000000,1689278400000,1689350400000,STOP,0.16165,0.03401400984722333,0.12763599015277666,0.12763,0,-329.3501348956139,-329.3501348956139,0.0,0.0,-0.43749041561400004,0.27944448,328.5753351241774,0.0,,0,0.8333333333333334
ADA,4H,4H,1689249600000,1689264000000,1689523200000,STOP,0.3118,0.02802402810419763,0.2837759718958024,0.3152,0,35.938972110095534,35.938972110095534,0.0,0.0,-1.582291789904,0.7049361000000001,315.07414797549393,556.9110992899997,,0,3.0
ETH,4H,4H,1689264000000,1689278400000,1689580800000,STOP,1998.63,119.71415408926418,1878.915845910736,1903.62,0,-264.95785665087266,-264.95785665087266,0.0,0.0,-3.5612401508720004,1.0692165,328.0167822045839,27.8948193399998,,0,3.5
SOL,4H,4H,1688659200000,1688673600000,1690056000000,STOP,20.92,3.1166158256708947,17.803384174329107,25.15,1,226.95291796907256,417.6672817167323,-190.71436374765975,0.0,-10.723795930927,0.7522861000000001,313.2198904799249,818.6209742610287,,0,16.0
TRX,4H,4H,1689264000000,1689278400000,1690056000000,STOP,0.08153,0.004310941675470234,0.07721905832452977,0.0836,1,-160.8877578445812,154.16085181893482,-315.048609663516,0.0,-3.7602529445800004,1.9985049000000001,328.70930275460535,697.3465217119999,,0,9.0
XRP,4H,4H,1689249600000,1689264000000,1690171200000,STOP,0.5929,0.06856403214235318,0.5243359678576468,0.7203,1,360.0529297999045,574.5280802285905,-214.47515042868596,0.0,-14.824943850095998,0.9178263500000001,315.05172769411286,1120.858590915816,,0,10.5
DOGE,4H,4H,1689336000000,1689350400000,1690214400000,ERKEN_CIKIS,0.07279,0.007024855818354589,0.0657651441816454,0.07418,0,54.28205829760011,54.28205829760011,0.0,0.0,-8.981879702400002,0.6760619999999999,323.14336764431107,170.36301924360004,,0,10.0
DOGE,4H,4H,1690300800000,1690315200000,1690992000000,STOP,0.08192,0.013044659252761506,0.0688753407472385,0.0738,0,-190.37415992400003,-190.37415992400003,0.0,0.0,-3.256003924000001,0.35815600000000003,300.0271628135146,0.0,,0,7.833333333333333
DOGE,4H,4H,1698278400000,1698292800000,1698753600000,STOP,0.07158,0.009536289075001744,0.06204371092499826,0.06658,0,-160.86317245440014,-160.86317245440014,0.0,0.0,-4.4321132544,0.43105920000000003,297.5322191400544,74.43371519999998,,0,5.333333333333333
ICP,1D,1D,1698105600000,1698192000000,1699056000000,ERKEN_CIKIS,3.608,0.7719527362190557,2.8360472637809444,3.945,0,124.9501843770013,124.9501843770013,0.0,0.0,-4.981492596998599,0.291863026,298.2979763297675,195.3700105159999,,0,10.0
XRP,1D,1D,1698105600000,1698192000000,1699056000000,ERKEN_CIKIS,0.5594,0.11220435202126244,0.44719564797873756,0.6123,0,135.30939569709585,135.30939569709585,0.0,0.0,-4.987366442903999,0.31143785999999996,298.2391676725156,149.84167448135986,,0,10.0
NEAR,4H,4H,1698292800000,1698307200000,1699372800000,STOP,1.181,0.15000106452269923,1.0309989354773008,1.413,1,288.57651769031014,447.47393032404347,-158.89741263373332,0.0,-22.80235030969,0.9211320000000001,298.35211733564876,1152.3102762712103,,0,12.333333333333334
TRX,1D,1D,1698537600000,1698624000000,1699488000000,ERKEN_CIKIS,0.09498,0.009873083301658592,0.0851069166983414,0.09834,0,92.83262036146807,92.83262036146807,0.0,0.0,-8.857313558532,0.58846608,300.5366557024875,176.0508054000003,,0,10.0
DOGE,4H,4H,1699286400000,1699300800000,1699545600000,STOP,0.07618,0.008442102081116051,0.06773789791888395,0.06801,0,-319.3923432281999,-319.3923432281999,0.0,0.0,-3.4737698282,0.5565734,325.8651403310796,9.35594520000001,,0,2.8333333333333335
LTC,4H,4H,1699272000000,1699286400000,1699545600000,STOP,73.84,6.952447612142109,66.8875523878579,67.94,0,-279.14188938000035,-279.14188938000035,0.0,0.0,-3.5411945800000004,0.6606948000000001,323.9840587258223,40.85071101999971,,0,3.0
XLM,4H,4H,1698739200000,1698753600000,1699545600000,STOP,0.12288,0.011902115390104745,0.11097788460989526,0.11872,0,-117.81658905339593,-117.81658905339593,0.0,0.0,-10.451043453396,0.6199456000000001,305.40828091008774,233.52450287430963,,0,9.166666666666666
XRP,4H,4H,1699171200000,1699185600000,1699545600000,STOP,0.6473,0.0652427471039061,0.5820572528960939,0.6363,0,-61.303316637816046,-61.303316637816046,0.0,0.0,-6.707582477816,0.6297341599999999,320.0809172917633,343.85773634385805,,0,4.166666666666667
BNB,4H,4H,1699142400000,1699156800000,1699977600000,STOP,243.5,17.63499864711372,225.86500135288628,235.9,0,-158.7875944215329,-158.7875944215329,0.0,0.0,-21.660030221533003,0.8595642000000001,316.19552574274894,207.75263415765116,,0,9.5
ETH,4H,4H,1699142400000,1699156800000,1699977600000,STOP,1892.84,133.82395860720158,1759.0160413927983,1956.28,0,125.26937745966814,125.26937745966814,0.0,0.0,-23.540630220331998,0.9083923199999999,315.8245423129957,532.4022700696441,,0,9.5
TRX,4H,4H,1699603200000,1699617600000,1699977600000,STOP,0.10778,0.009046008244920523,0.09873399175507948,0.10267,0,-182.90764977784013,-182.90764977784013,0.0,0.0,-2.14093442784,0.74141535,318.69087046855003,86.34851129216021,,0,4.166666666666667
ICP,1D,1D,1699228800000,1699315200000,1700179200000,ERKEN_CIKIS,4.27,1.0904040897282927,3.179595910271707,4.402,0,32.222576020833365,32.222576020833365,0.0,0.0,-7.021537035166801,0.259526944,326.3252319329861,141.00358963376283,,0,10.0
DOGE,4H,4H,1699675200000,1699689600000,1700553600000,ERKEN_CIKIS,0.07871,0.011991527186470119,0.06671847281352988,0.0763,0,-75.06891585773988,-75.06891585773988,0.0,0.0,-10.550589257739999,0.41232660000000004,318.9746231601052,197.53060095453992,,0,10.0
SOL,4H,4H,1698235200000,1698249600000,1700568000000,STOP,33.44,6.3184522235166725,27.121547776483325,53.04,2,924.7248234534279,904.9045366841516,221.66948417006455,-201.8491974007881,-47.084249146572,1.0929274,298.23094494998696,2382.3588832524883,,0,26.833333333333332
NEAR,4H,4H,1699776000000,1699790400000,1701000000000,STOP,1.761,0.3572317046858944,1.4037682953141055,1.838,0,61.69286878188016,61.69286878188016,0.0,0.0,-8.509462818120005,0.32966840000000003,327.22424149227925,338.8207911818801,,0,14.0
ADA,4H,4H,1698292800000,1698307200000,1702252800000,STOP,0.2959,0.03328220153277045,0.26261779846722955,0.5297,2,3896.313969372087,2054.3943978973775,1154.1470080110807,687.7725634636286,-109.61601238791202,2.10361824,298.4747833458854,6153.659603484809,,0,45.666666666666664
DOGE,4H,4H,1701662400000,1701676800000,1702252800000,STOP,0.09077,0.008541718461591519,0.08222828153840848,0.08996,0,-47.8498581219002,-47.8498581219002,0.0,0.0,-17.211157121900005,0.6687010000000001,316.0435830788862,509.8773661016998,,0,6.666666666666667
ETH,4H,4H,1701532800000,1701547200000,1702252800000,STOP,2162.52,144.95411528120485,2017.5658847187951,2218.45,0,101.38776705389463,101.38776705389463,0.0,0.0,-17.919824396104996,0.94190855,311.6513478545904,466.5278038601002,,0,8.166666666666666
LTC,4H,4H,1702051200000,1702065600000,1702252800000,STOP,78.07,7.292592183985931,70.77740781601406,72.46,0,-276.536952058552,-276.536952058552,0.0,0.0,-4.959393218552,0.72675884,352.0863506428408,62.80116222644041,,0,2.1666666666666665
NEAR,4H,4H,1701734400000,1701748800000,1702252800000,STOP,2.26,0.3324698048718324,1.9275301951281674,2.145,0,-120.45966211720976,-120.45966211720976,0.0,0.0,-10.906627617209997,0.4180345,315.51384482336897,278.6443113311001,,0,5.833333333333333
SOL,4H,4H,1701993600000,1702008000000,1702252800000,STOP,71.66,11.943529166983588,59.71647083301641,64.75,0,-197.3001362542419,-197.3001362542419,0.0,0.0,-4.822916454242001,0.3792198,332.03011084214376,151.65567223407592,,0,2.8333333333333335
XLM,4H,4H,1702123200000,1702137600000,1702252800000,STOP,0.13834,0.012480597443833896,0.1258594025561661,0.12585,0,-379.340391163428,-379.340391163428,0.0,0.0,-3.096836023428,0.79415514,375.1667591616469,0.0,,0,1.3333333333333333
ADA,1D,1D,1702425600000,1702512000000,1703376000000,ERKEN_CIKIS,0.6694,0.20268752604285017,0.4667124739571498,0.6134,0,-98.12845101106409,-98.12845101106409,0.0,0.0,-4.057453731063999,0.21499727999999999,339.7042936478169,0.0,,0,10.0
ICP,4H,4H,1701662400000,1701676800000,1703606400000,STOP,5.041,0.528485693591012,4.512514306408988,9.002,2,3470.098167416714,2318.4666359918156,794.6983040188694,356.9332274060293,-103.25347262128713,1.6672999620000002,316.7901793092604,6170.050496132905,,0,22.333333333333332
NEAR,4H,4H,1703044800000,1703059200000,1704052800000,STOP,2.764,0.548046243021806,2.2159537569781937,3.647,1,433.8249979838,566.6475561135333,-132.82255812973324,0.0,-43.12497381619999,0.7560282,368.2870753106537,1403.1789157444407,,0,11.5
SOL,4H,4H,1702627200000,1702641600000,1704052800000,STOP,79.31,14.78472699786154,64.52527300213846,101.48,1,206.08167490482919,486.84429428029716,-280.762619375468,0.0,-47.273752295170986,0.7965728000000001,343.0056663503878,1118.328910277034,,0,16.333333333333332
BCH,4H,4H,1703736000000,1703750400000,1704268800000,STOP,273.2,34.99111566176174,238.20888433823825,247.86,0,-288.79845687329976,-288.79845687329976,0.0,0.0,-9.485290873299999,0.5731660000000001,384.90227227937913,123.52736310309984,,0,6.0
BNB,4H,4H,1703577600000,1703592000000,1704283200000,STOP,290.3,26.065792851697722,264.2342071483023,304.7,0,273.1398583084777,273.1398583084777,0.0,0.0,58.319168308478005,0.89131,390.4655769184319,679.5856836982223,,0,8.0
ETH,4H,4H,1703721600000,1703736000000,1704283200000,STOP,2419.69,201.26042011301024,2218.42957988699,2241.24,0,-372.87131503094054,-372.87131503094054,0.0,0.0,-32.93073833094,0.8855767,382.39479821471946,0.0,,0,6.333333333333333
TRX,4H,4H,1704182400000,1704196800000,1704283200000,STOP,0.11051,0.0055407554270487935,0.1049692445729512,0.10496,0,-391.14885095118194,-391.14885095118194,0.0,0.0,-12.673663241182,1.4636877099999999,376.3835161594245,0.0,,0,1.0
ICP,1D,1D,1703894400000,1703980800000,1704844800000,ERKEN_CIKIS,12.282,5.116225913535643,7.165774086464357,12.73,0,26.486010289315832,26.486010289315832,0.0,0.0,-6.128956858684201,0.18311285200000005,374.55889912994445,222.6227969457913,,0,10.0
BCH,4H,4H,1705017600000,1705032000000,1705248000000,STOP,293.62,52.57264531764599,241.047354682354,249.15,0,-310.11197962056,-310.11197962056,0.0,0.0,-0.22301170056,0.37776792000000003,365.9056114108161,0.0,,0,2.5
TRX,4H,4H,1705132800000,1705147200000,1705348800000,STOP,0.11366,0.007884584617308357,0.10577541538269164,0.10821,0,-255.67438919999984,-255.67438919999984,0.0,0.0,-3.68017785,1.0217113500000001,363.08512162704983,146.2406166000002,,0,2.3333333333333335
ETH,4H,4H,1704902400000,1704916800000,1705593600000,STOP,2481.99,268.53372719215076,2213.456272807849,2460.32,0,-38.213428049999486,-38.213428049999486,0.0,0.0,-8.2917162,0.66721185,362.52053170940354,236.8341247500001,,0,7.833333333333333
SOL,4H,4H,1707523200000,1707537600000,1708401600000,ERKEN_CIKIS,110.82,12.565084702734666,98.25491529726533,109.57,0,-54.88957184486401,-54.88957184486401,0.0,0.0,-18.254848644864,0.6347232,361.8744394387584,181.8716493124803,,0,10.0
BCH,4H,4H,1707667200000,1707681600000,1708430400000,STOP,281.07,27.71098916612698,253.35901083387301,259.21,0,-294.6856763653202,-294.6856763653202,0.0,0.0,-8.70761096532,0.7050654000000001,361.62840861795706,37.82907899999988,,0,8.666666666666666
XRP,4H,4H,1708041600000,1708056000000,1708502400000,STOP,0.5803,0.05263544804837628,0.5276645519516238,0.5343,0,-350.7203089527863,-350.7203089527863,0.0,0.0,-16.043332272786,0.80897668,382.02808193511504,0.0,,0,5.166666666666667
XLM,4H,4H,1708372800000,1708387200000,1708516800000,STOP,0.1187,0.008016859142675248,0.11068314085732475,0.11164,0,-346.0865751912798,-346.0865751912798,0.0,0.0,-3.26772959128,1.1148456000000002,388.015982505482,70.57335470372026,,0,1.5
NEAR,4H,4H,1708257600000,1708272000000,1708531200000,STOP,3.538,0.52253524365572,3.01546475634428,3.098,0,-328.0024353933599,-328.0024353933599,0.0,0.0,-7.199334593359999,0.4831008,380.40565738136416,43.905921281040115,,0,3.0
ICP,4H,4H,1707897600000,1707912000000,1708646400000,STOP,13.92,1.8514831201125528,12.068516879887447,12.459,0,-310.20385108812013,-310.20385108812013,0.0,0.0,-16.480997316120003,0.529373772,371.5556325441871,126.25388138932284,,0,8.5
ADA,4H,4H,1707897600000,1707912000000,1708776000000,ERKEN_CIKIS,0.575,0.061475783514485904,0.513524216485514,0.588,0,49.69449792495307,49.69449792495307,0.0,0.0,-28.161701175046996,0.7028009,371.4981597780383,349.34396541422126,,0,10.0
NEAR,4H,4H,1708790400000,1708804800000,1709136000000,STOP,3.835,0.6620299737015589,3.172970026298441,3.42,0,-251.11498713269003,-251.11498713269003,0.0,0.0,-11.24137363269,0.4186135,381.9912948257995,170.60788625285014,,0,3.8333333333333335
TRX,4H,4H,1707033600000,1707048000000,1709136000000,STOP,0.11856,0.004973450753605779,0.11358654924639422,0.13838,2,1738.5483287153404,1335.376395572405,515.3352073644442,-112.16327422150871,-256.41857472466,5.307496560000001,358.884206380193,2784.0620907153393,,0,24.166666666666668
XLM,4H,4H,1709049600000,1709064000000,1709136000000,STOP,0.12372,0.009893858483461304,0.11382614151653869,0.11382,0,-414.74450043790165,-414.74450043790165,0.0,0.0,-7.1759236579020005,0.9755767800000001,406.34076791575575,0.0,,0,0.8333333333333334
XRP,4H,4H,1709049600000,1709064000000,1709136000000,STOP,0.5952,0.0532654004494304,0.5419345995505696,0.5419,0,-414.53888594886223,-414.53888594886223,0.0,0.0,-7.045692358862999,0.86749359,406.3617400287045,0.0,,0,0.8333333333333334
ADA,4H,4H,1709179200000,1709193600000,1709654400000,STOP,0.6857,0.10507546126059197,0.580624538739408,0.6578,0,-147.0254800978257,-147.0254800978257,0.0,0.0,-32.477125997826,0.5489541,429.3383347107788,396.2329781529419,,0,5.333333333333333
BCH,4H,4H,1708992000000,1709006400000,1709654400000,STOP,300.07,32.84567225265039,267.2243277473496,399.71,2,856.9432671596987,1171.8207089738141,-53.20449871545142,-261.6729430986641,-89.40072908030102,1.80860376,401.70257164991426,3402.0537659206975,,0,7.5
BNB,4H,4H,1707465600000,1707480000000,1709654400000,STOP,325.4,17.37582620520169,308.0241737947983,387.1,2,1558.7830226657184,1294.7371419647395,378.65494575579186,-114.60906505481312,23.571020165717016,3.5049975,362.1122181164032,3192.868959152002,,0,25.166666666666668
DOGE,4H,4H,1709006400000,1709020800000,1709654400000,STOP,0.09202,0.00826495090305622,0.08375504909694378,0.14213,2,3117.8359485916408,2333.8549765175676,577.0171320728864,206.96384000118667,-163.12693090835998,2.1561205,400.02362370792105,7866.070069264841,,0,7.333333333333333
ETH,4H,4H,1707768000000,1707782400000,1709654400000,STOP,2665.13,187.21694344310163,2477.9130565568985,3419.95,2,1757.3705090885373,1371.9369431803855,499.73882008834744,-114.30525418019563,-214.915678061462,2.92831285,363.20087027961716,3435.6664262385375,,0,21.666666666666668
ICP,4H,4H,1709611200000,1709625600000,1709654400000,STOP,16.096,3.0789260014606743,13.017073998539326,13.449,0,-440.5625116594141,-440.5625116594141,0.0,0.0,-3.4790164294140005,0.48731523000000004,507.8380546809236,90.94633257600013,,0,0.3333333333333333
LTC,4H,4H,1708992000000,1709006400000,1709654400000,STOP,74.84,5.795078854818357,69.04492114518165,81.32,1,-14.555274106634783,372.3161840096059,-386.87145811624066,0.0,-113.561163566634,1.6791105400000004,401.71486621600855,1415.3759433764203,,0,7.5
NEAR,4H,4H,1709380800000,1709395200000,1709654400000,STOP,4.249,0.8556010800347855,3.393398919965214,3.624,0,-350.3158741042998,-350.3158741042998,0.0,0.0,-16.7712432043,0.41963090000000003,456.03537565854066,154.32070446182033,,0,3.0
XLM,4H,4H,1709337600000,1709352000000,1709654400000,STOP,0.13279,0.015233295095695557,0.11755670490430443,0.13107,0,-88.79631940339998,-88.79631940339998,0.0,0.0,-36.2301008034,0.7942186,458.5221823804363,592.3827558537702,,0,3.5
XRP,4H,4H,1709222400000,1709236800000,1709654400000,STOP,0.6116,0.08679089332519152,0.5248091066748085,0.5627,0,-270.00407732369825,-270.00407732369825,0.0,0.0,-32.857750983698004,0.5681263400000001,419.89434190727656,222.5798529904456,,0,4.833333333333333
SOL,1D,1D,1709078400000,1709164800000,1710028800000,ERKEN_CIKIS,119.62,35.66087053431551,83.9591294656845,144.42,0,254.1637287372478,254.1637287372478,0.0,0.0,-28.255265662752006,0.3010056,406.5339240911968,311.6475864987539,,0,10.0
LTC,4H,4H,1710158400000,1710172800000,1710432000000,STOP,101.45,16.972018733647417,84.47798126635259,90.05,0,-296.50401331418016,-296.50401331418016,0.0,0.0,-12.738135814179998,0.47587750000000006,421.75466553113836,91.69289675000007,,0,3.0
XLM,4H,4H,1710172800000,1710187200000,1710432000000,STOP,0.16039,0.025014029413570754,0.13537597058642925,0.13808,0,-390.7551268471999,-390.7551268471999,0.0,0.0,-11.871321727199998,0.5062051200000001,424.23793885416,0.0,,0,2.8333333333333335
ETH,4H,4H,1709712000000,1709726400000,1710460800000,STOP,3889.22,578.0435820576927,3311.176417942307,3670.22,0,-185.88008955929,-185.88008955929,0.0,0.0,-32.05092875929001,0.5291608000000001,404.6305074403849,105.87936192169013,,0,8.5
XRP,4H,4H,1710158400000,1710172800000,1710460800000,STOP,0.6949,0.10058566914654765,0.5943143308534523,0.6267,0,-303.3650787677997,-303.3650787677997,0.0,0.0,-16.8483318878,0.55414688,421.7557107314743,153.17242843000034,,0,3.3333333333333335
NEAR,4H,4H,1709726400000,1709740800000,1710604800000,STOP,4.812,1.3769865489460078,3.4350134510539925,6.697,1,262.33638025388984,528.5604075850878,-266.22402733119793,0.0,-53.759164846110004,0.6594549000000001,408.9650050369643,1393.5605603619301,,0,10.0
SOL,4H,4H,1710331200000,1710345600000,1710907200000,STOP,157.62,27.35667952241937,130.26332047758063,163.28,0,71.77464684035795,71.77464684035795,0.0,0.0,-14.895167159641998,0.494186,421.2928646452583,766.5074901591798,,0,6.5
DOGE,4H,4H,1711612800000,1711627200000,1712030400000,STOP,0.21776,0.04644271403670233,0.17131728596329768,0.1855,0,-296.20413705168005,-296.20413705168005,0.0,0.0,-11.96126825168,0.35486880000000004,408.6958835229805,83.22235483055991,,0,4.666666666666667
BCH,4H,4H,1711540800000,1711555200000,1712160000000,STOP,533.51,101.62125214598734,431.88874785401265,572.53,0,130.69433095642194,130.69433095642194,0.0,0.0,-25.721440963578004,0.44462808000000004,408.51743362686915,600.1508957214481,,0,7.0
ICP,4H,4H,1711368000000,1711382400000,1712246400000,ERKEN_CIKIS,17.348,3.4864811275111443,13.861518872488855,18.006,0,55.68540484591894,55.68540484591894,0.0,0.0,-20.991667690081197,0.414207464,408.47612889920566,295.5054906132043,,0,10.0
LTC,1D,1D,1711670400000,1711756800000,1712620800000,ERKEN_CIKIS,109.32,36.1142702371602,73.2057297628398,103.33,0,-76.84068785367795,-76.84068785367795,0.0,0.0,-8.252154203678002,0.24263365,412.0638234059979,4.812928582371014,,0,10.0
BNB,1D,1D,1709683200000,1709769600000,1713038400000,STOP,430.4,97.12152183314754,333.27847816685244,494.1,1,-187.34755466215577,252.1832670538145,-439.53082171597026,0.0,-30.275570862156002,0.7399838000000001,411.79525257254556,847.55717558776,,0,37.833333333333336
TRX,4H,4H,1715241600000,1715256000000,1716019200000,STOP,0.12607,0.006001264296662229,0.12006873570333776,0.12361,0,-169.2738904830063,-169.2738904830063,0.0,0.0,-3.948969443007001,1.66112104,399.2641136569381,90.44459394155567,,0,8.833333333333334
BNB,4H,4H,1716264000000,1716278400000,1716494400000,STOP,631.9,47.775464471298164,584.1245355287018,585.1,0,-400.37930566481964,-400.37930566481964,0.0,0.0,-5.29859166482,1.024714,402.26941084833055,0.0,,0,2.5
LTC,4H,4H,1716235200000,1716249600000,1716494400000,STOP,88.82,6.249376467873049,82.57062353212694,82.56,0,-410.7171525299994,-410.7171525299994,0.0,0.0,-4.523552550000002,1.10899998,404.39715123606504,0.0,,0,2.8333333333333335
NEAR,4H,4H,1715918400000,1715932800000,1716494400000,STOP,8.503,1.297998597114149,7.205001402885851,7.427,0,-334.8414136711602,-334.8414136711602,0.0,0.0,-4.020362671160001,0.489051,398.48556931404374,0.0,,0,6.5
SOL,4H,4H,1715817600000,1715832000000,1716494400000,STOP,163.32,20.654488009532628,142.66551199046737,164.97,0,25.16233426001611,25.16233426001611,0.0,0.0,-6.049066039984,0.6335997000000001,398.63161858397973,458.443883420016,,0,7.666666666666667
ETH,4H,4H,1716220800000,1716235200000,1717776000000,STOP,3443.74,293.89743482000495,3149.842565179995,3737.85,0,363.71184068654424,363.71184068654424,0.0,0.0,-35.30106307345601,0.9766962400000001,399.70051135520674,698.3601700741204,,0,17.833333333333332
BNB,4H,4H,1717488000000,1717502400000,1717992000000,STOP,647.2,43.46993780607352,603.7300621939265,656.9,0,78.4644802726854,78.4644802726854,0.0,0.0,-7.470437927314001,1.1710818,390.3600414985402,567.4765764726852,,0,5.666666666666667
TRX,4H,4H,1719043200000,1719057600000,1720137600000,STOP,0.11981,0.004722557106056138,0.11508744289394386,0.12525,1,29.44880083960004,439.8219536464712,-410.37315280687113,0.0,-16.9752638004,4.20233536,390.838826097206,806.199525477577,,0,12.5
TRX,1D,1D,1720742400000,1720828800000,1721692800000,ERKEN_CIKIS,0.13749,0.016127588859325137,0.12136241114067486,0.13226,0,-111.7081425459253,-111.7081425459253,0.0,0.0,15.773501204074998,0.65414375,391.0940298386346,92.59552100000005,,0,10.0
ADA,4H,4H,1720886400000,1720900800000,1721750400000,STOP,0.4461,0.05123627028926542,0.3948637297107346,0.4078,0,-303.332316313712,-303.332316313712,0.0,0.0,-6.958720123712002,0.6592961900000001,395.5952429034183,38.27455509779987,,0,9.833333333333334
XLM,4H,4H,1720843200000,1720857600000,1721750400000,STOP,0.10036,0.01000192613261916,0.09035807386738084,0.10072,0,2.9619442389599673,2.9619442389599673,0.0,0.0,-10.34482756104,0.7872282,391.5754080920401,415.1661668411397,,0,10.333333333333334
NEAR,4H,4H,1721073600000,1721088000000,1721851200000,STOP,5.923,0.82497987778385,5.09802012221615,5.643,0,-140.2749356918001,-140.2749356918001,0.0,0.0,-6.444394091800001,0.5505416,392.6904218251126,242.6117777935598,,0,8.833333333333334
BNB,4H,4H,1721563200000,1721577600000,1721865600000,STOP,600.4,40.461784458256375,559.9382155417436,562.2,0,-377.4151609999993,-377.4151609999993,0.0,0.0,0.0,1.1451609999999999,398.5485769138253,19.79810600000049,,0,3.3333333333333335
DOGE,4H,4H,1721476800000,1721491200000,1721865600000,STOP,0.13499,0.01631260125283107,0.11867739874716893,0.1236,0,-283.65418470024997,-283.65418470024997,0.0,0.0,-3.96563920025,0.6335455,399.6587306943612,171.62168220225033,,0,4.333333333333333
ICP,4H,4H,1721188800000,1721203200000,1722067200000,ERKEN_CIKIS,10.023,1.6557030077473076,8.367296992252692,9.874,0,-42.541985682068194,-42.541985682068194,0.0,0.0,-5.936042814068398,0.4823828680000001,401.4086371982573,164.31873970872803,,0,10.0
SOL,4H,4H,1721059200000,1721073600000,1722470400000,STOP,155.51,16.60478073181423,138.90521926818576,170.39,1,-43.002760145433456,338.6505617433742,-381.6533218888077,0.0,-17.644611045433003,1.3791491000000002,390.2123471976344,849.6919715149753,,0,16.166666666666668
BCH,4H,4H,1722182400000,1722196800000,1722528000000,STOP,416.85,47.077602557622356,369.77239744237767,401.62,0,-127.15542700746515,-127.15542700746515,0.0,0.0,-0.526452317465,0.67687469,389.3317731515369,299.99511812836386,,0,3.8333333333333335
XRP,4H,4H,1720872000000,1720886400000,1722528000000,STOP,0.5369,0.06084650992702545,0.4760534900729746,0.5753,0,230.15986555359996,230.15986555359996,0.0,0.0,-17.185653246399998,0.7184812,393.0684541285844,724.1421148605993,,0,19.0
ICP,4H,4H,1731096000000,1731110400000,1731614400000,STOP,8.635,1.222580467949638,7.412419532050362,7.991,0,-208.79706099388326,-208.79706099388326,0.0,0.0,-8.551262229883198,0.515638764,379.1711063299007,276.38063319600354,,0,5.833333333333333
ETH,1D,1D,1731024000000,1731110400000,1731974400000,ERKEN_CIKIS,2966.82,615.351037851648,2351.468962148352,3210.4,0,137.13027290818994,137.13027290818994,0.0,0.0,-11.07671667181,0.37681042000000003,375.3641330895053,246.28283055589588,,0,10.0
SOL,1D,1D,1731024000000,1731110400000,1731974400000,ERKEN_CIKIS,200.25,49.045947636181126,151.20405236381887,239.96,0,294.41627290075,294.41627290075,0.0,0.0,-11.011765399249999,0.33896170000000003,377.65379679859467,329.99174432147,,0,10.0
BNB,4H,4H,1731110400000,1731124800000,1731988800000,ERKEN_CIKIS,636.9,53.28659723358385,583.6134027664161,618.8,0,-147.31131072506116,-147.31131072506116,0.0,0.0,-18.456530825061,0.8877799000000001,376.7362424414378,158.55260125055395,,0,10.0
BCH,1D,1D,1731110400000,1731196800000,1732060800000,ERKEN_CIKIS,405.49,104.79043839764682,300.6995616023532,446.98,0,146.15870880603302,146.15870880603302,0.0,0.0,-4.140544583967,0.30944661,380.389291383458,274.37809003628087,,0,10.0
NEAR,4H,4H,1731369600000,1731384000000,1732248000000,ERKEN_CIKIS,5.743,1.1540765363661833,4.588923463633817,5.774,0,2.5774346492998887,2.5774346492998887,0.0,0.0,-8.078408450700001,0.41115690000000005,412.0053234827275,154.12941927956987,,0,10.0
TRX,4H,4H,1731398400000,1731412800000,1732536000000,STOP,0.17702,0.0124176085104247,0.1646023914895753,0.19694,1,433.013990211063,617.8892988567724,-184.87530864570937,0.0,-71.861551148937,2.16565864,412.3887786312043,1651.3583913477887,,0,13.0
DOGE,4H,4H,1731196800000,1731211200000,1732608000000,STOP,0.22899,0.046295538069011516,0.18269446193098848,0.36566,2,902.9493055781398,1088.6863613588675,45.73800842664028,-231.47506420736804,-65.34639462186,1.1462998,379.6234121658944,2690.52133250024,,0,16.166666666666668
SOL,4H,4H,1732190400000,1732204800000,1732608000000,STOP,249.43,36.97719835952239,212.45280164047762,229.77,0,-317.2599642155499,-317.2599642155499,0.0,0.0,-11.78720421555,0.7427600000000001,573.146574572597,202.71604628450015,,0,4.666666666666667
BCH,4H,4H,1732161600000,1732176000000,1733040000000,ERKEN_CIKIS,527.16,103.5707869478756,423.58921305212436,520.34,0,-48.22666115907964,-48.22666115907964,0.0,0.0,-9.309566159080001,0.588695,582.0678226470609,77.69357760000003,,0,10.0
ETH,4H,4H,1732363200000,1732377600000,1733241600000,ERKEN_CIKIS,3468.62,393.7210893573265,3074.8989106426734,3574.1,0,200.9205423849381,200.9205423849381,0.0,0.0,-51.588962095061994,1.69729552,948.8678253511569,594.7876262253883,,0,10.0
NEAR,4H,4H,1732363200000,1732377600000,1733241600000,ERKEN_CIKIS,6.477,1.384045602546773,5.092954397453227,7.076,0,382.7255393924795,382.7255393924795,0.0,0.0,-28.454014207519993,0.9324464000000001,952.2233745521797,669.9966948808001,,0,10.0
TRX,4H,4H,1733198400000,1733212800000,1733328000000,STOP,0.22835,0.023911911993870827,0.20443808800612917,0.34643,2,5166.769029169685,5535.559335555774,853.9072716147384,-1222.6975780008274,-42.945567680317,5.20430315,1126.4901740312546,12402.706335209557,,0,1.3333333333333333
XLM,4H,4H,1731196800000,1731211200000,1733486400000,STOP,0.10415,0.00812978023150314,0.09602021976849687,0.45884,2,31100.884946954022,16525.854927577653,9438.486110982369,5136.543908393998,-421.1154547259799,5.27799832,383.8069247292632,44492.85556602146,,0,26.333333333333332
BNB,4H,4H,1733241600000,1733256000000,1733774400000,STOP,691.9,78.62615423333693,613.273845766663,697.3,0,24.62389683835167,24.62389683835167,0.0,0.0,-50.714768761648,1.9893344000000002,1125.926528621385,1293.6315633903932,,0,6.0
ETH,4H,4H,1733313600000,1733328000000,1733774400000,STOP,3830.45,388.43599918298423,3442.0140008170156,3717.76,0,-374.6493455177328,-374.6493455177328,0.0,0.0,-41.121571777734005,2.2191737400000004,1142.0018375979737,686.6874103275067,,0,5.166666666666667
ICP,4H,4H,1731816000000,1731830400000,1733774400000,STOP,9.82,2.1075311196268594,7.712468880373141,12.569,1,-132.37113654528775,668.2450673065107,-800.6162038517984,0.0,-87.45116423128859,1.6835923140000002,538.3898998198775,1766.9832524582757,,0,22.5
LTC,4H,4H,1731240000000,1731254400000,1733774400000,STOP,77.87,7.726894460777629,70.14310553922238,119.56,2,3148.642450226604,2051.415809218693,569.2851616812528,527.9414793266583,-228.17463551339597,2.95231426,396.15787900406906,6569.983392279726,,0,29.166666666666668
NEAR,4H,4H,1733400000000,1733414400000,1733774400000,STOP,7.861,1.6072959090274033,6.2537040909725965,6.722,0,-817.2877154745595,-817.2877154745595,0.0,0.0,-14.405072274559998,1.0266432,1131.536319955292,114.8099246060798,,0,4.166666666666667
XRP,4H,4H,1731211200000,1731225600000,1733774400000,STOP,0.587,0.055987695060744413,0.5310123049392556,2.2935,2,20103.57134825578,11638.070621553716,5249.807403697844,3215.693323004219,-339.13713380421996,3.7001179399999997,388.05071446601954,27301.940041018654,,0,29.5
BCH,1D,1D,1733184000000,1733270400000,1734134400000,ERKEN_CIKIS,587.16,202.6579772990683,384.50202270093166,542.31,0,-289.6888184817772,-289.6888184817772,0.0,0.0,-20.360765951776994,0.6765525299999999,1213.9212840214193,290.190915193882,,0,10.0
ADA,1D,1D,1731024000000,1731110400000,1734681600000,STOP,0.4455,0.10882604634378201,0.336673953656218,0.7725,2,532.9468032990405,1069.7368636734943,89.89337526662231,-626.6834356410761,-156.54154656095895,1.1502501400000003,379.14994546173654,4777.585671229642,,0,41.333333333333336
LTC,4H,4H,1737072000000,1737086400000,1737273600000,STOP,133.94,21.746369624816793,112.1936303751832,115.76,0,-833.9179604199996,-833.9179604199996,0.0,0.0,-4.13542782,1.1381326,991.1995274991494,181.10000572,,0,2.1666666666666665
DOGE,4H,4H,1737100800000,1737115200000,1737316800000,STOP,0.4119,0.06225805265125839,0.3496419473487416,0.35531,0,-905.4262154999996,-905.4262154999996,0.0,0.0,-4.425351600000001,1.2198639,989.9030371550084,66.89959980000025,,0,2.3333333333333335
SOL,4H,4H,1737172800000,1737187200000,1737331200000,STOP,233.18,32.48610453266872,200.6938954673313,231.38,0,-52.14269670900034,-52.14269670900034,0.0,0.0,3.250983291,1.39368,974.5831359800616,1584.587695349999,,0,1.6666666666666667
XLM,4H,4H,1737028800000,1737043200000,1737604800000,STOP,0.50334,0.1019329399069343,0.4014070600930657,0.41714,0,-846.690076624476,-846.690076624476,0.0,0.0,-7.068449584476,0.8956270399999999,991.8075052944708,1.2616501799995912,,0,6.5
XRP,4H,4H,1736899200000,1736913600000,1737936000000,STOP,2.8353,0.41640359867383747,2.4188964013261627,2.9863,0,334.94308603231855,334.94308603231855,0.0,0.0,-19.591762847681004,1.3721511200000003,981.4632820742349,1205.1711506352278,,0,11.833333333333334
TRX,4H,4H,1749556800000,1749571200000,1749672000000,STOP,0.29238,0.016764401312196975,0.275615598687803,0.27687,0,-896.6070004099981,-896.6070004099981,0.0,0.0,-6.64589816,3.25440225,958.420823018301,9.86119613000217,,0,1.1666666666666667
ETH,1D,1D,1749513600000,1749600000000,1750464000000,ERKEN_CIKIS,2820.21,710.8975220081065,2109.3124779918935,2405.37,0,-561.7256669767862,-561.7256669767862,0.0,0.0,-5.139839256786001,0.70022772,952.6026794908628,57.94020372000025,,0,10.0
ICP,1D,1D,1749513600000,1749600000000,1750464000000,ERKEN_CIKIS,6.183,1.8352696176696366,4.347730382330363,4.919,0,-664.2199531141516,-664.2199531141516,0.0,0.0,-3.3896401441515005,0.5799129700000001,958.6530847897347,6.9899309950001225,,0,10.0
TRX,4H,4H,1752235200000,1752249600000,1753041600000,STOP,0.29897,0.010351572647500973,0.28861842735249904,0.31225,1,175.89452719056885,1203.7058648110528,-1027.811337620484,0.0,-107.488025869435,10.233046940000001,991.6806596305933,3401.243477630569,,0,9.166666666666666
BCH,1D,1D,1752192000000,1752278400000,1753142400000,ERKEN_CIKIS,532.23,118.54598392181686,413.68401607818316,522.45,0,-76.99809464963978,-76.99809464963978,0.0,0.0,4.35930699036,0.8680016400000001,975.6334476765528,161.30335772035974,,0,10.0
XLM,4H,4H,1752062400000,1752076800000,1753286400000,STOP,0.29557,0.028110146869501418,0.2674598531304986,0.42015,2,4987.439823383737,4116.423372845951,904.552387974184,-33.535937436397674,-82.322791326264,4.67048529,939.4411083787373,9976.514114678701,,0,14.0
XRP,4H,4H,1751889600000,1751904000000,1753286400000,STOP,2.3419,0.17053596287520145,2.1713640371247984,3.1648,2,5871.059073685078,4444.158989402046,1204.8233713506481,222.0767129323842,-155.95815983492298,6.58516648,937.2656519621072,10995.276653383979,,0,16.0
ADA,4H,4H,1752235200000,1752249600000,1753329600000,STOP,0.739,0.08847578329781847,0.6505242167021815,0.7724,0,338.9029727132279,338.9029727132279,0.0,0.0,-33.783499026772006,1.6941282599999998,991.7250549852472,1916.801636923228,,0,12.5
DOGE,4H,4H,1752249600000,1752264000000,1753329600000,STOP,0.21202,0.026331021258936466,0.18568897874106352,0.22967,1,-514.629145479498,654.6722261996783,-1169.3013716791763,0.0,-38.6672931795,3.0008523,1013.744318469054,2885.7199769205017,,0,12.333333333333334
ICP,4H,4H,1752796800000,1752811200000,1753329600000,STOP,5.982,0.8719542854122606,5.11004571458774,5.327,0,-959.9163213040003,-959.9163213040003,0.0,0.0,-15.271541956,1.628179348,1255.3700237937398,275.7534588439993,,0,6.0
NEAR,4H,4H,1752465600000,1752480000000,1753329600000,STOP,2.673,0.36142714400398734,2.3115728559960127,2.592,0,-266.6307390742399,-266.6307390742399,0.0,0.0,-21.480553574239995,1.5831855000000001,1086.81142201999,1109.4697727982204,,0,9.833333333333334
SOL,4H,4H,1752681600000,1752696000000,1753329600000,STOP,174.41,17.896206895187788,156.5137931048122,180.36,0,335.6664805900011,335.6664805900011,0.0,0.0,-25.119422410000002,2.164097,1091.668620606455,1890.9265065900001,,0,7.333333333333333
LTC,4H,4H,1752177600000,1752192000000,1753790400000,STOP,95.0,6.581294721194283,88.41870527880572,106.87,1,1435.3029139372295,1646.3622589269846,-211.0593449897552,0.0,-116.54437224277201,4.83131382,954.6167993092308,4730.091953642039,,0,18.5
BNB,4H,4H,1752163200000,1752177600000,1753876800000,STOP,677.2,23.297366364569484,653.9026336354306,783.8,2,5475.364697849275,4263.809021346077,1083.503663856375,128.05201264682282,-141.82141765072103,12.988884500000001,947.7368637106866,11772.973878704997,,0,19.666666666666668
BCH,4H,4H,1753430400000,1753444800000,1754064000000,STOP,555.51,78.32722710260532,477.18277289739467,541.02,0,-227.15864486290215,-227.15864486290215,0.0,0.0,-17.069638192902,1.57790667,1127.1287980064906,703.9456323988416,,0,7.166666666666667
