symbol,side,entry_price,exit_price,sl_price,quantity,entry_time,exit_time,pnl_usdt,exit_reason,strategy_scores,giris,cikis,R,kol
XRP/USDT:USDT,long,0.5103075574999999,0.5005526386893074,0.5005646522409612,39170.271,2023-04-07T18:00:00+00:00,2023-04-09T16:00:00+00:00,-386.06238018060617,sl_hit,"{""trend"": 0.0, ""mean_rev"": 0.0, ""breakout"": 1.0, ""confidence"": 1.0, ""strategy"": ""squeeze"", ""atr"": 0.004467673879519374, ""slot"": ""XRP/USDT:USDT:squeeze"", ""entry_fee_rate"": 0.0001, ""intended_entry"": 0.5095, ""sl0"": 0.5005646522409612}",2023-04-07 18:00:00+00:00,2023-04-09 16:00:00+00:00,-1.0012330563968757,squeeze
DOGE/USDT:USDT,long,0.08383266449999999,0.08172024535493867,0.08172220668789919,177098.298,2023-04-08T06:00:00+00:00,2023-04-08T20:00:00+00:00,-377.0377491093996,sl_hit,"{""trend"": 0.0, ""mean_rev"": 0.0, ""breakout"": 0.8, ""confidence"": 0.8, ""strategy"": ""squeeze"", ""atr"": 0.0009888966560504043, ""slot"": ""DOGE/USDT:USDT:squeeze"", ""entry_fee_rate"": 0.0001, ""intended_entry"": 0.0837, ""sl0"": 0.08172220668789919}",2023-04-08 06:00:00+00:00,2023-04-08 20:00:00+00:00,-1.0009293400461594,squeeze
LTC/USDT:USDT,short,91.05,90.4521708,92.49821603820814,241.402,2023-04-08T07:00:00+00:00,2023-04-10T08:00:00+00:00,142.13363104485202,max_hold,"{""trend"": 0.0, ""mean_rev"": -0.6107080965897472, ""breakout"": 0.0, ""confidence"": 0.6107080965897472, ""strategy"": ""mean_rev"", ""atr"": 0.4827386794027169, ""slot"": ""LTC/USDT:USDT"", ""entry_fee_rate"": 0.0, ""intended_entry"": 91.05, ""sl0"": 92.49821603820814}",2023-04-08 07:00:00+00:00,2023-04-10 08:00:00+00:00,0.41280388024129144,mean_rev
XRP/USDT:USDT,short,0.5008049640000001,0.5065764944848703,0.5065643369407837,48094.583,2023-04-09T16:00:00+00:00,2023-04-09T21:00:00+00:00,-282.4243110583974,sl_hit,"{""trend"": 0.0, ""mean_rev"": 0.0, ""breakout"": -0.84, ""confidence"": 0.84, ""strategy"": ""squeeze"", ""atr"": 0.0024821684703918287, ""slot"": ""XRP/USDT:USDT:squeeze"", ""entry_fee_rate"": 0.0001, ""intended_entry"": 0.5016, ""sl0"": 0.5065643369407837}",2023-04-09 16:00:00+00:00,2023-04-09 21:00:00+00:00,-1.0021109145407958,squeeze
LTC/USDT:USDT,short,96.92,99.20387430888161,99.20149347303825,139.549,2023-04-16T10:00:00+00:00,2023-04-16T15:00:00+00:00,-320.09675607571245,sl_hit,"{""trend"": 0.0, ""mean_rev"": -0.6124920936539884, ""breakout"": 0.0, ""confidence"": 0.6124920936539884, ""strategy"": ""mean_rev"", ""atr"": 0.7604978243460845, ""slot"": ""LTC/USDT:USDT"", ""entry_fee_rate"": 0.0, ""intended_entry"": 96.92, ""sl0"": 99.20149347303825}",2023-04-16 10:00:00+00:00,2023-04-16 15:00:00+00:00,-1.0010435426931918,mean_rev
LTC/USDT:USDT,short,98.65,101.31187545384181,101.30944402718515,115.504,2023-04-16T15:00:00+00:00,2023-04-16T17:00:00+00:00,-308.62745510678553,sl_hit,"{""trend"": 0.0, ""mean_rev"": -0.7650646422088285, ""breakout"": 0.0, ""confidence"": 0.7650646422088285, ""strategy"": ""mean_rev"", ""atr"": 0.8864813423950475, ""slot"": ""LTC/USDT:USDT"", ""entry_fee_rate"": 0.0, ""intended_entry"": 98.65, ""sl0"": 101.30944402718515}",2023-04-16 15:00:00+00:00,2023-04-16 17:00:00+00:00,-1.000914261263558,mean_rev
XLM/USDT:USDT,long,0.10725973764999999,0.10597451144129988,0.10597705489061726,197681.505,2023-04-16T18:00:00+00:00,2023-04-17T02:00:00+00:00,-258.28069792907377,sl_hit,"{""trend"": 0.0, ""mean_rev"": 0.0, ""breakout"": 0.96, ""confidence"": 0.96, ""strategy"": ""squeeze"", ""atr"": 0.000556472554691375, ""slot"": ""XLM/USDT:USDT:squeeze"", ""entry_fee_rate"": 0.0001, ""intended_entry"": 0.10709, ""sl0"": 0.10597705489061726}",2023-04-16 18:00:00+00:00,2023-04-17 02:00:00+00:00,-1.0019829137787792,squeeze
XRP/USDT:USDT,short,0.469055367,0.4693112632,0.48255142977408383,22533.641,2023-04-20T17:00:00+00:00,2023-04-22T18:00:00+00:00,-7.880754781194726,max_hold,"{""trend"": 0.0, ""mean_rev"": 0.0, ""breakout"": -1.0, ""confidence"": 1.0, ""strategy"": ""squeeze"", ""atr"": 0.006375714887041912, ""slot"": ""XRP/USDT:USDT:squeeze"", ""entry_fee_rate"": 0.0001, ""intended_entry"": 0.4698, ""sl0"": 0.48255142977408383}",2023-04-20 17:00:00+00:00,2023-04-22 18:00:00+00:00,-0.018960803923599532,squeeze
DOGE/USDT:USDT,short,0.0787350069,0.07781186744,0.0815289248074181,111547.35,2023-04-21T20:00:00+00:00,2023-04-23T21:00:00+00:00,101.22752154508999,max_hold,"{""trend"": 0.0, ""mean_rev"": 0.0, ""breakout"": -0.9199999999999999, ""confidence"": 0.9199999999999999, ""strategy"": ""squeeze"", ""atr"": 0.0013344624037090493, ""slot"": ""DOGE/USDT:USDT:squeeze"", ""entry_fee_rate"": 0.0001, ""intended_entry"": 0.07886, ""sl0"": 0.0815289248074181}",2023-04-21 20:00:00+00:00,2023-04-23 21:00:00+00:00,0.33041037374397625,squeeze
XLM/USDT:USDT,short,0.09212375205000001,0.09449187564804196,0.09448960789745242,141020.406,2023-04-21T21:00:00+00:00,2023-04-22T16:00:00+00:00,-336.5854124124487,sl_hit,"{""trend"": 0.0, ""mean_rev"": 0.0, ""breakout"": -0.88, ""confidence"": 0.88, ""strategy"": ""squeeze"", ""atr"": 0.0011098039487262088, ""slot"": ""XLM/USDT:USDT:squeeze"", ""entry_fee_rate"": 0.0001, ""intended_entry"": 0.09227, ""sl0"": 0.09448960789745242}",2023-04-21 21:00:00+00:00,2023-04-22 16:00:00+00:00,-1.0009585328674937,squeeze
XRP/USDT:USDT,long,0.4700438405,0.4599111612108348,0.45992219934361905,29732.216,2023-04-25T21:00:00+00:00,2023-04-26T21:00:00+00:00,-304.0319715823,sl_hit,"{""trend"": 0.0, ""mean_rev"": 0.0, ""breakout"": 1.0, ""confidence"": 1.0, ""strategy"": ""squeeze"", ""atr"": 0.004688900328190474, ""slot"": ""XRP/USDT:USDT:squeeze"", ""entry_fee_rate"": 0.0001, ""intended_entry"": 0.4693, ""sl0"": 0.45992219934361905}",2023-04-25 21:00:00+00:00,2023-04-26 21:00:00+00:00,-1.0010905477297314,squeeze
XRP/USDT:USDT,long,0.466538293,0.47838851839999996,0.45604551945255273,27493.178,2023-04-27T22:00:00+00:00,2023-04-29T23:00:00+00:00,323.2024521600411,max_hold,"{""trend"": 0.0, ""mean_rev"": 0.0, ""breakout"": 0.84, ""confidence"": 0.84, ""strategy"": ""squeeze"", ""atr"": 0.004877240273723627, ""slot"": ""XRP/USDT:USDT:squeeze"", ""entry_fee_rate"": 0.0001, ""intended_entry"": 0.4658, ""sl0"": 0.45604551945255273}",2023-04-27 22:00:00+00:00,2023-04-29 23:00:00+00:00,1.1293701657063735,squeeze
LTC/USDT:USDT,short,90.83,87.81091917831993,92.64108627575288,154.645,2023-04-29T14:00:00+00:00,2023-04-30T22:00:00+00:00,465.52780170908034,tp_hit,"{""trend"": 0.0, ""mean_rev"": -0.72925605610973, ""breakout"": 0.0, ""confidence"": 0.72925605610973, ""strategy"": ""mean_rev"", ""atr"": 0.6036954252509636, ""slot"": ""LTC/USDT:USDT"", ""entry_fee_rate"": 0.0, ""intended_entry"": 90.83, ""sl0"": 92.64108627575288}",2023-04-29 14:00:00+00:00,2023-04-30 22:00:00+00:00,1.6670000000000023,mean_rev
XRP/USDT:USDT,short,0.46935489150000004,0.4548332569236107,0.47620669723055575,44942.905,2023-05-01T00:00:00+00:00,2023-05-01T21:00:00+00:00,648.4908731957081,tp_hit,"{""trend"": 0.0, ""mean_rev"": 0.0, ""breakout"": -1.0, ""confidence"": 1.0, ""strategy"": ""squeeze"", ""atr"": 0.003053348615277857, ""slot"": ""XRP/USDT:USDT:squeeze"", ""entry_fee_rate"": 0.0001, ""intended_entry"": 0.4701, ""sl0"": 0.47620669723055575}",2023-05-01 00:00:00+00:00,2023-05-01 21:00:00+00:00,2.119387960991059,squeeze
XRP/USDT:USDT,short,0.458871534,0.45941102559999997,0.46589113416172406,49497.143,2023-05-03T09:00:00+00:00,2023-05-05T10:00:00+00:00,-31.248529189188634,max_hold,"{""trend"": 0.0, ""mean_rev"": 0.0, ""breakout"": -1.0, ""confidence"": 1.0, ""strategy"": ""squeeze"", ""atr"": 0.0031455670808620165, ""slot"": ""XRP/USDT:USDT:squeeze"", ""entry_fee_rate"": 0.0001, ""intended_entry"": 0.4596, ""sl0"": 0.46589113416172406}",2023-05-03 09:00:00+00:00,2023-05-05 10:00:00+00:00,-0.07685503270423322,squeeze
DOGE/USDT:USDT,long,0.07928546859999999,0.07811110741826759,0.0781129821298387,286391.683,2023-05-05T21:00:00+00:00,2023-05-06T09:00:00+00:00,-340.83498231664345,sl_hit,"{""trend"": 0.0, ""mean_rev"": 0.0, ""breakout"": 1.0, ""confidence"": 1.0, ""strategy"": ""squeeze"", ""atr"": 0.0005235089350806457, ""slot"": ""DOGE/USDT:USDT:squeeze"", ""entry_fee_rate"": 0.0001, ""intended_entry"": 0.07916, ""sl0"": 0.0781129821298387}",2023-05-05 21:00:00+00:00,2023-05-06 09:00:00+00:00,-1.0015989195771808,squeeze
LTC/USDT:USDT,long,86.46,84.51278954517652,84.51481790080614,191.524,2023-05-06T09:00:00+00:00,2023-05-06T15:00:00+00:00,-374.5561579000966,sl_hit,"{""trend"": 0.0, ""mean_rev"": 0.6057710394742222, ""breakout"": 0.0, ""confidence"": 0.6057710394742222, ""strategy"": ""mean_rev"", ""atr"": 0.6483940330646203, ""slot"": ""LTC/USDT:USDT"", ""entry_fee_rate"": 0.0, ""intended_entry"": 86.46, ""sl0"": 84.51481790080614}",2023-05-06 09:00:00+00:00,2023-05-06 15:00:00+00:00,-1.0010427587373232,mean_rev
LTC/USDT:USDT,short,84.52,81.56061255555063,86.29527741118737,164.679,2023-05-07T21:00:00+00:00,2023-05-08T03:00:00+00:00,486.005832952973,tp_hit,"{""trend"": 0.0, ""mean_rev"": -0.6296343224176216, ""breakout"": 0.0, ""confidence"": 0.6296343224176216, ""strategy"": ""mean_rev"", ""atr"": 0.5917591370624591, ""slot"": ""LTC/USDT:USDT"", ""entry_fee_rate"": 0.0, ""intended_entry"": 84.52, ""sl0"": 86.29527741118737}",2023-05-07 21:00:00+00:00,2023-05-08 03:00:00+00:00,1.6670000000000047,mean_rev
DOGE/USDT:USDT,short,0.0744218541,0.07076730305734305,0.07604907877706278,195065.593,2023-05-08T02:00:00+00:00,2023-05-08T20:00:00+00:00,710.0450253808401,tp_hit,"{""trend"": 0.0, ""mean_rev"": 0.0, ""breakout"": -1.0, ""confidence"": 1.0, ""strategy"": ""squeeze"", ""atr"": 0.0007545393885313903, ""slot"": ""DOGE/USDT:USDT:squeeze"", ""entry_fee_rate"": 0.0001, ""intended_entry"": 0.07454, ""sl0"": 0.07604907877706278}",2023-05-08 02:00:00+00:00,2023-05-08 20:00:00+00:00,2.2458798063790444,squeeze
XRP/USDT:USDT,short,0.4210316055,0.42925843634638605,0.42924813439116066,44277.67,2023-05-11T09:00:00+00:00,2023-05-12T06:00:00+00:00,-368.0297875498176,sl_hit,"{""trend"": 0.0, ""mean_rev"": 0.0, ""breakout"": -1.0, ""confidence"": 1.0, ""strategy"": ""squeeze"", ""atr"": 0.003774067195580321, ""slot"": ""XRP/USDT:USDT:squeeze"", ""entry_fee_rate"": 0.0001, ""intended_entry"": 0.4217, ""sl0"": 0.42924813439116066}",2023-05-11 09:00:00+00:00,2023-05-12 06:00:00+00:00,-1.0012538086778313,squeeze
BNB/USDT:USDT,short,305.2953387,313.0138176692268,313.00630551789436,47.543,2023-05-11T20:00:00+00:00,2023-05-14T09:00:00+00:00,-369.8992728560757,sl_hit,"{""trend"": 0.0, ""mean_rev"": 0.0, ""breakout"": -0.8, ""confidence"": 0.8, ""strategy"": ""donchian"", ""atr"": 3.6131527589471957, ""slot"": ""BNB/USDT:USDT:donchian"", ""entry_fee_rate"": 0.0001, ""intended_entry"": 305.78, ""sl0"": 313.00630551789436, ""max_hold"": 120}",2023-05-11 20:00:00+00:00,2023-05-14 09:00:00+00:00,-1.0009742165295021,donchian
LTC/USDT:USDT,short,81.12,82.67624940445229,82.67426522208696,199.039,2023-05-14T07:00:00+00:00,2023-05-14T17:00:00+00:00,-311.39990501330016,sl_hit,"{""trend"": 0.0, ""mean_rev"": -0.6480225645777861, ""breakout"": 0.0, ""confidence"": 0.6480225645777861, ""strategy"": ""mean_rev"", ""atr"": 0.518088407362318, ""slot"": ""LTC/USDT:USDT"", ""entry_fee_rate"": 0.0, ""intended_entry"": 81.12, ""sl0"": 82.67426522208696}",2023-05-14 07:00:00+00:00,2023-05-14 17:00:00+00:00,-1.0012766047500372,mean_rev
XLM/USDT:USDT,short,0.08731139175000001,0.08811430716763387,0.08811219247501446,242985.62,2023-05-16T14:00:00+00:00,2023-05-17T02:00:00+00:00,-199.3594927828657,sl_hit,"{""trend"": 0.0, ""mean_rev"": 0.0, ""breakout"": -1.0, ""confidence"": 1.0, ""strategy"": ""squeeze"", ""atr"": 0.00033109623750723503, ""slot"": ""XLM/USDT:USDT:squeeze"", ""entry_fee_rate"": 0.0001, ""intended_entry"": 0.08745, ""sl0"": 0.08811219247501446}",2023-05-16 14:00:00+00:00,2023-05-17 02:00:00+00:00,-1.0026407226583938,squeeze
DOGE/USDT:USDT,long,0.07282524535,0.07514069206015092,0.07173772317593963,291002.865,2023-05-17T00:00:00+00:00,2023-05-17T20:00:00+00:00,669.4957752378666,tp_hit,"{""trend"": 0.0, ""mean_rev"": 0.0, ""breakout"": 1.0, ""confidence"": 1.0, ""strategy"": ""squeeze"", ""atr"": 0.00048613841203018466, ""slot"": ""DOGE/USDT:USDT:squeeze"", ""entry_fee_rate"": 0.0001, ""intended_entry"": 0.07271, ""sl0"": 0.07173772317593963}",2023-05-17 00:00:00+00:00,2023-05-17 20:00:00+00:00,2.129102987855388,squeeze
XRP/USDT:USDT,long,0.46914241399999995,0.4578285588619059,0.45783954701103413,29728.087,2023-05-18T11:00:00+00:00,2023-05-18T19:00:00+00:00,-339.094977223429,sl_hit,"{""trend"": 0.0, ""mean_rev"": 0.0, ""breakout"": 0.96, ""confidence"": 0.96, ""strategy"": ""squeeze"", ""atr"": 0.005280226494482921, ""slot"": ""XRP/USDT:USDT:squeeze"", ""entry_fee_rate"": 0.0001, ""intended_entry"": 0.4684, ""sl0"": 0.45783954701103413}",2023-05-18 11:00:00+00:00,2023-05-18 19:00:00+00:00,-1.0009721559263665,squeeze
LTC/USDT:USDT,short,92.07,91.03218472,93.6981396595955,185.533,2023-05-20T16:00:00+00:00,2023-05-22T17:00:00+00:00,190.86003491147247,max_hold,"{""trend"": 0.0, ""mean_rev"": -0.6522849738094484, ""breakout"": 0.0, ""confidence"": 0.6522849738094484, ""strategy"": ""mean_rev"", ""atr"": 0.5427132198651687, ""slot"": ""LTC/USDT:USDT"", ""entry_fee_rate"": 0.0, ""intended_entry"": 92.07, ""sl0"": 93.6981396595955}",2023-05-20 16:00:00+00:00,2023-05-22 17:00:00+00:00,0.6374239911690529,mean_rev
SOL/USDT:USDT,short,19.573926075000003,20.137361378653367,20.13687809357912,567.327,2023-05-22T00:00:00+00:00,2023-05-23T05:00:00+00:00,-321.90498907347387,sl_hit,"{""trend"": 0.0, ""mean_rev"": 0.0, ""breakout"": -0.8, ""confidence"": 0.8, ""strategy"": ""donchian"", ""atr"": 0.2659390467895604, ""slot"": ""SOL/USDT:USDT:donchian"", ""entry_fee_rate"": 0.0001, ""intended_entry"": 19.605, ""sl0"": 20.13687809357912, ""max_hold"": 120}",2023-05-22 00:00:00+00:00,2023-05-23 05:00:00+00:00,-1.0008584835977066,donchian
NEAR/USDT:USDT,short,1.594468755,1.6426058169809106,1.6425663953874212,6817.119,2023-05-22T04:00:00+00:00,2023-05-23T05:00:00+00:00,-330.36283209114936,sl_hit,"{""trend"": 0.0, ""mean_rev"": 0.0, ""breakout"": -0.8, ""confidence"": 0.8, ""strategy"": ""donchian"", ""atr"": 0.02278319769371063, ""slot"": ""NEAR/USDT:USDT:donchian"", ""entry_fee_rate"": 0.0001, ""intended_entry"": 1.597, ""sl0"": 1.6425663953874212, ""max_hold"": 120}",2023-05-22 04:00:00+00:00,2023-05-23 05:00:00+00:00,-1.000819615955623,donchian
XLM/USDT:USDT,short,0.0871216929,0.08558004782087718,0.08793198087164913,234049.694,2023-05-24T08:00:00+00:00,2023-05-24T18:00:00+00:00,356.77948006840467,tp_hit,"{""trend"": 0.0, ""mean_rev"": 0.0, ""breakout"": -0.8, ""confidence"": 0.8, ""strategy"": ""squeeze"", ""atr"": 0.0003359904358245666, ""slot"": ""XLM/USDT:USDT:squeeze"", ""entry_fee_rate"": 0.0001, ""intended_entry"": 0.08726, ""sl0"": 0.08793198087164913}",2023-05-24 08:00:00+00:00,2023-05-24 18:00:00+00:00,1.902589120242292,squeeze
LTC/USDT:USDT,short,89.28,90.91074284514686,90.9085610396819,183.236,2023-05-28T01:00:00+00:00,2023-05-28T23:00:00+00:00,-300.4766080609265,sl_hit,"{""trend"": 0.0, ""mean_rev"": -0.7907545756401971, ""breakout"": 0.0, ""confidence"": 0.7907545756401971, ""strategy"": ""mean_rev"", ""atr"": 0.5428536798939665, ""slot"": ""LTC/USDT:USDT"", ""entry_fee_rate"": 0.0, ""intended_entry"": 89.28, ""sl0"": 90.9085610396819}",2023-05-28 01:00:00+00:00,2023-05-28 23:00:00+00:00,-1.001339713656286,mean_rev
XRP/USDT:USDT,long,0.47805652049999997,0.4893052010565155,0.4724979195773938,43601.982,2023-05-28T21:00:00+00:00,2023-05-29T21:00:00+00:00,486.24687831185975,tp_hit,"{""trend"": 0.0, ""mean_rev"": 0.0, ""breakout"": 1.0, ""confidence"": 1.0, ""strategy"": ""squeeze"", ""atr"": 0.0024010402113030993, ""slot"": ""XRP/USDT:USDT:squeeze"", ""entry_fee_rate"": 0.0001, ""intended_entry"": 0.4773, ""sl0"": 0.4724979195773938}",2023-05-28 21:00:00+00:00,2023-05-29 21:00:00+00:00,2.0236532021517206,squeeze
LTC/USDT:USDT,short,91.61,92.13221112,93.50365339554472,155.128,2023-05-28T23:00:00+00:00,2023-05-31T00:00:00+00:00,-82.43879518802146,max_hold,"{""trend"": 0.0, ""mean_rev"": -0.7978678058012703, ""breakout"": 0.0, ""confidence"": 0.7978678058012703, ""strategy"": ""mean_rev"", ""atr"": 0.6312177985149078, ""slot"": ""LTC/USDT:USDT"", ""entry_fee_rate"": 0.0, ""intended_entry"": 91.61, ""sl0"": 93.50365339554472}",2023-05-28 23:00:00+00:00,2023-05-31 00:00:00+00:00,-0.27576911446868985,mean_rev
XRP/USDT:USDT,long,0.48977506499999995,0.5107159424745561,0.48031362301017755,35408.796,2023-05-29T22:00:00+00:00,2023-05-30T18:00:00+00:00,737.9486403592035,tp_hit,"{""trend"": 0.0, ""mean_rev"": 0.0, ""breakout"": 0.8, ""confidence"": 0.8, ""strategy"": ""squeeze"", ""atr"": 0.004343188494911225, ""slot"": ""XRP/USDT:USDT:squeeze"", ""entry_fee_rate"": 0.0001, ""intended_entry"": 0.489, ""sl0"": 0.48031362301017755}",2023-05-29 22:00:00+00:00,2023-05-30 18:00:00+00:00,2.2132860400224477,squeeze
DOGE/USDT:USDT,short,0.07227526185,0.0731483399067661,0.07314658438874076,314569.544,2023-05-30T08:00:00+00:00,2023-05-30T12:00:00+00:00,-279.21834980246615,sl_hit,"{""trend"": 0.0, ""mean_rev"": 0.0, ""breakout"": -1.0, ""confidence"": 1.0, ""strategy"": ""squeeze"", ""atr"": 0.00037829219437038076, ""slot"": ""DOGE/USDT:USDT:squeeze"", ""entry_fee_rate"": 0.0001, ""intended_entry"": 0.07239, ""sl0"": 0.07314658438874076}",2023-05-30 08:00:00+00:00,2023-05-30 12:00:00+00:00,-1.002014774032902,squeeze
ICP/USDT:USDT,short,4.609682055,4.787721465902136,4.787606563344616,1864.429,2023-06-01T04:00:00+00:00,2023-06-02T06:00:00+00:00,-333.6939199937648,sl_hit,"{""trend"": 0.0, ""mean_rev"": 0.0, ""breakout"": -0.8, ""confidence"": 0.8, ""strategy"": ""donchian"", ""atr"": 0.08530328167230788, ""slot"": ""ICP/USDT:USDT:donchian"", ""entry_fee_rate"": 0.0001, ""intended_entry"": 4.617, ""sl0"": 4.787606563344616, ""max_hold"": 120}",2023-06-01 04:00:00+00:00,2023-06-02 06:00:00+00:00,-1.0006457938739821,donchian
LTC/USDT:USDT,short,96.66,92.82329049561874,98.96156538955084,133.128,2023-06-03T11:00:00+00:00,2023-06-05T03:00:00+00:00,509.53772499755837,tp_hit,"{""trend"": 0.0, ""mean_rev"": -0.7205633225170257, ""breakout"": 0.0, ""confidence"": 0.7205633225170257, ""strategy"": ""mean_rev"", ""atr"": 0.7671884631836143, ""slot"": ""LTC/USDT:USDT"", ""entry_fee_rate"": 0.0, ""intended_entry"": 96.66, ""sl0"": 98.96156538955084}",2023-06-03 11:00:00+00:00,2023-06-05 03:00:00+00:00,1.6670000000000011,mean_rev
SOL/USDT:USDT,long,22.0749334,21.400830394218247,21.40134402647488,488.3,2023-06-04T16:00:00+00:00,2023-06-05T15:00:00+00:00,-331.28741926930144,sl_hit,"{""trend"": 0.0, ""mean_rev"": 0.0, ""breakout"": 0.8, ""confidence"": 0.8, ""strategy"": ""donchian"", ""atr"": 0.31932798676255963, ""slot"": ""SOL/USDT:USDT:donchian"", ""entry_fee_rate"": 0.0001, ""intended_entry"": 22.04, ""sl0"": 21.40134402647488, ""max_hold"": 120}",2023-06-04 16:00:00+00:00,2023-06-05 15:00:00+00:00,-1.0007625302251226,donchian
BNB/USDT:USDT,short,300.8024712,291.41549210090034,305.22580315963984,74.914,2023-06-05T04:00:00+00:00,2023-06-05T16:00:00+00:00,698.7796105796808,tp_hit,"{""trend"": 0.0, ""mean_rev"": 0.0, ""breakout"": -0.8, ""confidence"": 0.8, ""strategy"": ""donchian"", ""atr"": 1.9729015798199223, ""slot"": ""BNB/USDT:USDT:donchian"", ""entry_fee_rate"": 0.0001, ""intended_entry"": 301.28, ""sl0"": 305.22580315963984, ""max_hold"": 120}",2023-06-05 04:00:00+00:00,2023-06-05 16:00:00+00:00,2.122151171277686,donchian
BCH/USDT:USDT,short,109.04688630000001,111.59480638807614,111.59212817699989,132.575,2023-06-05T16:00:00+00:00,2023-06-06T21:00:00+00:00,-340.71566291750446,sl_hit,"{""trend"": 0.0, ""mean_rev"": 0.0, ""breakout"": -0.8, ""confidence"": 0.8, ""strategy"": ""donchian"", ""atr"": 1.1860640884999487, ""slot"": ""BCH/USDT:USDT:donchian"", ""entry_fee_rate"": 0.0001, ""intended_entry"": 109.22, ""sl0"": 111.59212817699989, ""max_hold"": 120}",2023-06-05 16:00:00+00:00,2023-06-06 21:00:00+00:00,-1.0010522422644565,donchian
ETH/USDT:USDT,short,1821.2786905500002,1862.6922204266386,1862.6475168862332,12.477,2023-06-05T16:00:00+00:00,2023-06-06T18:00:00+00:00,-521.3131027764434,sl_hit,"{""trend"": 0.0, ""mean_rev"": 0.0, ""breakout"": -0.8, ""confidence"": 0.8, ""strategy"": ""donchian"", ""atr"": 19.238758443116566, ""slot"": ""ETH/USDT:USDT:donchian"", ""entry_fee_rate"": 0.0001, ""intended_entry"": 1824.17, ""sl0"": 1862.6475168862332, ""max_hold"": 120}",2023-06-05 16:00:00+00:00,2023-06-06 18:00:00+00:00,-1.0010806093468079,donchian
ICP/USDT:USDT,short,4.200331905,4.400126862304268,4.400021261793985,1746.443,2023-06-05T16:00:00+00:00,2023-06-06T19:00:00+00:00,-350.4325257204334,sl_hit,"{""trend"": 0.0, ""mean_rev"": 0.0, ""breakout"": -0.8, ""confidence"": 0.8, ""strategy"": ""donchian"", ""atr"": 0.09651063089699283, ""slot"": ""ICP/USDT:USDT:donchian"", ""entry_fee_rate"": 0.0001, ""intended_entry"": 4.207, ""sl0"": 4.400021261793985, ""max_hold"": 120}",2023-06-05 16:00:00+00:00,2023-06-06 19:00:00+00:00,-1.0005288239292183,donchian
NEAR/USDT:USDT,short,1.504611405,1.3366039633048283,1.5751584146780684,4945.84,2023-06-05T16:00:00+00:00,2023-06-10T04:00:00+00:00,829.5327057719297,tp_hit,"{""trend"": 0.0, ""mean_rev"": 0.0, ""breakout"": -0.8, ""confidence"": 0.8, ""strategy"": ""donchian"", ""atr"": 0.0340792073390343, ""slot"": ""NEAR/USDT:USDT:donchian"", ""entry_fee_rate"": 0.0001, ""intended_entry"": 1.507, ""sl0"": 1.5751584146780684, ""max_hold"": 120}",2023-06-05 16:00:00+00:00,2023-06-10 04:00:00+00:00,2.381496288245955,donchian
BNB/USDT:USDT,short,258.5096118,227.8581130319867,271.3447547872053,24.713,2023-06-07T16:00:00+00:00,2023-06-10T06:00:00+00:00,756.2885284955357,tp_hit,"{""trend"": 0.0, ""mean_rev"": 0.0, ""breakout"": -0.8, ""confidence"": 0.8, ""strategy"": ""donchian"", ""atr"": 6.212377393602662, ""slot"": ""BNB/USDT:USDT:donchian"", ""entry_fee_rate"": 0.0001, ""intended_entry"": 258.92, ""sl0"": 271.3447547872053, ""max_hold"": 120}",2023-06-07 16:00:00+00:00,2023-06-10 06:00:00+00:00,2.388091725862986,donchian
SOL/USDT:USDT,short,17.354449530000004,14.555250934193019,18.512699626322796,280.683,2023-06-09T20:00:00+00:00,2023-06-10T06:00:00+00:00,784.7918084213527,tp_hit,"{""trend"": 0.0, ""mean_rev"": 0.0, ""breakout"": -0.8, ""confidence"": 0.8, ""strategy"": ""donchian"", ""atr"": 0.5653498131613965, ""slot"": ""SOL/USDT:USDT:donchian"", ""entry_fee_rate"": 0.0001, ""intended_entry"": 17.382, ""sl0"": 18.512699626322796, ""max_hold"": 120}",2023-06-09 20:00:00+00:00,2023-06-10 06:00:00+00:00,2.416747993109493,donchian
LTC/USDT:USDT,long,86.93,84.46027476157138,84.46230185681596,132.059,2023-06-10T03:00:00+00:00,2023-06-10T06:00:00+00:00,-327.2648192041193,sl_hit,"{""trend"": 0.0, ""mean_rev"": 0.6355189010101547, ""breakout"": 0.0, ""confidence"": 0.6355189010101547, ""strategy"": ""mean_rev"", ""atr"": 0.8225660477280194, ""slot"": ""LTC/USDT:USDT"", ""entry_fee_rate"": 0.0, ""intended_entry"": 86.93, ""sl0"": 84.46230185681596}",2023-06-10 03:00:00+00:00,2023-06-10 06:00:00+00:00,-1.0008214518660519,mean_rev
ADA/USDT:USDT,short,0.275961906,0.23226448457718563,0.2940542061691257,19108.387,2023-06-10T04:00:00+00:00,2023-06-10T06:00:00+00:00,834.016100793751,tp_hit,"{""trend"": 0.0, ""mean_rev"": 0.0, ""breakout"": -0.8, ""confidence"": 0.8, ""strategy"": ""donchian"", ""atr"": 0.008827103084562872, ""slot"": ""ADA/USDT:USDT:donchian"", ""entry_fee_rate"": 0.0001, ""intended_entry"": 0.2764, ""sl0"": 0.2940542061691257, ""max_hold"": 120}",2023-06-10 04:00:00+00:00,2023-06-10 06:00:00+00:00,2.415249637377974,donchian
ADA/USDT:USDT,short,0.23941991700000004,0.265,0.26456461997733455,15965.206,2023-06-10T08:00:00+00:00,2023-06-10T18:00:00+00:00,-409.1966113806384,portfoy_stop,"{""trend"": 0.0, ""mean_rev"": 0.0, ""breakout"": -0.8, ""confidence"": 0.8, ""strategy"": ""donchian"", ""atr"": 0.01238230998866726, ""slot"": ""ADA/USDT:USDT:donchian"", ""entry_fee_rate"": 0.0001, ""intended_entry"": 0.2398, ""sl0"": 0.26456461997733455, ""max_hold"": 120}",2023-06-10 08:00:00+00:00,2023-06-10 18:00:00+00:00,-1.0173149797417738,donchian
BCH/USDT:USDT,short,98.68333860000001,103.09247416000001,104.28922862976803,72.555,2023-06-10T08:00:00+00:00,2023-06-10T18:00:00+00:00,-321.3688149652799,portfoy_stop,"{""trend"": 0.0, ""mean_rev"": 0.0, ""breakout"": -0.8, ""confidence"": 0.8, ""strategy"": ""donchian"", ""atr"": 2.7246143148840165, ""slot"": ""BCH/USDT:USDT:donchian"", ""entry_fee_rate"": 0.0001, ""intended_entry"": 98.84, ""sl0"": 104.28922862976803, ""max_hold"": 120}",2023-06-10 08:00:00+00:00,2023-06-10 18:00:00+00:00,-0.786518382734392,donchian
BNB/USDT:USDT,short,234.4078737,239.97575928,248.76495512187077,28.271,2023-06-10T08:00:00+00:00,2023-06-10T18:00:00+00:00,-158.75082320097763,portfoy_stop,"{""trend"": 0.0, ""mean_rev"": 0.0, ""breakout"": -0.8, ""confidence"": 0.8, ""strategy"": ""donchian"", ""atr"": 6.992477560935387, ""slot"": ""BNB/USDT:USDT:donchian"", ""entry_fee_rate"": 0.0001, ""intended_entry"": 234.78, ""sl0"": 248.76495512187077, ""max_hold"": 120}",2023-06-10 08:00:00+00:00,2023-06-10 18:00:00+00:00,-0.38781458545733366,donchian
ETH/USDT:USDT,short,1728.66571515,1759.5122272800002,1782.4697327977826,7.743,2023-06-10T08:00:00+00:00,2023-06-10T18:00:00+00:00,-241.54543960341405,portfoy_stop,"{""trend"": 0.0, ""mean_rev"": 0.0, ""breakout"": -0.8, ""confidence"": 0.8, ""strategy"": ""donchian"", ""atr"": 25.529866398891237, ""slot"": ""ETH/USDT:USDT:donchian"", ""entry_fee_rate"": 0.0001, ""intended_entry"": 1731.41, ""sl0"": 1782.4697327977826, ""max_hold"": 120}",2023-06-10 08:00:00+00:00,2023-06-10 18:00:00+00:00,-0.5733124305313168,donchian
ICP/USDT:USDT,short,3.61625913,3.786090864,3.9278446932532964,1292.722,2023-06-10T08:00:00+00:00,2023-06-10T18:00:00+00:00,-220.5021369088426,portfoy_stop,"{""trend"": 0.0, ""mean_rev"": 0.0, ""breakout"": -0.8, ""confidence"": 0.8, ""strategy"": ""donchian"", ""atr"": 0.15292234662664822, ""slot"": ""ICP/USDT:USDT:donchian"", ""entry_fee_rate"": 0.0001, ""intended_entry"": 3.622, ""sl0"": 3.9278446932532964, ""max_hold"": 120}",2023-06-10 08:00:00+00:00,2023-06-10 18:00:00+00:00,-0.5450564917923983,donchian
NEAR/USDT:USDT,short,1.2230583750000001,1.176028224,1.3194862348576215,4184.443,2023-06-10T08:00:00+00:00,2023-06-10T18:00:00+00:00,195.79110202833587,portfoy_stop,"{""trend"": 0.0, ""mean_rev"": 0.0, ""breakout"": -0.8, ""confidence"": 0.8, ""strategy"": ""donchian"", ""atr"": 0.04724311742881073, ""slot"": ""NEAR/USDT:USDT:donchian"", ""entry_fee_rate"": 0.0001, ""intended_entry"": 1.225, ""sl0"": 1.3194862348576215, ""max_hold"": 120}",2023-06-10 08:00:00+00:00,2023-06-10 18:00:00+00:00,0.48772368348153344,donchian
SOL/USDT:USDT,short,14.37118551,14.665351959999999,16.112442808425282,230.075,2023-06-10T08:00:00+00:00,2023-06-10T18:00:00+00:00,-68.34840411959073,portfoy_stop,"{""trend"": 0.0, ""mean_rev"": 0.0, ""breakout"": -0.8, ""confidence"": 0.8, ""strategy"": ""donchian"", ""atr"": 0.8592214042126407, ""slot"": ""SOL/USDT:USDT:donchian"", ""entry_fee_rate"": 0.0001, ""intended_entry"": 14.394, ""sl0"": 16.112442808425282, ""max_hold"": 120}",2023-06-10 08:00:00+00:00,2023-06-10 18:00:00+00:00,-0.16893910524655387,donchian
