grup,symbol,side,entry_time,hacim_orani,eskide_ayni_coin_donchian_acik,sebep,yenide_ayni_coin_donchian_acik
yalniz_filtreli,SOL/USDT:USDT,short,2023-05-22T00:00:00+00:00,2.809609909043565,True,yuva dolu: filtrenin eledigi islem,
yalniz_filtreli,NEAR/USDT:USDT,short,2023-05-22T04:00:00+00:00,5.586599230101209,True,yuva dolu: filtrenin eledigi islem,
yalniz_filtreli,ICP/USDT:USDT,short,2023-06-01T04:00:00+00:00,2.5102192179366027,True,yuva dolu: filtrenin eledigi islem,
yalniz_filtreli,SOL/USDT:USDT,long,2023-06-04T16:00:00+00:00,2.81860251684368,True,yuva dolu: filtrenin eledigi islem,
yalniz_filtreli,SOL/USDT:USDT,short,2023-06-09T20:00:00+00:00,4.158012151403962,True,yuva dolu: filtrenin eledigi islem,
yalniz_filtreli,ETH/USDT:USDT,long,2023-06-21T16:00:00+00:00,2.63760676711563,True,yuva dolu: filtrenin eledigi islem,
yalniz_filtreli,ETH/USDT:USDT,long,2023-07-13T20:00:00+00:00,3.940505656904335,True,yuva dolu: filtrenin eledigi islem,
yalniz_filtreli,SOL/USDT:USDT,long,2023-07-13T20:00:00+00:00,2.8581884194327993,True,yuva dolu: filtrenin eledigi islem,
yalniz_filtreli,NEAR/USDT:USDT,long,2023-07-14T16:00:00+00:00,3.1142974131024594,True,yuva dolu: filtrenin eledigi islem,
yalniz_filtreli,BNB/USDT:USDT,short,2023-08-15T20:00:00+00:00,16.756709810465857,True,yuva dolu: filtrenin eledigi islem,
yalniz_filtreli,ADA/USDT:USDT,short,2023-09-10T08:00:00+00:00,3.2520679590387473,True,yuva dolu: filtrenin eledigi islem,
yalniz_filtreli,ETH/USDT:USDT,short,2023-09-11T16:00:00+00:00,3.004300423292221,True,yuva dolu: filtrenin eledigi islem,
yalniz_filtreli,ADA/USDT:USDT,long,2023-10-02T00:00:00+00:00,2.863485963758536,True,yuva dolu: filtrenin eledigi islem,
yalniz_filtreli,ETH/USDT:USDT,long,2023-10-02T00:00:00+00:00,3.5084060150690055,False,aciklanamadi (farkli risk/CAP/TRX: marjin veya koltuk olabilir),
yalniz_filtreli,ADA/USDT:USDT,long,2023-10-24T04:00:00+00:00,2.588220949702216,True,yuva dolu: filtrenin eledigi islem,
yalniz_filtreli,NEAR/USDT:USDT,long,2023-10-26T12:00:00+00:00,3.0329416495507378,True,yuva dolu: filtrenin eledigi islem,
yalniz_filtreli,ICP/USDT:USDT,long,2023-10-29T20:00:00+00:00,4.008625575852089,True,yuva dolu: filtrenin eledigi islem,
yalniz_filtreli,SOL/USDT:USDT,long,2023-11-01T00:00:00+00:00,2.7106740635183497,True,yuva dolu: filtrenin eledigi islem,
yalniz_filtreli,NEAR/USDT:USDT,long,2023-11-01T16:00:00+00:00,12.158240533052888,True,yuva dolu: filtrenin eledigi islem,
yalniz_filtreli,SOL/USDT:USDT,long,2023-11-01T20:00:00+00:00,4.527912871183274,True,yuva dolu: filtrenin eledigi islem,
yalniz_filtreli,ADA/USDT:USDT,long,2023-11-02T20:00:00+00:00,6.135631934783373,True,yuva dolu: filtrenin eledigi islem,
yalniz_filtreli,ETH/USDT:USDT,long,2023-11-09T16:00:00+00:00,3.355004089578349,True,yuva dolu: filtrenin eledigi islem,
yalniz_filtreli,NEAR/USDT:USDT,long,2023-11-20T12:00:00+00:00,2.6225645748188926,True,yuva dolu: filtrenin eledigi islem,
yalniz_filtreli,ADA/USDT:USDT,long,2023-12-04T08:00:00+00:00,2.8771748434232713,True,yuva dolu: filtrenin eledigi islem,
yalniz_filtreli,ADA/USDT:USDT,long,2023-12-08T12:00:00+00:00,3.976275422864354,True,yuva dolu: filtrenin eledigi islem,
yalniz_filtreli,ADA/USDT:USDT,long,2023-12-09T08:00:00+00:00,2.669717290264392,True,yuva dolu: filtrenin eledigi islem,
yalniz_filtreli,ICP/USDT:USDT,long,2023-12-13T20:00:00+00:00,2.5230626413343367,True,yuva dolu: filtrenin eledigi islem,
yalniz_filtreli,ETH/USDT:USDT,long,2024-01-10T16:00:00+00:00,2.643160753367004,True,yuva dolu: filtrenin eledigi islem,
yalniz_filtreli,ETH/USDT:USDT,short,2024-01-23T12:00:00+00:00,4.877053336016524,False,aciklanamadi (farkli risk/CAP/TRX: marjin veya koltuk olabilir),
yalniz_filtreli,NEAR/USDT:USDT,short,2024-01-23T12:00:00+00:00,3.922870810251015,True,yuva dolu: filtrenin eledigi islem,
yalniz_filtreli,ICP/USDT:USDT,long,2024-02-03T12:00:00+00:00,2.9100160207414847,True,yuva dolu: filtrenin eledigi islem,
yalniz_filtreli,ADA/USDT:USDT,short,2024-02-07T12:00:00+00:00,2.702604019445932,True,yuva dolu: filtrenin eledigi islem,
yalniz_filtreli,BCH/USDT:USDT,long,2024-02-11T04:00:00+00:00,3.1708073245390325,False,aciklanamadi (farkli risk/CAP/TRX: marjin veya koltuk olabilir),
yalniz_filtreli,ETH/USDT:USDT,long,2024-02-12T20:00:00+00:00,3.7037529698254184,True,yuva dolu: filtrenin eledigi islem,
yalniz_filtreli,BCH/USDT:USDT,long,2024-02-27T04:00:00+00:00,4.902975024659664,True,yuva dolu: filtrenin eledigi islem,
yalniz_filtreli,NEAR/USDT:USDT,long,2024-03-06T20:00:00+00:00,6.937627582183389,True,yuva dolu: filtrenin eledigi islem,
yalniz_filtreli,NEAR/USDT:USDT,long,2024-03-11T08:00:00+00:00,2.770681382504027,True,yuva dolu: filtrenin eledigi islem,
yalniz_filtreli,BNB/USDT:USDT,long,2024-03-13T12:00:00+00:00,2.5350570998192214,True,yuva dolu: filtrenin eledigi islem,
yalniz_filtreli,BCH/USDT:USDT,long,2024-03-24T16:00:00+00:00,2.553674867350573,True,yuva dolu: filtrenin eledigi islem,
yalniz_filtreli,BCH/USDT:USDT,long,2024-03-29T12:00:00+00:00,3.466424129710663,True,yuva dolu: filtrenin eledigi islem,
yalniz_filtreli,BNB/USDT:USDT,long,2024-04-22T08:00:00+00:00,4.420090630350196,True,yuva dolu: filtrenin eledigi islem,
yalniz_filtreli,NEAR/USDT:USDT,long,2024-04-22T20:00:00+00:00,3.071919204853722,True,yuva dolu: filtrenin eledigi islem,
yalniz_filtreli,BCH/USDT:USDT,short,2024-04-29T12:00:00+00:00,2.6910059753318136,True,yuva dolu: filtrenin eledigi islem,
yalniz_filtreli,SOL/USDT:USDT,short,2024-04-30T20:00:00+00:00,2.5091487489209348,True,yuva dolu: filtrenin eledigi islem,
yalniz_filtreli,ETH/USDT:USDT,long,2024-05-20T20:00:00+00:00,3.423083158105933,False,aciklanamadi (farkli risk/CAP/TRX: marjin veya koltuk olabilir),
yalniz_filtreli,BCH/USDT:USDT,long,2024-05-21T00:00:00+00:00,2.681151058044228,True,yuva dolu: filtrenin eledigi islem,
yalniz_filtreli,ICP/USDT:USDT,short,2024-06-07T20:00:00+00:00,4.581072025597457,False,eskide 2 ardisik zarar sogumasi,
yalniz_filtreli,ETH/USDT:USDT,short,2024-06-11T16:00:00+00:00,2.8023588654253104,True,yuva dolu: filtrenin eledigi islem,
yalniz_filtreli,BCH/USDT:USDT,short,2024-06-24T12:00:00+00:00,3.190493606727867,True,yuva dolu: filtrenin eledigi islem,
yalniz_filtreli,ADA/USDT:USDT,short,2024-07-05T04:00:00+00:00,3.146450200246131,True,yuva dolu: filtrenin eledigi islem,
yalniz_filtreli,ETH/USDT:USDT,short,2024-07-05T04:00:00+00:00,2.8812181475412157,True,yuva dolu: filtrenin eledigi islem,
yalniz_filtreli,BCH/USDT:USDT,short,2024-07-05T08:00:00+00:00,2.716117871681782,True,yuva dolu: filtrenin eledigi islem,
yalniz_filtreli,BNB/USDT:USDT,long,2024-07-19T16:00:00+00:00,2.928507228215358,True,yuva dolu: filtrenin eledigi islem,
yalniz_filtreli,NEAR/USDT:USDT,short,2024-08-01T20:00:00+00:00,2.5069688304836646,True,yuva dolu: filtrenin eledigi islem,
yalniz_filtreli,BNB/USDT:USDT,short,2024-08-04T16:00:00+00:00,2.5737354924116596,True,yuva dolu: filtrenin eledigi islem,
yalniz_filtreli,BNB/USDT:USDT,long,2024-08-19T20:00:00+00:00,3.426184374592485,True,yuva dolu: filtrenin eledigi islem,
yalniz_filtreli,ICP/USDT:USDT,long,2024-08-22T16:00:00+00:00,5.1240136024104554,True,yuva dolu: filtrenin eledigi islem,
yalniz_filtreli,BNB/USDT:USDT,long,2024-09-12T04:00:00+00:00,3.342618353544489,True,yuva dolu: filtrenin eledigi islem,
yalniz_filtreli,NEAR/USDT:USDT,long,2024-09-23T16:00:00+00:00,3.0334795838471167,True,yuva dolu: filtrenin eledigi islem,
yalniz_filtreli,ADA/USDT:USDT,long,2024-09-24T16:00:00+00:00,2.822911267566409,True,yuva dolu: filtrenin eledigi islem,
yalniz_filtreli,SOL/USDT:USDT,long,2024-10-21T00:00:00+00:00,3.2239550160370363,True,yuva dolu: filtrenin eledigi islem,
yalniz_filtreli,SOL/USDT:USDT,long,2024-10-23T20:00:00+00:00,2.5840718100623765,True,yuva dolu: filtrenin eledigi islem,
yalniz_filtreli,ADA/USDT:USDT,long,2024-11-08T00:00:00+00:00,2.86935756685363,True,yuva dolu: filtrenin eledigi islem,
yalniz_filtreli,BNB/USDT:USDT,long,2024-11-09T04:00:00+00:00,3.457127124155027,True,yuva dolu: filtrenin eledigi islem,
yalniz_filtreli,ADA/USDT:USDT,long,2024-11-20T12:00:00+00:00,3.547099302197015,True,yuva dolu: filtrenin eledigi islem,
yalniz_filtreli,ADA/USDT:USDT,short,2024-12-20T12:00:00+00:00,2.539629349100773,False,aciklanamadi (farkli risk/CAP/TRX: marjin veya koltuk olabilir),
yalniz_filtreli,NEAR/USDT:USDT,short,2024-12-20T12:00:00+00:00,3.301367987522827,True,yuva dolu: filtrenin eledigi islem,
yalniz_filtreli,ADA/USDT:USDT,long,2025-01-03T08:00:00+00:00,3.7070091779320973,True,yuva dolu: filtrenin eledigi islem,
yalniz_filtreli,ADA/USDT:USDT,short,2025-01-27T08:00:00+00:00,3.077440563687309,True,yuva dolu: filtrenin eledigi islem,
yalniz_filtreli,SOL/USDT:USDT,short,2025-02-17T16:00:00+00:00,2.921759015615697,True,yuva dolu: filtrenin eledigi islem,
yalniz_filtreli,ADA/USDT:USDT,short,2025-02-25T00:00:00+00:00,2.8422908437073966,True,yuva dolu: filtrenin eledigi islem,
yalniz_filtreli,NEAR/USDT:USDT,short,2025-02-25T08:00:00+00:00,2.7863571390449406,True,yuva dolu: filtrenin eledigi islem,
yalniz_filtreli,ETH/USDT:USDT,short,2025-02-26T20:00:00+00:00,2.5890756998508664,True,yuva dolu: filtrenin eledigi islem,
yalniz_filtreli,SOL/USDT:USDT,short,2025-04-03T00:00:00+00:00,3.1076692250209277,False,eskide 2 ardisik zarar sogumasi,
yalniz_filtreli,ETH/USDT:USDT,long,2025-05-09T00:00:00+00:00,2.60023530492089,True,yuva dolu: filtrenin eledigi islem,
yalniz_filtreli,ADA/USDT:USDT,short,2025-06-06T00:00:00+00:00,4.1579223792914695,True,yuva dolu: filtrenin eledigi islem,
yalniz_filtreli,ICP/USDT:USDT,long,2025-06-09T12:00:00+00:00,3.0449148655442233,True,yuva dolu: filtrenin eledigi islem,
yalniz_filtreli,NEAR/USDT:USDT,short,2025-06-17T16:00:00+00:00,2.5369426136379634,True,yuva dolu: filtrenin eledigi islem,
yalniz_filtreli,SOL/USDT:USDT,long,2025-06-30T16:00:00+00:00,3.0868304936762345,True,yuva dolu: filtrenin eledigi islem,
yalniz_filtreli,ADA/USDT:USDT,long,2025-07-11T16:00:00+00:00,2.597591997831388,True,yuva dolu: filtrenin eledigi islem,
yalniz_filtreli,ETH/USDT:USDT,long,2025-07-16T16:00:00+00:00,2.6765559557210308,True,yuva dolu: filtrenin eledigi islem,
yalniz_filtreli,BNB/USDT:USDT,long,2025-07-27T20:00:00+00:00,8.00192444908053,True,yuva dolu: filtrenin eledigi islem,
yalniz_filtreli,BNB/USDT:USDT,long,2025-08-13T12:00:00+00:00,2.6509361919209975,True,yuva dolu: filtrenin eledigi islem,
yalniz_filtreli,ADA/USDT:USDT,long,2025-08-14T04:00:00+00:00,2.7542372302616585,True,yuva dolu: filtrenin eledigi islem,
yalniz_filtreli,BCH/USDT:USDT,long,2025-09-02T16:00:00+00:00,2.940054585674716,True,yuva dolu: filtrenin eledigi islem,
yalniz_filtreli,NEAR/USDT:USDT,long,2025-09-09T08:00:00+00:00,8.532293595542939,True,yuva dolu: filtrenin eledigi islem,
yalniz_filtreli,SOL/USDT:USDT,long,2025-09-10T16:00:00+00:00,2.5223998687803495,True,yuva dolu: filtrenin eledigi islem,
yalniz_filtreli,ICP/USDT:USDT,short,2025-09-15T12:00:00+00:00,3.339346128001063,True,yuva dolu: filtrenin eledigi islem,
yalniz_filtreli,BCH/USDT:USDT,long,2025-09-18T04:00:00+00:00,3.040417109757766,True,yuva dolu: filtrenin eledigi islem,
yalniz_filtreli,NEAR/USDT:USDT,long,2025-09-18T16:00:00+00:00,2.55030008034653,True,yuva dolu: filtrenin eledigi islem,
yalniz_filtreli,ETH/USDT:USDT,short,2025-09-25T20:00:00+00:00,3.008713706706536,True,yuva dolu: filtrenin eledigi islem,
yalniz_filtreli,BNB/USDT:USDT,long,2025-10-02T16:00:00+00:00,2.8089314310113926,True,yuva dolu: filtrenin eledigi islem,
yalniz_filtreli,BNB/USDT:USDT,long,2025-10-06T08:00:00+00:00,2.7612943380527653,True,yuva dolu: filtrenin eledigi islem,
yalniz_filtreli,ETH/USDT:USDT,short,2025-10-10T16:00:00+00:00,3.1236497923164555,True,yuva dolu: filtrenin eledigi islem,
yalniz_filtreli,ICP/USDT:USDT,short,2025-10-10T20:00:00+00:00,2.5892221357478418,True,yuva dolu: filtrenin eledigi islem,
yalniz_filtreli,BCH/USDT:USDT,long,2025-10-26T16:00:00+00:00,2.6370672528144135,True,yuva dolu: filtrenin eledigi islem,
yalniz_filtreli,ADA/USDT:USDT,short,2025-11-03T16:00:00+00:00,2.8657384600854403,True,yuva dolu: filtrenin eledigi islem,
yalniz_filtreli,ICP/USDT:USDT,long,2025-11-04T16:00:00+00:00,3.274441201404719,True,yuva dolu: filtrenin eledigi islem,
yalniz_filtreli,ICP/USDT:USDT,short,2025-12-15T00:00:00+00:00,3.1068378980895384,True,yuva dolu: filtrenin eledigi islem,
yalniz_filtreli,ADA/USDT:USDT,short,2025-12-15T16:00:00+00:00,2.7499737883397266,True,yuva dolu: filtrenin eledigi islem,
yalniz_filtreli,NEAR/USDT:USDT,short,2025-12-15T16:00:00+00:00,4.642487044662582,True,yuva dolu: filtrenin eledigi islem,
yalniz_filtreli,ADA/USDT:USDT,short,2026-01-19T04:00:00+00:00,2.9163390236015556,True,yuva dolu: filtrenin eledigi islem,
yalniz_filtreli,ETH/USDT:USDT,short,2026-01-20T16:00:00+00:00,3.88374732417052,True,yuva dolu: filtrenin eledigi islem,
yalniz_filtreli,BNB/USDT:USDT,short,2026-01-25T20:00:00+00:00,3.0369113060260893,False,aciklanamadi (farkli risk/CAP/TRX: marjin veya koltuk olabilir),
yalniz_filtreli,BNB/USDT:USDT,short,2026-02-06T00:00:00+00:00,3.653142525338033,True,yuva dolu: filtrenin eledigi islem,
yalniz_filtreli,ICP/USDT:USDT,short,2026-02-19T12:00:00+00:00,4.064116573871984,True,yuva dolu: filtrenin eledigi islem,
yalniz_filtreli,NEAR/USDT:USDT,long,2026-03-13T04:00:00+00:00,3.9775497095063184,True,yuva dolu: filtrenin eledigi islem,
yalniz_filtreli,ICP/USDT:USDT,short,2026-03-22T20:00:00+00:00,4.142657717756173,True,yuva dolu: filtrenin eledigi islem,
yalniz_filtreli,BNB/USDT:USDT,short,2026-04-02T16:00:00+00:00,3.905904101467963,True,yuva dolu: filtrenin eledigi islem,
yalniz_filtreli,NEAR/USDT:USDT,long,2026-04-04T16:00:00+00:00,2.524548067012229,True,yuva dolu: filtrenin eledigi islem,
yalniz_filtreli,BCH/USDT:USDT,short,2026-04-05T16:00:00+00:00,2.8449562855670787,True,yuva dolu: filtrenin eledigi islem,
yalniz_filtreli,ADA/USDT:USDT,short,2026-04-13T00:00:00+00:00,3.060165274085135,True,yuva dolu: filtrenin eledigi islem,
yalniz_filtreli,BCH/USDT:USDT,long,2026-04-17T16:00:00+00:00,2.611401812576451,True,yuva dolu: filtrenin eledigi islem,
yalniz_filtreli,ETH/USDT:USDT,long,2026-04-17T16:00:00+00:00,2.584110070096806,True,yuva dolu: filtrenin eledigi islem,
yalniz_filtreli,NEAR/USDT:USDT,short,2026-04-28T16:00:00+00:00,4.351298052154094,True,yuva dolu: filtrenin eledigi islem,
yalniz_filtreli,BNB/USDT:USDT,short,2026-04-29T16:00:00+00:00,4.280412568965455,True,yuva dolu: filtrenin eledigi islem,
yalniz_filtreli,NEAR/USDT:USDT,short,2026-04-29T16:00:00+00:00,3.052577130298173,True,yuva dolu: filtrenin eledigi islem,
yalniz_filtreli,ADA/USDT:USDT,long,2026-05-05T12:00:00+00:00,3.4473930982311365,True,yuva dolu: filtrenin eledigi islem,
yalniz_filtreli,ICP/USDT:USDT,long,2026-05-05T16:00:00+00:00,4.066561393960103,True,yuva dolu: filtrenin eledigi islem,
yalniz_filtreli,NEAR/USDT:USDT,long,2026-05-06T12:00:00+00:00,5.764465656121764,True,yuva dolu: filtrenin eledigi islem,
yalniz_filtreli,ADA/USDT:USDT,long,2026-05-10T20:00:00+00:00,3.2270451045018,True,yuva dolu: filtrenin eledigi islem,
yalniz_filtreli,BCH/USDT:USDT,short,2026-05-28T08:00:00+00:00,2.5080176387258892,True,yuva dolu: filtrenin eledigi islem,
yalniz_filtreli,ADA/USDT:USDT,short,2026-06-01T16:00:00+00:00,3.985003773184447,True,yuva dolu: filtrenin eledigi islem,
yalniz_filtreli,SOL/USDT:USDT,short,2026-06-02T16:00:00+00:00,3.297110569251804,True,yuva dolu: filtrenin eledigi islem,
yalniz_filtreli,BNB/USDT:USDT,short,2026-06-24T20:00:00+00:00,12.381419274464408,True,yuva dolu: filtrenin eledigi islem,
yalniz_filtreli,ADA/USDT:USDT,long,2026-07-03T20:00:00+00:00,5.251581633900878,True,yuva dolu: filtrenin eledigi islem,
yerinden_edilen,SOL/USDT:USDT,short,2023-06-10T04:00:00+00:00,5.92321356981049,,,True
yerinden_edilen,SOL/USDT:USDT,long,2023-11-01T16:00:00+00:00,3.7606814236384865,,,True
yerinden_edilen,NEAR/USDT:USDT,long,2023-11-01T20:00:00+00:00,5.9627045673840575,,,True
yerinden_edilen,ETH/USDT:USDT,long,2023-11-10T00:00:00+00:00,2.785900902669119,,,True
yerinden_edilen,ADA/USDT:USDT,long,2023-12-08T16:00:00+00:00,4.400209463285687,,,True
yerinden_edilen,BCH/USDT:USDT,long,2024-02-11T16:00:00+00:00,4.578500491273284,,,True
yerinden_edilen,BNB/USDT:USDT,long,2024-03-14T00:00:00+00:00,3.1285935677483456,,,True
yerinden_edilen,BCH/USDT:USDT,long,2024-04-01T00:00:00+00:00,3.9275257020180416,,,True
yerinden_edilen,ETH/USDT:USDT,long,2024-05-21T00:00:00+00:00,5.138227859010694,,,True
yerinden_edilen,ICP/USDT:USDT,long,2024-08-23T16:00:00+00:00,2.8647931656797105,,,True
yerinden_edilen,ADA/USDT:USDT,long,2024-11-08T04:00:00+00:00,2.940849153091659,,,True
yerinden_edilen,ADA/USDT:USDT,long,2024-11-22T04:00:00+00:00,2.9439851412094415,,,True
yerinden_edilen,ADA/USDT:USDT,long,2025-01-07T12:00:00+00:00,2.746326288247232,,,True
yerinden_edilen,NEAR/USDT:USDT,long,2025-09-09T12:00:00+00:00,2.8493107633688273,,,True
yerinden_edilen,BNB/USDT:USDT,long,2025-10-07T12:00:00+00:00,4.839341502351923,,,True
yerinden_edilen,ADA/USDT:USDT,short,2025-11-04T20:00:00+00:00,2.5467122091146686,,,True
yerinden_edilen,NEAR/USDT:USDT,long,2026-04-08T12:00:00+00:00,3.2357177874283822,,,True
yerinden_edilen,NEAR/USDT:USDT,long,2026-05-06T16:00:00+00:00,4.069928062600358,,,True
yerinden_edilen,ADA/USDT:USDT,short,2026-06-02T08:00:00+00:00,2.5675068317944003,,,True
yerinden_edilen,ADA/USDT:USDT,long,2026-07-04T20:00:00+00:00,3.768826723262252,,,True
