allocation,leverage,TRAIN_final,TRAIN_getiri,TRAIN_cagr,TRAIN_maxdd,TRAIN_maxdd_usd,TRAIN_en_kotu_ay,TRAIN_medyan_ay,TRAIN_pozitif_ay,TRAIN_getiri_dd,TRAIN_toparlanma_gun,TRAIN_pgr,TRAIN_sualti_gun,TRAIN_liq,TRAIN_liq_trades,TRAIN_reject,TRAIN_lookahead,TRAIN_pairs_return,TRAIN_pairs_trades,TEST_final,TEST_getiri,TEST_cagr,TEST_maxdd,TEST_maxdd_usd,TEST_en_kotu_ay,TEST_medyan_ay,TEST_pozitif_ay,TEST_getiri_dd,TEST_toparlanma_gun,TEST_pgr,TEST_sualti_gun,TEST_liq,TEST_liq_trades,TEST_reject,TEST_lookahead,TEST_pairs_return,TEST_pairs_trades,TEST_negay_n,TEST_negay_pairs_usd,TEST_negay_pairs_pozitif,TEST_worst5_base_mean,TEST_worst5_comb_mean,TEST_minus1_pairs_return,TEST_minus1_comb_return,TEST_minus1_comb_maxdd,TEST_minus3_pairs_return,TEST_minus3_comb_return,TEST_minus3_comb_maxdd,TEST_minus5_pairs_return,TEST_minus5_comb_return,TEST_minus5_comb_maxdd,d_return,d_maxdd_pp,d_pgr,USEFUL
0.1,1,119125.66185617141,10.912566185617141,3.1656948279677124,0.4173926316399461,50798.01577717252,-0.2197771153555188,0.1278387131635319,71.42857142857143,26.144606680624417,194.16666666666666,0.7278335834821185,622.6666666666666,2,2,3,0,0.13873496622430803,134,55627.982789708076,4.562798278970807,2.038482264949334,0.4675424193534462,48653.319789069574,-0.2629438044226493,0.09088289187340681,68.42105263157895,9.759110810267435,,0.758355410157071,555.125,0,0,0,0,0.06703409271055927,123,6,10.258723587897293,3,-0.15086708731690948,-0.14689883865754239,0.035401357100714126,4.559635005409824,0.4676879767207095,0.006730194452226446,4.556767889144974,0.4678199648870862,-0.000326850460359851,4.556062184653715,0.4678524672231924,-0.4995293540289172,-0.4958272688781906,-0.0004984374296040928,False
0.1,3,119412.13184380363,10.941213184380363,3.1714611418295,0.4148177646321246,50835.57250355507,-0.2179647652961485,0.1281745903875735,71.42857142857143,26.375951362843455,194.125,0.7270830650315315,622.4166666666666,15,15,1,0,0.4252049538565248,144,55671.42674073851,4.567142674073851,2.040018805712226,0.4672582106718556,48636.388567898946,-0.2626024056680073,0.08876770029674819,68.42105263157895,9.774344398372163,,0.7595790087921656,554.9583333333334,11,11,0,0,0.1104780437409949,125,6,8.425636751092725,3,-0.15086708731690948,-0.14727573778325537,0.0279317221612021,4.558888041915872,0.4676441867597678,-0.048443290798956484,4.551250540619857,0.46800173206121354,-0.07473235687342206,4.5486216340124095,0.4681249581203576,-0.495184958925873,-0.5242481370372531,0.0007251612054904877,False
0.1,5,118914.901508578,10.8914901508578,3.1614487071859623,0.41610186306478614,50783.31366947699,-0.21806756117500392,0.1290555796293782,71.42857142857143,26.1750574021391,194.125,0.7251056176443802,622.5,61,61,1,0,-0.07202538136910908,170,55603.71111002034,4.560371111002034,2.0376236316245033,0.46760335176692613,48644.78667631738,-0.26257160226464193,0.08926366783161854,68.42105263157895,9.752648465349585,,0.7596442641846803,554.9583333333334,46,46,0,0,0.042762413022821244,142,6,-11.269952027409886,3,-0.15086708731690948,-0.1481824327869084,-0.024663307078247154,4.553628538991927,0.46791713006755453,-0.1001502066799228,4.546079849031759,0.46826889210629774,-0.13032963377924522,4.543061906321828,0.4684096645564928,-0.5019565219976903,-0.48973402753019757,0.0007904165980052724,False
0.1,10,118172.29308090186,10.817229308090186,3.1464621169956644,0.41638093619337113,50789.659521784095,-0.21822201156764853,0.12616963381031,71.42857142857143,25.979165633718075,194.16666666666666,0.7262661250150586,622.375,207,207,1,0,-0.8146338090452538,259,54656.50683672145,4.465650683672145,2.0040114565999128,0.47204125242948347,48671.43536262052,-0.26643606468338654,0.081223751977614,68.42105263157895,9.460297507237998,,0.7639422762297812,554.7083333333334,208,208,0,0,-0.9044418602760688,249,6,-137.17110776800405,2,-0.15086708731690948,-0.15136928388751153,-0.9291801545555264,4.463176854244199,0.4721601146518867,-0.9370024681990032,4.4623946228798514,0.472197710601695,-0.9416359876390086,4.461931270935851,0.4722199830125139,-0.5966769493275796,-0.045943961274463874,0.005088428643106102,False
0.2,1,107154.73827906828,9.715473827906827,2.919212882272201,0.40781698170840586,45152.8322226896,-0.2139643054036312,0.11465140812399821,71.42857142857143,23.82312229178703,194.125,0.725684541235322,622.5416666666666,2,2,3,0,0.13873496622430803,134,50632.689249418916,4.063268924941892,1.8588673744725792,0.461482903541954,43222.81498735198,-0.2581884766787712,0.0802024811835107,68.42105263157895,8.804809222087455,,0.758125121149842,555.0416666666666,0,0,0,0,0.06703409271055927,123,6,20.517447175794587,3,-0.15086708731690948,-0.14236522017842093,0.035401357100714126,4.056942377819922,0.461802452811401,0.006730194452226446,4.051208145290224,0.4620924133674894,-0.000326850460359851,4.049796736307708,0.46216384631222507,-0.9990587080578326,-1.1017788500274128,-0.0007287264368330826,False
0.2,3,107727.67825433271,9.772767825433272,2.931267778101522,0.40223672302209934,45227.945675454655,-0.21007175582504334,0.11539688620221789,71.42857142857143,24.296060667977212,135.0,0.7391130826190171,622.0,15,15,1,0,0.4252049538565248,144,50719.57715147978,4.071957715147978,1.8620435333125376,0.4608550627609773,43188.952545010696,-0.2574371045475127,0.0760057724217098,68.42105263157895,8.83565798486172,,0.7640716802068978,554.9583333333334,11,11,0,0,0.1104780437409949,125,6,16.85127350218545,3,-0.15086708731690948,-0.14313420379914302,0.0279317221612021,4.05544845083202,0.4617023617510536,-0.048443290798956484,4.040173448239988,0.46248866204522776,-0.07473235687342206,4.034915635025095,0.4627599747231469,-0.990369917851746,-1.164562928125079,0.005217832620222684,False
0.2,5,106733.21758388144,9.673321758388145,2.910326449940401,0.40501724911798753,45123.42800729851,-0.21025355087656972,0.11710615980428996,71.42857142857143,23.88372786456352,135.0,0.7414346507560455,621.9583333333334,61,61,1,0,-0.07202538136910908,170,50584.14589004344,4.058414589004344,1.857092051587398,0.4616142335871626,43205.748761847586,-0.2573544998346059,0.07701883575411728,68.42105263157895,8.791788237262033,,0.7669887862662464,555.25,46,46,0,0,0.042762413022821244,142,6,-22.53990405481977,3,-0.15086708731690948,-0.1449916528458592,-0.024663307078247154,4.04492944498413,0.46230388230851927,-0.1001502066799228,4.029832065063795,0.4630782809418168,-0.13032963377924522,4.023796179643931,0.46338856498508896,-1.0039130439953805,-1.0886458455065529,0.00813493867957138,False
0.2,10,105248.00072852915,9.524800072852916,2.878896070353273,0.40567900197709306,45136.11971191279,-0.21062000512478618,0.11202872185383494,71.42857142857143,23.478661765665507,135.0,0.7407152063916946,622.0833333333334,207,207,1,0,-0.8146338090452538,259,48689.73734344566,3.868973734344566,1.7873330779378809,0.4714681018183361,43259.04613445386,-0.26589631853465023,0.06086742882482943,68.42105263157895,8.206225870685396,,0.77045789576348,555.0,208,208,0,0,-0.9044418602760688,249,6,-274.3422155360081,2,-0.15086708731690948,-0.15188436347776807,-0.9291801545555264,3.864026075488674,0.47173502442897686,-0.9370024681990032,3.8624616127599785,0.4718194836325238,-0.9416359876390086,3.8615349088719775,0.4718695257949662,-1.1933538986551584,-0.1032590223892016,0.011604048176804937,False
0.3,1,95183.81470196511,8.51838147019651,2.6607412152112104,0.396094295268012,39507.648668206646,-0.20690286923610235,0.10131177440943162,71.42857142857143,21.50594333713557,194.125,0.7260214117645571,622.4583333333334,2,2,3,0,0.1387349662243078,134,45637.39570912975,3.5637395709129747,1.6728857347345212,0.45390942940630197,37792.31018563438,-0.25230851158110146,0.06956057212847688,68.42105263157895,7.8512129073287245,,0.7582735739566301,554.9583333333334,0,0,0,0,0.06703409271055905,123,6,30.77617076369188,3,-0.15086708731690948,-0.13710703291444273,0.035401357100714126,3.5542497502300208,0.4544404131499028,0.006730194452226668,3.545648401435475,0.4549226472169473,-0.000326850460359962,3.5435312879616987,0.4550415091756601,-1.4985880620867498,-1.8591262635926142,-0.0005802736300449807,False
0.3,3,96043.22466486176,8.604322466486176,2.6797404397297315,0.3869649361467157,39620.318847354254,-0.2006037102700221,0.10254248702636026,71.42857142857143,22.23540600904443,134.08333333333334,0.736531887249543,621.8333333333334,15,15,1,0,0.42520495385652457,144,45767.72756222106,3.5767727562221054,1.677826599031826,0.4528578171564043,37741.51652212247,-0.2510556974450382,0.06331561923927587,68.42105263157895,7.898224609837726,,0.7666612950266424,555.3333333333334,11,11,0,0,0.11047804374099512,125,6,25.276910253278857,3,-0.15086708731690948,-0.13827956688001314,0.02793172216120232,3.5520088597481676,0.4542656338737747,-0.048443290798956706,3.52909635586012,0.4555750427481865,-0.07473235687342183,3.5212096360377805,0.45602751961642973,-1.485554876777619,-1.9642874885823836,0.007807447439967308,False
0.3,5,94551.53365918486,8.455153365918486,2.6467167086479964,0.3915093508490014,39463.54234512002,-0.20081906291836493,0.10502591057773869,71.42857142857143,21.596299928937068,133.79166666666666,0.7420776388892335,621.5833333333334,61,61,1,0,-0.07202538136910897,170,45564.580670066534,3.5564580670066537,1.6701231608083091,0.4541224473524432,37766.71084737779,-0.2508870478643447,0.0648664581777878,68.42105263157895,7.831495861393735,,0.7765937025527688,555.6666666666666,46,46,0,0,0.042762413022821244,142,6,-33.80985608222818,3,-0.15086708731690948,-0.14113557527507986,-0.0246633070782476,3.536230350976332,0.4552700691812702,-0.10015020667992303,3.51358428109583,0.45656136559900795,-0.13032963377924545,3.5045304529660326,0.45707954606134693,-1.5058695659930708,-1.8378244689784884,0.01773985496609376,False
0.3,10,92323.70837615643,8.232370837615642,2.596981750753434,0.39270851042606747,39482.57990204143,-0.20148251876385526,0.09842151971911162,76.19047619047619,20.963056870562763,133.79166666666666,0.7415646960254768,621.5,207,207,1,0,-0.8146338090452535,259,42722.967850169865,3.2722967850169864,1.5610635634496628,0.4707330632289103,37846.65690628721,-0.26520464933334764,0.04659669056982629,68.42105263157895,6.951491281643241,,0.7915083769093941,555.5833333333334,208,208,0,0,-0.9044418602760681,249,6,-411.5133233040114,2,-0.15086708731690948,-0.1523973935800767,-0.9291801545555267,3.264875296733149,0.47118950828244976,-0.9370024681990037,3.2625286026401064,0.4713340060218947,-0.9416359876390095,3.2611385468081044,0.4714196369984296,-1.790030847982738,-0.1767628813317823,0.03265452932271906,False
