kosu,pencere,CAGR,maxDD,en_kotu_ay,sualti_gun,PGR,getiri,maliyet_usd,ucret_usd,kayma_usd,funding_usd,islem,n_kol,risk_donch_pct,risk_sq_pct,risk_bb_pct,sq_cap_baglayici,sq_n,marjin_red_tum,sigma_saat
A15,TRAIN,3.2710434683027634,0.425754785545423,-0.2273542762379016,621.25,0.734919116701309,11.440530773835734,49931.21043331313,5837.9757471056055,41518.86508675436,2574.3695994531595,539,"{'donchian': 235, 'squeeze': 222, 'mean_rev': 82}",3.5162377817150614,3.216423530988703,3.4478330763722207,80,222,2,0.011286636143980932
A15,TEST,2.1262769331502835,0.4746042429152396,-0.2679425368449403,548.5416666666666,0.7640025573004681,4.81293629943443,383802.2343207116,45305.8025252385,310703.3448983545,27793.086897118606,397,"{'donchian': 177, 'squeeze': 146, 'mean_rev': 74}",3.5156402160900178,3.464800669160207,3.5072889396469242,20,146,2,0.010081375445341942
A5,TRAIN,4.67929986489174,0.39401713057688426,-0.2071378334829238,617.4166666666666,0.7328588908162501,19.40483985480249,45445.08594730605,8450.448269149874,33091.804102296985,3902.833575859192,538,"{'donchian': 235, 'squeeze': 221, 'mean_rev': 82}",3.5161580569678135,3.2083613039546757,3.4475527945529367,79,221,3,0.011271102376263324
A5,TEST,2.6963157339748554,0.46221953085914846,-0.25686048637425407,547.7916666666666,0.7428881831267152,6.528689241321247,495840.6044828574,88654.97544807558,352298.2375266801,54887.39150810175,397,"{'donchian': 177, 'squeeze': 146, 'mean_rev': 74}",3.5155596441943993,3.458001222602152,3.507137830858887,20,146,3,0.010065733089048342
B15,TRAIN,2.082224205421959,0.5651418938581961,-0.2792844296198058,616.8333333333334,0.7955432053966169,6.060705447741477,34548.756601132496,4111.852409279047,29438.1018941332,998.802297720252,539,"{'donchian': 235, 'squeeze': 222, 'mean_rev': 82}",2.6395264804752805,4.04250224110582,3.453014192060845,157,222,2,0.01105819303273639
B15,TEST,1.9023316572548792,0.45439360662431083,-0.2633121813618935,551.9583333333334,0.7582948065960614,4.182625677854447,218960.35558346807,25952.794213615693,179701.67843972304,13305.882930129343,397,"{'donchian': 177, 'squeeze': 146, 'mean_rev': 74}",2.638618060690307,4.715215710947578,3.5065835613451375,62,146,2,0.010850317730053542
B5,TRAIN,3.2102487269055127,0.5270479162775323,-0.25514894897365215,611.9166666666666,0.7607999946146665,11.13466720822947,28285.184242410043,5980.220085338257,20736.496998473252,1568.4671585985338,539,"{'donchian': 235, 'squeeze': 222, 'mean_rev': 82}",2.6394613037725376,4.032110994573567,3.452683996280518,157,222,2,0.011036024939343116
B5,TEST,2.605282918397621,0.43558029552070066,-0.2497568066533682,549.9166666666666,0.743961588922072,6.244304519624309,281739.81118518504,56267.521243997304,196288.01872273104,29184.271218456706,397,"{'donchian': 177, 'squeeze': 146, 'mean_rev': 74}",2.6385439477137496,4.703397824552104,3.5063996991417183,62,146,2,0.010821749072312608
C15,TRAIN,3.240192696239334,0.41767767451413984,-0.221713391346123,621.2916666666666,0.7317401681538461,11.284914360300197,48844.65948997637,5711.00795203426,40628.016598070346,2505.6349398717684,539,"{'donchian': 235, 'squeeze': 222, 'mean_rev': 82}",3.4435557065544407,3.1688714311702983,3.383826378064452,77,222,2,0.011081727281213895
C15,TEST,2.0867762054939134,0.4685606971512305,-0.26409219832560915,548.4583333333334,0.7622609552270477,4.69991412228001,365914.41969650215,43193.65897588553,296316.1492282079,26404.611492408745,397,"{'donchian': 177, 'squeeze': 146, 'mean_rev': 74}",3.442256616097773,3.399011198852015,3.4363692201978684,16,146,2,0.009882637043373568
C5,TRAIN,4.542119742791832,0.3848985174902281,-0.20170935725987216,617.125,0.7321265937704324,18.55666891652426,43302.75262864245,8065.208772764388,31463.99287582381,3773.5509800542527,540,"{'donchian': 235, 'squeeze': 223, 'mean_rev': 82}",3.4434839593337525,3.1593723085510867,3.383550188104218,78,223,1,0.011087492965223017
C5,TEST,2.639062429287966,0.4562054920427694,-0.2531002603722954,547.75,0.7411908868911369,6.349380561194118,456694.1389163595,81742.40005455122,324523.8354846377,50427.90337717058,397,"{'donchian': 177, 'squeeze': 146, 'mean_rev': 74}",3.442177926349706,3.392452993215337,3.436222887226766,16,146,1,0.00986748747141335
R0,TRAIN,3.401872681993283,0.4253616122175573,-0.22464557666801055,621.1666666666666,0.7299624375890016,12.109658542896078,49000.08322037637,6041.063356083645,42959.019864291426,1.3019780809031545e-09,539,"{'donchian': 235, 'squeeze': 222, 'mean_rev': 82}",3.5161788919664843,3.2164424626431716,3.447879168909692,80,222,2,0.011277746495033141
R0,TEST,2.21249361692731,0.47250069204247325,-0.26686898878919507,548.4583333333334,0.7588538475869103,5.062327632991872,384579.1913627674,48947.26901759757,335631.9223451603,9.602288741916709e-09,397,"{'donchian': 177, 'squeeze': 146, 'mean_rev': 74}",3.515647359336222,3.4647839633044715,3.507286786493703,20,146,2,0.010078365700755147
