symbol,fundingRate,settleTime,collectCycle
NEAR_USDT,9.7e-05,1790841600000,8
NEAR_USDT,0.0001,1790812800000,8
NEAR_USDT,0.0001,1790784000000,8
NEAR_USDT,6.7e-05,1790755200000,8
NEAR_USDT,0.0001,1790726400000,8
NEAR_USDT,2.6e-05,1790697600000,8
NEAR_USDT,0.0001,1790668800000,8
NEAR_USDT,0.0001,1790640000000,8
NEAR_USDT,7e-05,1790611200000,8
NEAR_USDT,0.0001,1790582400000,8
NEAR_USDT,0.0001,1790553600000,8
NEAR_USDT,4.1e-05,1790524800000,8
NEAR_USDT,0.0001,1790496000000,8
NEAR_USDT,0.0001,1790467200000,8
NEAR_USDT,2.5e-05,1790438400000,8
NEAR_USDT,-1.4e-05,1790409600000,8
NEAR_USDT,0.0001,1790380800000,8
NEAR_USDT,0.0001,1790352000000,8
NEAR_USDT,4.3e-05,1790323200000,8
NEAR_USDT,0.0001,1790294400000,8
NEAR_USDT,0.0001,1790265600000,8
NEAR_USDT,0.0001,1790236800000,8
NEAR_USDT,0.0001,1790208000000,8
NEAR_USDT,0.0001,1790179200000,8
NEAR_USDT,0.0001,1790150400000,8
NEAR_USDT,0.0001,1790121600000,8
NEAR_USDT,0.0001,1790092800000,8
NEAR_USDT,0.000142,1790064000000,8
NEAR_USDT,0.0001,1790035200000,8
NEAR_USDT,0.0001,1790006400000,8
NEAR_USDT,0.0001,1789977600000,8
NEAR_USDT,0.0001,1789948800000,8
NEAR_USDT,0.0001,1789920000000,8
NEAR_USDT,0.0001,1789891200000,8
NEAR_USDT,0.0001,1789862400000,8
NEAR_USDT,0.0001,1789833600000,8
NEAR_USDT,0.0001,1789804800000,8
NEAR_USDT,0.0001,1789776000000,8
NEAR_USDT,0.0001,1789747200000,8
NEAR_USDT,0.0001,1789718400000,8
NEAR_USDT,0.0001,1789689600000,8
NEAR_USDT,0.0001,1789660800000,8
NEAR_USDT,5.5e-05,1789632000000,8
NEAR_USDT,0.0001,1789603200000,8
NEAR_USDT,1.8e-05,1789574400000,8
NEAR_USDT,1e-06,1789545600000,8
NEAR_USDT,5.2e-05,1789516800000,8
NEAR_USDT,5.7e-05,1789488000000,8
NEAR_USDT,1.3e-05,1789459200000,8
NEAR_USDT,0.0001,1789430400000,8
NEAR_USDT,-1.9e-05,1789401600000,8
NEAR_USDT,-4.8e-05,1789372800000,8
NEAR_USDT,8.7e-05,1789344000000,8
NEAR_USDT,-2.5e-05,1789315200000,8
NEAR_USDT,3.4e-05,1789286400000,8
NEAR_USDT,-2.7e-05,1789257600000,8
NEAR_USDT,-0.000108,1789228800000,8
NEAR_USDT,-0.000169,1789200000000,8
NEAR_USDT,-6.1e-05,1789171200000,8
NEAR_USDT,8.2e-05,1789142400000,8
NEAR_USDT,4e-05,1789113600000,8
NEAR_USDT,-6e-05,1789084800000,8
NEAR_USDT,1e-06,1789056000000,8
NEAR_USDT,3.1e-05,1789027200000,8
NEAR_USDT,0.0001,1788998400000,8
NEAR_USDT,0.0001,1788969600000,8
NEAR_USDT,8.3e-05,1788940800000,8
NEAR_USDT,1e-06,1788912000000,8
NEAR_USDT,0.0001,1788883200000,8
NEAR_USDT,0.0001,1788854400000,8
NEAR_USDT,0.0001,1788825600000,8
NEAR_USDT,0.0001,1788796800000,8
NEAR_USDT,0.0001,1788768000000,8
NEAR_USDT,0.0001,1788739200000,8
NEAR_USDT,9e-06,1788710400000,8
NEAR_USDT,4.4e-05,1788681600000,8
NEAR_USDT,0.0,1788652800000,8
NEAR_USDT,0.0001,1788624000000,8
NEAR_USDT,0.0001,1788595200000,8
NEAR_USDT,0.0001,1788566400000,8
NEAR_USDT,0.0001,1788537600000,8
NEAR_USDT,2.3e-05,1788508800000,8
NEAR_USDT,0.0001,1788480000000,8
NEAR_USDT,0.0001,1788451200000,8
NEAR_USDT,2e-05,1788422400000,8
NEAR_USDT,6.7e-05,1788393600000,8
NEAR_USDT,-4.5e-05,1788364800000,8
NEAR_USDT,-3.4e-05,1788336000000,8
NEAR_USDT,0.0001,1788307200000,8
NEAR_USDT,4.4e-05,1788278400000,8
NEAR_USDT,0.0001,1788249600000,8
NEAR_USDT,0.0001,1788220800000,8
NEAR_USDT,-1.3e-05,1788192000000,8
NEAR_USDT,1.4e-05,1788163200000,8
NEAR_USDT,-4.9e-05,1788134400000,8
NEAR_USDT,-3e-06,1788105600000,8
NEAR_USDT,-5.9e-05,1788076800000,8
NEAR_USDT,3.1e-05,1788048000000,8
NEAR_USDT,-2.6e-05,1788019200000,8
NEAR_USDT,3.2e-05,1787990400000,8
NEAR_USDT,-1e-05,1787961600000,8
NEAR_USDT,-2.2e-05,1787932800000,8
NEAR_USDT,-5e-06,1787904000000,8
NEAR_USDT,0.0001,1787875200000,8
NEAR_USDT,5.4e-05,1787846400000,8
NEAR_USDT,-2.1e-05,1787817600000,8
NEAR_USDT,0.0001,1787788800000,8
NEAR_USDT,5.4e-05,1787760000000,8
NEAR_USDT,7.2e-05,1787731200000,8
NEAR_USDT,-6e-06,1787702400000,8
NEAR_USDT,0.0001,1787673600000,8
NEAR_USDT,2e-06,1787644800000,8
NEAR_USDT,0.0001,1787616000000,8
NEAR_USDT,0.0001,1787587200000,8
NEAR_USDT,0.0001,1787558400000,8
NEAR_USDT,0.0001,1787529600000,8
NEAR_USDT,0.0001,1787500800000,8
NEAR_USDT,0.0001,1787472000000,8
NEAR_USDT,0.0001,1787443200000,8
NEAR_USDT,0.0001,1787414400000,8
NEAR_USDT,0.0001,1787385600000,8
NEAR_USDT,0.0001,1787356800000,8
NEAR_USDT,0.0001,1787328000000,8
NEAR_USDT,0.0001,1787299200000,8
NEAR_USDT,6.5e-05,1787270400000,8
NEAR_USDT,2.5e-05,1787241600000,8
NEAR_USDT,0.0001,1787212800000,8
NEAR_USDT,0.0001,1787184000000,8
NEAR_USDT,0.0001,1787155200000,8
NEAR_USDT,-2e-06,1787126400000,8
NEAR_USDT,-7.7e-05,1787097600000,8
NEAR_USDT,3.5e-05,1787068800000,8
NEAR_USDT,3.2e-05,1787040000000,8
NEAR_USDT,-7.7e-05,1787011200000,8
NEAR_USDT,5e-06,1786982400000,8
NEAR_USDT,5.3e-05,1786953600000,8
NEAR_USDT,2.5e-05,1786924800000,8
NEAR_USDT,0.0001,1786896000000,8
NEAR_USDT,8e-06,1786867200000,8
NEAR_USDT,0.0001,1786838400000,8
NEAR_USDT,0.0001,1786809600000,8
NEAR_USDT,0.0001,1786780800000,8
NEAR_USDT,0.0001,1786752000000,8
NEAR_USDT,5.3e-05,1786723200000,8
NEAR_USDT,0.0001,1786694400000,8
NEAR_USDT,0.0001,1786665600000,8
NEAR_USDT,0.0001,1786636800000,8
NEAR_USDT,2.3e-05,1786608000000,8
NEAR_USDT,0.0001,1786579200000,8
NEAR_USDT,0.0001,1786550400000,8
NEAR_USDT,0.0001,1786521600000,8
NEAR_USDT,0.0001,1786492800000,8
NEAR_USDT,0.0001,1786464000000,8
NEAR_USDT,5.8e-05,1786435200000,8
NEAR_USDT,0.0001,1786406400000,8
NEAR_USDT,0.0001,1786377600000,8
NEAR_USDT,0.0001,1786348800000,8
NEAR_USDT,0.0001,1786320000000,8
NEAR_USDT,0.0001,1786291200000,8
NEAR_USDT,0.0001,1786262400000,8
NEAR_USDT,0.0001,1786233600000,8
NEAR_USDT,0.0001,1786204800000,8
NEAR_USDT,0.0001,1786176000000,8
NEAR_USDT,-0.000232,1786147200000,8
NEAR_USDT,9.3e-05,1786118400000,8
NEAR_USDT,0.0001,1786089600000,8
NEAR_USDT,0.0001,1786060800000,8
NEAR_USDT,-0.000142,1786032000000,8
NEAR_USDT,-4.9e-05,1786003200000,8
NEAR_USDT,0.0001,1785974400000,8
NEAR_USDT,5.9e-05,1785945600000,8
NEAR_USDT,9.8e-05,1785916800000,8
NEAR_USDT,0.0001,1785888000000,8
NEAR_USDT,0.0001,1785859200000,8
NEAR_USDT,0.0001,1785830400000,8
NEAR_USDT,0.0001,1785801600000,8
NEAR_USDT,7.3e-05,1785772800000,8
NEAR_USDT,0.0001,1785744000000,8
NEAR_USDT,0.0001,1785715200000,8
NEAR_USDT,0.0001,1785686400000,8
NEAR_USDT,0.0001,1785657600000,8
NEAR_USDT,3.6e-05,1785628800000,8
NEAR_USDT,0.0001,1785600000000,8
NEAR_USDT,0.0001,1785571200000,8
NEAR_USDT,0.0001,1785542400000,8
NEAR_USDT,-0.000146,1785513600000,8
NEAR_USDT,0.0001,1785484800000,8
NEAR_USDT,1.8e-05,1785456000000,8
NEAR_USDT,1.3e-05,1785427200000,8
NEAR_USDT,-3.4e-05,1785398400000,8
NEAR_USDT,3.1e-05,1785369600000,8
NEAR_USDT,4.7e-05,1785340800000,8
NEAR_USDT,0.0001,1785312000000,8
NEAR_USDT,0.0001,1785283200000,8
NEAR_USDT,4.9e-05,1785254400000,8
NEAR_USDT,3e-06,1785225600000,8
NEAR_USDT,7.1e-05,1785196800000,8
NEAR_USDT,0.0001,1785168000000,8
NEAR_USDT,0.0001,1785139200000,8
NEAR_USDT,0.0001,1785110400000,8
NEAR_USDT,5.2e-05,1785081600000,8
NEAR_USDT,-3.6e-05,1785052800000,8
NEAR_USDT,-6.2e-05,1785024000000,8
NEAR_USDT,-5.2e-05,1784995200000,8
NEAR_USDT,0.0001,1784966400000,8
NEAR_USDT,-1.3e-05,1784937600000,8
NEAR_USDT,9.2e-05,1784908800000,8
NEAR_USDT,0.0001,1784880000000,8
NEAR_USDT,0.0001,1784851200000,8
NEAR_USDT,0.0001,1784822400000,8
NEAR_USDT,-6.4e-05,1784793600000,8
NEAR_USDT,5e-06,1784764800000,8
NEAR_USDT,-0.000189,1784736000000,8
NEAR_USDT,3.8e-05,1784707200000,8
NEAR_USDT,-3.3e-05,1784678400000,8
NEAR_USDT,-5e-05,1784649600000,8
NEAR_USDT,0.0001,1784620800000,8
NEAR_USDT,0.0001,1784592000000,8
NEAR_USDT,3.3e-05,1784563200000,8
NEAR_USDT,6.1e-05,1784534400000,8
NEAR_USDT,0.0001,1784505600000,8
NEAR_USDT,3.2e-05,1784476800000,8
NEAR_USDT,6.4e-05,1784448000000,8
NEAR_USDT,2.8e-05,1784419200000,8
NEAR_USDT,-6.2e-05,1784390400000,8
NEAR_USDT,2.6e-05,1784361600000,8
NEAR_USDT,4e-06,1784332800000,8
NEAR_USDT,-2.9e-05,1784304000000,8
NEAR_USDT,0.0001,1784275200000,8
NEAR_USDT,5.2e-05,1784246400000,8
NEAR_USDT,3.9e-05,1784217600000,8
NEAR_USDT,2.6e-05,1784188800000,8
NEAR_USDT,7e-06,1784160000000,8
NEAR_USDT,8e-06,1784131200000,8
NEAR_USDT,-1.4e-05,1784102400000,8
NEAR_USDT,0.0001,1784073600000,8
NEAR_USDT,-0.000111,1784044800000,8
NEAR_USDT,2.5e-05,1784016000000,8
NEAR_USDT,7.2e-05,1783987200000,8
NEAR_USDT,0.0001,1783958400000,8
NEAR_USDT,0.0001,1783929600000,8
NEAR_USDT,0.0001,1783900800000,8
NEAR_USDT,2.1e-05,1783872000000,8
NEAR_USDT,9.4e-05,1783843200000,8
NEAR_USDT,0.0001,1783814400000,8
NEAR_USDT,0.0001,1783785600000,8
NEAR_USDT,4.6e-05,1783756800000,8
NEAR_USDT,2.7e-05,1783728000000,8
NEAR_USDT,9.7e-05,1783699200000,8
NEAR_USDT,0.0001,1783670400000,8
NEAR_USDT,0.0001,1783641600000,8
NEAR_USDT,0.0001,1783612800000,8
NEAR_USDT,0.0001,1783584000000,8
NEAR_USDT,-0.000119,1783555200000,8
NEAR_USDT,-9e-05,1783526400000,8
NEAR_USDT,-8e-06,1783497600000,8
NEAR_USDT,0.0001,1783468800000,8
NEAR_USDT,0.0001,1783440000000,8
NEAR_USDT,-5e-06,1783411200000,8
NEAR_USDT,1e-06,1783382400000,8
NEAR_USDT,0.0001,1783353600000,8
NEAR_USDT,4e-06,1783324800000,8
NEAR_USDT,5.9e-05,1783296000000,8
NEAR_USDT,5.1e-05,1783267200000,8
NEAR_USDT,0.0001,1783238400000,8
NEAR_USDT,8e-06,1783209600000,8
NEAR_USDT,-4e-06,1783180800000,8
NEAR_USDT,0.0001,1783152000000,8
NEAR_USDT,-9.4e-05,1783123200000,8
NEAR_USDT,2e-05,1783094400000,8
NEAR_USDT,0.0001,1783065600000,8
NEAR_USDT,0.0001,1783036800000,8
NEAR_USDT,9.1e-05,1783008000000,8
NEAR_USDT,0.0001,1782979200000,8
NEAR_USDT,1.7e-05,1782950400000,8
NEAR_USDT,0.0001,1782921600000,8
NEAR_USDT,0.0001,1782892800000,8
NEAR_USDT,0.0001,1782864000000,8
NEAR_USDT,0.0001,1782835200000,8
NEAR_USDT,0.0001,1782806400000,8
NEAR_USDT,0.0001,1782777600000,8
NEAR_USDT,0.0001,1782748800000,8
NEAR_USDT,0.0001,1782720000000,8
NEAR_USDT,0.0001,1782691200000,8
NEAR_USDT,0.0001,1782662400000,8
NEAR_USDT,-3e-05,1782633600000,8
NEAR_USDT,-0.000104,1782604800000,8
NEAR_USDT,-2e-05,1782576000000,8
NEAR_USDT,0.0001,1782547200000,8
NEAR_USDT,0.0001,1782518400000,8
NEAR_USDT,6.8e-05,1782489600000,8
NEAR_USDT,0.0001,1782460800000,8
NEAR_USDT,0.0001,1782432000000,8
NEAR_USDT,0.0001,1782403200000,8
NEAR_USDT,1e-06,1782374400000,8
NEAR_USDT,4e-06,1782345600000,8
NEAR_USDT,3.2e-05,1782316800000,8
NEAR_USDT,5.7e-05,1782288000000,8
NEAR_USDT,0.0001,1782259200000,8
NEAR_USDT,7.1e-05,1782230400000,8
NEAR_USDT,5.7e-05,1782201600000,8
NEAR_USDT,8.1e-05,1782172800000,8
NEAR_USDT,-2.5e-05,1782144000000,8
NEAR_USDT,7.5e-05,1782115200000,8
NEAR_USDT,-7.6e-05,1782086400000,8
NEAR_USDT,-0.000109,1782057600000,8
NEAR_USDT,-6e-06,1782028800000,8
NEAR_USDT,-3.8e-05,1782000000000,8
NEAR_USDT,-7e-05,1781971200000,8
NEAR_USDT,-2.4e-05,1781942400000,8
NEAR_USDT,1.1e-05,1781913600000,8
NEAR_USDT,-5e-05,1781884800000,8
NEAR_USDT,-6.7e-05,1781856000000,8
NEAR_USDT,6.4e-05,1781827200000,8
NEAR_USDT,-2.1e-05,1781798400000,8
NEAR_USDT,-8e-06,1781769600000,8
NEAR_USDT,6.9e-05,1781740800000,8
NEAR_USDT,-6.4e-05,1781712000000,8
NEAR_USDT,-6.4e-05,1781683200000,8
NEAR_USDT,-8.6e-05,1781654400000,8
NEAR_USDT,6.6e-05,1781625600000,8
NEAR_USDT,-5.7e-05,1781596800000,8
NEAR_USDT,0.0001,1781568000000,8
NEAR_USDT,-4e-06,1781539200000,8
NEAR_USDT,-2.2e-05,1781510400000,8
NEAR_USDT,2.6e-05,1781481600000,8
NEAR_USDT,7.5e-05,1781452800000,8
NEAR_USDT,4.5e-05,1781424000000,8
NEAR_USDT,0.0001,1781395200000,8
NEAR_USDT,6e-05,1781366400000,8
NEAR_USDT,9e-06,1781337600000,8
NEAR_USDT,6.6e-05,1781308800000,8
NEAR_USDT,-8e-06,1781280000000,8
NEAR_USDT,0.0001,1781251200000,8
NEAR_USDT,2.3e-05,1781222400000,8
NEAR_USDT,0.0001,1781193600000,8
NEAR_USDT,5.7e-05,1781164800000,8
NEAR_USDT,8.8e-05,1781136000000,8
NEAR_USDT,-1.4e-05,1781107200000,8
NEAR_USDT,2.3e-05,1781078400000,8
NEAR_USDT,3.5e-05,1781049600000,8
NEAR_USDT,2.9e-05,1781020800000,8
NEAR_USDT,2.3e-05,1780992000000,8
NEAR_USDT,3.9e-05,1780963200000,8
NEAR_USDT,-9.2e-05,1780934400000,8
NEAR_USDT,-8.1e-05,1780905600000,8
NEAR_USDT,-6.2e-05,1780876800000,8
NEAR_USDT,-6.2e-05,1780848000000,8
NEAR_USDT,1.9e-05,1780819200000,8
NEAR_USDT,0.0001,1780790400000,8
NEAR_USDT,0.0001,1780761600000,8
NEAR_USDT,3.2e-05,1780732800000,8
NEAR_USDT,-6.4e-05,1780704000000,8
NEAR_USDT,4.8e-05,1780675200000,8
NEAR_USDT,0.0001,1780646400000,8
NEAR_USDT,0.0001,1780617600000,8
NEAR_USDT,-2.3e-05,1780588800000,8
NEAR_USDT,5.7e-05,1780560000000,8
NEAR_USDT,2.5e-05,1780531200000,8
NEAR_USDT,-5.2e-05,1780502400000,8
NEAR_USDT,2.2e-05,1780473600000,8
NEAR_USDT,-4e-06,1780444800000,8
NEAR_USDT,1.5e-05,1780416000000,8
NEAR_USDT,0.0001,1780387200000,8
NEAR_USDT,-4.6e-05,1780358400000,8
NEAR_USDT,1e-06,1780329600000,8
NEAR_USDT,-6.9e-05,1780300800000,8
NEAR_USDT,7.8e-05,1780272000000,8
NEAR_USDT,5.8e-05,1780243200000,8
NEAR_USDT,-3.2e-05,1780214400000,8
NEAR_USDT,0.0001,1780185600000,8
NEAR_USDT,0.0001,1780156800000,8
NEAR_USDT,0.0001,1780128000000,8
NEAR_USDT,0.0001,1780099200000,8
NEAR_USDT,0.0001,1780070400000,8
NEAR_USDT,3.8e-05,1780041600000,8
NEAR_USDT,1.4e-05,1780012800000,8
NEAR_USDT,0.0001,1779984000000,8
NEAR_USDT,0.0001,1779955200000,8
NEAR_USDT,0.0001,1779926400000,8
NEAR_USDT,0.0001,1779897600000,8
NEAR_USDT,0.0001,1779868800000,8
NEAR_USDT,0.0001,1779840000000,8
NEAR_USDT,-0.000146,1779811200000,8
NEAR_USDT,-0.000103,1779782400000,8
NEAR_USDT,-4e-05,1779753600000,8
NEAR_USDT,7.8e-05,1779724800000,8
NEAR_USDT,2.6e-05,1779696000000,8
NEAR_USDT,7.7e-05,1779667200000,8
NEAR_USDT,4e-06,1779638400000,8
NEAR_USDT,0.0001,1779609600000,8
NEAR_USDT,8.2e-05,1779580800000,8
NEAR_USDT,-7.1e-05,1779552000000,8
NEAR_USDT,0.0001,1779523200000,8
NEAR_USDT,0.0001,1779494400000,8
NEAR_USDT,0.0001,1779465600000,8
NEAR_USDT,7.2e-05,1779436800000,8
NEAR_USDT,9.4e-05,1779408000000,8
NEAR_USDT,7.7e-05,1779379200000,8
NEAR_USDT,-5.3e-05,1779350400000,8
NEAR_USDT,-1e-05,1779321600000,8
NEAR_USDT,5.2e-05,1779292800000,8
NEAR_USDT,0.0001,1779264000000,8
NEAR_USDT,0.0001,1779235200000,8
NEAR_USDT,-2.4e-05,1779206400000,8
NEAR_USDT,5.7e-05,1779177600000,8
NEAR_USDT,-8.4e-05,1779148800000,8
NEAR_USDT,-7.6e-05,1779120000000,8
NEAR_USDT,7.6e-05,1779091200000,8
NEAR_USDT,1.5e-05,1779062400000,8
NEAR_USDT,0.0001,1779033600000,8
NEAR_USDT,6.5e-05,1779004800000,8
NEAR_USDT,1e-05,1778976000000,8
NEAR_USDT,1.1e-05,1778947200000,8
NEAR_USDT,3e-06,1778918400000,8
NEAR_USDT,7.4e-05,1778889600000,8
NEAR_USDT,2.2e-05,1778860800000,8
NEAR_USDT,6.7e-05,1778832000000,8
NEAR_USDT,4.9e-05,1778803200000,8
NEAR_USDT,9.1e-05,1778774400000,8
NEAR_USDT,-1.2e-05,1778745600000,8
NEAR_USDT,9.9e-05,1778716800000,8
NEAR_USDT,1.7e-05,1778688000000,8
NEAR_USDT,-2.4e-05,1778659200000,8
NEAR_USDT,-0.000193,1778630400000,8
NEAR_USDT,-6.4e-05,1778601600000,8
NEAR_USDT,-9.5e-05,1778572800000,8
NEAR_USDT,-7e-05,1778544000000,8
NEAR_USDT,6.9e-05,1778515200000,8
NEAR_USDT,-1.1e-05,1778486400000,8
NEAR_USDT,-1.8e-05,1778457600000,8
NEAR_USDT,4.9e-05,1778428800000,8
NEAR_USDT,9.2e-05,1778400000000,8
NEAR_USDT,-8e-06,1778371200000,8
NEAR_USDT,6.7e-05,1778342400000,8
NEAR_USDT,1.8e-05,1778313600000,8
NEAR_USDT,-6.9e-05,1778284800000,8
NEAR_USDT,-5.1e-05,1778256000000,8
NEAR_USDT,3.2e-05,1778227200000,8
NEAR_USDT,0.0001,1778198400000,8
NEAR_USDT,0.0001,1778169600000,8
NEAR_USDT,9.2e-05,1778140800000,8
NEAR_USDT,7.2e-05,1778112000000,8
NEAR_USDT,0.0001,1778083200000,8
NEAR_USDT,0.0001,1778054400000,8
NEAR_USDT,8e-05,1778025600000,8
NEAR_USDT,6.1e-05,1777996800000,8
NEAR_USDT,-0.000153,1777968000000,8
NEAR_USDT,7.9e-05,1777939200000,8
NEAR_USDT,-0.000175,1777910400000,8
NEAR_USDT,7.1e-05,1777881600000,8
NEAR_USDT,-1e-06,1777852800000,8
NEAR_USDT,-8e-05,1777824000000,8
NEAR_USDT,4.3e-05,1777795200000,8
NEAR_USDT,4.7e-05,1777766400000,8
NEAR_USDT,-7.5e-05,1777737600000,8
NEAR_USDT,-2e-05,1777708800000,8
NEAR_USDT,0.0001,1777680000000,8
NEAR_USDT,-1.1e-05,1777651200000,8
NEAR_USDT,-0.000125,1777622400000,8
NEAR_USDT,5.3e-05,1777593600000,8
NEAR_USDT,3.2e-05,1777564800000,8
NEAR_USDT,2.5e-05,1777536000000,8
NEAR_USDT,0.0001,1777507200000,8
NEAR_USDT,9.1e-05,1777478400000,8
NEAR_USDT,2.8e-05,1777449600000,8
NEAR_USDT,-1.7e-05,1777420800000,8
NEAR_USDT,0.0001,1777392000000,8
NEAR_USDT,0.0001,1777363200000,8
NEAR_USDT,0.0001,1777334400000,8
NEAR_USDT,0.0001,1777305600000,8
NEAR_USDT,0.0001,1777276800000,8
NEAR_USDT,-2.9e-05,1777248000000,8
NEAR_USDT,0.0001,1777219200000,8
NEAR_USDT,9.6e-05,1777190400000,8
NEAR_USDT,0.0001,1777161600000,8
NEAR_USDT,5e-05,1777132800000,8
NEAR_USDT,-3.8e-05,1777104000000,8
NEAR_USDT,-6.8e-05,1777075200000,8
NEAR_USDT,0.0001,1777046400000,8
NEAR_USDT,9.3e-05,1777017600000,8
NEAR_USDT,-0.000629,1776988800000,8
NEAR_USDT,0.0,1776960000000,8
NEAR_USDT,6.9e-05,1776931200000,8
NEAR_USDT,3.9e-05,1776902400000,8
NEAR_USDT,-5e-06,1776873600000,8
NEAR_USDT,-5.7e-05,1776844800000,8
NEAR_USDT,2.6e-05,1776816000000,8
NEAR_USDT,0.0001,1776787200000,8
NEAR_USDT,7.9e-05,1776758400000,8
NEAR_USDT,-4.8e-05,1776729600000,8
NEAR_USDT,-9.9e-05,1776700800000,8
NEAR_USDT,0.0001,1776672000000,8
NEAR_USDT,0.0001,1776643200000,8
NEAR_USDT,-0.000122,1776614400000,8
NEAR_USDT,0.0001,1776585600000,8
NEAR_USDT,-1.1e-05,1776556800000,8
NEAR_USDT,1e-06,1776528000000,8
NEAR_USDT,-4.2e-05,1776499200000,8
NEAR_USDT,0.0001,1776470400000,8
NEAR_USDT,0.0001,1776441600000,8
NEAR_USDT,-2.3e-05,1776412800000,8
NEAR_USDT,6.4e-05,1776384000000,8
NEAR_USDT,0.0001,1776355200000,8
NEAR_USDT,6.3e-05,1776326400000,8
NEAR_USDT,0.0001,1776297600000,8
NEAR_USDT,1.4e-05,1776268800000,8
NEAR_USDT,-3.8e-05,1776240000000,8
NEAR_USDT,0.0001,1776211200000,8
NEAR_USDT,-3.5e-05,1776182400000,8
NEAR_USDT,-2.9e-05,1776153600000,8
NEAR_USDT,-3e-05,1776124800000,8
NEAR_USDT,7.1e-05,1776096000000,8
NEAR_USDT,3.5e-05,1776067200000,8
NEAR_USDT,0.0001,1776038400000,8
NEAR_USDT,0.0001,1776009600000,8
NEAR_USDT,0.0001,1775980800000,8
NEAR_USDT,0.0001,1775952000000,8
NEAR_USDT,0.0001,1775923200000,8
NEAR_USDT,-0.000216,1775894400000,8
NEAR_USDT,-0.000199,1775865600000,8
NEAR_USDT,9e-05,1775836800000,8
NEAR_USDT,8.1e-05,1775808000000,8
NEAR_USDT,-6.2e-05,1775779200000,8
NEAR_USDT,0.0001,1775750400000,8
NEAR_USDT,6.7e-05,1775721600000,8
NEAR_USDT,-7.7e-05,1775692800000,8
NEAR_USDT,0.0001,1775664000000,8
NEAR_USDT,4.7e-05,1775635200000,8
NEAR_USDT,7.6e-05,1775606400000,8
NEAR_USDT,0.0001,1775577600000,8
NEAR_USDT,-2e-05,1775548800000,8
NEAR_USDT,6.6e-05,1775520000000,8
NEAR_USDT,0.0001,1775491200000,8
NEAR_USDT,2.8e-05,1775462400000,8
NEAR_USDT,-8.1e-05,1775433600000,8
NEAR_USDT,4.4e-05,1775404800000,8
NEAR_USDT,4.6e-05,1775376000000,8
NEAR_USDT,6.4e-05,1775347200000,8
NEAR_USDT,0.0001,1775318400000,8
NEAR_USDT,5.3e-05,1775289600000,8
NEAR_USDT,5.1e-05,1775260800000,8
NEAR_USDT,5.3e-05,1775232000000,8
NEAR_USDT,0.0001,1775203200000,8
NEAR_USDT,1e-06,1775174400000,8
NEAR_USDT,0.0001,1775145600000,8
NEAR_USDT,5.4e-05,1775116800000,8
NEAR_USDT,-1.4e-05,1775088000000,8
NEAR_USDT,-6.2e-05,1775059200000,8
NEAR_USDT,8.7e-05,1775030400000,8
NEAR_USDT,2.9e-05,1775001600000,8
NEAR_USDT,2.2e-05,1774972800000,8
NEAR_USDT,-0.000143,1774944000000,8
NEAR_USDT,0.0001,1774915200000,8
NEAR_USDT,-2e-06,1774886400000,8
NEAR_USDT,0.0001,1774857600000,8
NEAR_USDT,0.0001,1774828800000,8
NEAR_USDT,0.0001,1774800000000,8
NEAR_USDT,0.0001,1774771200000,8
NEAR_USDT,4.6e-05,1774742400000,8
NEAR_USDT,-7.1e-05,1774713600000,8
NEAR_USDT,3.4e-05,1774684800000,8
NEAR_USDT,0.0001,1774656000000,8
NEAR_USDT,0.0001,1774627200000,8
NEAR_USDT,8.7e-05,1774598400000,8
NEAR_USDT,0.0001,1774569600000,8
NEAR_USDT,0.0001,1774540800000,8
NEAR_USDT,5.1e-05,1774512000000,8
NEAR_USDT,0.0001,1774483200000,8
NEAR_USDT,-0.000175,1774454400000,8
NEAR_USDT,-0.000194,1774425600000,8
NEAR_USDT,2.7e-05,1774396800000,8
NEAR_USDT,4.3e-05,1774368000000,8
NEAR_USDT,0.0001,1774339200000,8
NEAR_USDT,5.1e-05,1774310400000,8
NEAR_USDT,-0.000172,1774281600000,8
NEAR_USDT,4e-05,1774252800000,8
NEAR_USDT,-5.2e-05,1774224000000,8
NEAR_USDT,0.0001,1774195200000,8
NEAR_USDT,8.3e-05,1774166400000,8
NEAR_USDT,3.7e-05,1774137600000,8
NEAR_USDT,7.4e-05,1774108800000,8
NEAR_USDT,8.8e-05,1774080000000,8
NEAR_USDT,8.3e-05,1774051200000,8
NEAR_USDT,3.2e-05,1774022400000,8
NEAR_USDT,0.0,1773993600000,8
NEAR_USDT,6.7e-05,1773964800000,8
NEAR_USDT,0.0001,1773936000000,8
NEAR_USDT,9.9e-05,1773907200000,8
NEAR_USDT,0.0001,1773878400000,8
NEAR_USDT,-5.7e-05,1773849600000,8
NEAR_USDT,3e-05,1773820800000,8
NEAR_USDT,0.0001,1773792000000,8
NEAR_USDT,0.0001,1773763200000,8
NEAR_USDT,0.0001,1773734400000,8
NEAR_USDT,0.0001,1773705600000,8
NEAR_USDT,0.0001,1773676800000,8
NEAR_USDT,0.0001,1773648000000,8
NEAR_USDT,-6e-06,1773619200000,8
NEAR_USDT,7.8e-05,1773590400000,8
NEAR_USDT,2e-06,1773561600000,8
NEAR_USDT,0.0001,1773532800000,8
NEAR_USDT,0.0001,1773504000000,8
NEAR_USDT,0.0001,1773475200000,8
NEAR_USDT,0.0001,1773446400000,8
NEAR_USDT,4.8e-05,1773417600000,8
NEAR_USDT,0.0001,1773388800000,8
NEAR_USDT,-7.2e-05,1773360000000,8
NEAR_USDT,-0.00014,1773331200000,8
NEAR_USDT,-0.000128,1773302400000,8
NEAR_USDT,0.0001,1773273600000,8
NEAR_USDT,8.3e-05,1773244800000,8
NEAR_USDT,9.6e-05,1773216000000,8
NEAR_USDT,0.0001,1773187200000,8
NEAR_USDT,-8.9e-05,1773158400000,8
NEAR_USDT,-6.6e-05,1773129600000,8
NEAR_USDT,-0.000128,1773100800000,8
NEAR_USDT,-0.000131,1773072000000,8
NEAR_USDT,-0.000472,1773043200000,8
NEAR_USDT,-0.000414,1773014400000,8
NEAR_USDT,-0.000516,1772985600000,8
NEAR_USDT,-1.5e-05,1772956800000,8
NEAR_USDT,-0.000119,1772928000000,8
NEAR_USDT,-9.1e-05,1772899200000,8
NEAR_USDT,8e-06,1772870400000,8
NEAR_USDT,0.0001,1772841600000,8
NEAR_USDT,0.0001,1772812800000,8
NEAR_USDT,-7.5e-05,1772784000000,8
NEAR_USDT,0.0001,1772755200000,8
NEAR_USDT,7.7e-05,1772726400000,8
NEAR_USDT,-0.00013,1772697600000,8
NEAR_USDT,0.0001,1772668800000,8
NEAR_USDT,-6.8e-05,1772640000000,8
NEAR_USDT,4.3e-05,1772611200000,8
NEAR_USDT,-0.000111,1772582400000,8
NEAR_USDT,-9.1e-05,1772553600000,8
NEAR_USDT,-1.7e-05,1772524800000,8
NEAR_USDT,4.8e-05,1772496000000,8
NEAR_USDT,-0.000253,1772467200000,8
NEAR_USDT,-7.4e-05,1772438400000,8
NEAR_USDT,0.0001,1772409600000,8
NEAR_USDT,-6.8e-05,1772380800000,8
NEAR_USDT,0.0001,1772352000000,8
NEAR_USDT,-0.000292,1772323200000,8
NEAR_USDT,-1.5e-05,1772294400000,8
NEAR_USDT,8e-05,1772265600000,8
NEAR_USDT,0.0001,1772236800000,8
NEAR_USDT,0.0001,1772208000000,8
NEAR_USDT,-9.1e-05,1772179200000,8
NEAR_USDT,-0.000213,1772150400000,8
NEAR_USDT,1e-05,1772121600000,8
NEAR_USDT,0.0001,1772092800000,8
NEAR_USDT,1.9e-05,1772064000000,8
NEAR_USDT,0.0001,1772035200000,8
NEAR_USDT,-3.4e-05,1772006400000,8
NEAR_USDT,0.0001,1771977600000,8
NEAR_USDT,-6.9e-05,1771948800000,8
NEAR_USDT,8e-06,1771920000000,8
NEAR_USDT,3.7e-05,1771891200000,8
NEAR_USDT,-0.000164,1771862400000,8
NEAR_USDT,-1.5e-05,1771833600000,8
NEAR_USDT,3.2e-05,1771804800000,8
NEAR_USDT,-5e-06,1771776000000,8
NEAR_USDT,-0.000102,1771747200000,8
NEAR_USDT,-3.6e-05,1771718400000,8
NEAR_USDT,-0.000147,1771689600000,8
NEAR_USDT,0.0001,1771660800000,8
NEAR_USDT,0.0001,1771632000000,8
NEAR_USDT,0.0001,1771603200000,8
NEAR_USDT,-0.000105,1771574400000,8
NEAR_USDT,2.3e-05,1771545600000,8
NEAR_USDT,-0.000111,1771516800000,8
NEAR_USDT,8.2e-05,1771488000000,8
NEAR_USDT,1.3e-05,1771459200000,8
NEAR_USDT,-0.0001,1771430400000,8
NEAR_USDT,0.0001,1771401600000,8
NEAR_USDT,2.1e-05,1771372800000,8
NEAR_USDT,-6.1e-05,1771344000000,8
NEAR_USDT,4.6e-05,1771315200000,8
NEAR_USDT,5.9e-05,1771286400000,8
NEAR_USDT,-2.5e-05,1771257600000,8
NEAR_USDT,9e-06,1771228800000,8
NEAR_USDT,0.0001,1771200000000,8
NEAR_USDT,0.0001,1771171200000,8
NEAR_USDT,0.0001,1771142400000,8
NEAR_USDT,3.1e-05,1771113600000,8
NEAR_USDT,9.6e-05,1771084800000,8
NEAR_USDT,3e-05,1771056000000,8
NEAR_USDT,9.2e-05,1771027200000,8
NEAR_USDT,0.0001,1770998400000,8
NEAR_USDT,-0.000212,1770969600000,8
NEAR_USDT,0.0001,1770940800000,8
NEAR_USDT,-2e-05,1770912000000,8
NEAR_USDT,0.0001,1770883200000,8
NEAR_USDT,4.9e-05,1770854400000,8
NEAR_USDT,-6.5e-05,1770825600000,8
NEAR_USDT,-6e-06,1770796800000,8
NEAR_USDT,4.9e-05,1770768000000,8
NEAR_USDT,8.3e-05,1770739200000,8
NEAR_USDT,8.1e-05,1770710400000,8
NEAR_USDT,3.4e-05,1770681600000,8
NEAR_USDT,0.0001,1770652800000,8
NEAR_USDT,1e-05,1770624000000,8
NEAR_USDT,8.1e-05,1770595200000,8
NEAR_USDT,-8.9e-05,1770566400000,8
NEAR_USDT,-1.5e-05,1770537600000,8
NEAR_USDT,0.0001,1770508800000,8
NEAR_USDT,9.9e-05,1770480000000,8
NEAR_USDT,0.0001,1770451200000,8
NEAR_USDT,0.0001,1770422400000,8
NEAR_USDT,-2.1e-05,1770393600000,8
NEAR_USDT,3.5e-05,1770364800000,8
NEAR_USDT,-6e-06,1770336000000,8
NEAR_USDT,0.0001,1770307200000,8
NEAR_USDT,3.5e-05,1770278400000,8
NEAR_USDT,8.6e-05,1770249600000,8
NEAR_USDT,7.3e-05,1770220800000,8
NEAR_USDT,4.4e-05,1770192000000,8
NEAR_USDT,0.0001,1770163200000,8
NEAR_USDT,4.9e-05,1770134400000,8
NEAR_USDT,8.7e-05,1770105600000,8
NEAR_USDT,0.0001,1770076800000,8
NEAR_USDT,-4.7e-05,1770048000000,8
NEAR_USDT,-2.3e-05,1770019200000,8
NEAR_USDT,5.5e-05,1769990400000,8
NEAR_USDT,5.7e-05,1769961600000,8
NEAR_USDT,-8.6e-05,1769932800000,8
NEAR_USDT,-5e-05,1769904000000,8
NEAR_USDT,2.6e-05,1769875200000,8
NEAR_USDT,-4e-05,1769846400000,8
NEAR_USDT,0.0001,1769817600000,8
NEAR_USDT,9.5e-05,1769788800000,8
NEAR_USDT,0.0001,1769760000000,8
NEAR_USDT,2.6e-05,1769731200000,8
NEAR_USDT,-7.9e-05,1769702400000,8
NEAR_USDT,-2.3e-05,1769673600000,8
NEAR_USDT,0.0001,1769644800000,8
NEAR_USDT,0.0001,1769616000000,8
NEAR_USDT,0.0001,1769587200000,8
NEAR_USDT,0.0001,1769558400000,8
NEAR_USDT,-2e-05,1769529600000,8
NEAR_USDT,3.1e-05,1769500800000,8
NEAR_USDT,0.0001,1769472000000,8
NEAR_USDT,-0.0001,1769443200000,8
NEAR_USDT,-3.4e-05,1769414400000,8
NEAR_USDT,7.4e-05,1769385600000,8
NEAR_USDT,-1.8e-05,1769356800000,8
NEAR_USDT,0.0001,1769328000000,8
NEAR_USDT,-0.000192,1769299200000,8
NEAR_USDT,8e-06,1769270400000,8
NEAR_USDT,-3.3e-05,1769241600000,8
NEAR_USDT,-3.2e-05,1769212800000,8
NEAR_USDT,-9e-06,1769184000000,8
NEAR_USDT,6.6e-05,1769155200000,8
NEAR_USDT,9.8e-05,1769126400000,8
NEAR_USDT,0.0001,1769097600000,8
NEAR_USDT,-4.6e-05,1769068800000,8
NEAR_USDT,6.1e-05,1769040000000,8
NEAR_USDT,4.1e-05,1769011200000,8
NEAR_USDT,3.7e-05,1768982400000,8
NEAR_USDT,-5.8e-05,1768953600000,8
NEAR_USDT,7.8e-05,1768924800000,8
NEAR_USDT,0.0001,1768896000000,8
NEAR_USDT,0.0001,1768867200000,8
NEAR_USDT,0.0001,1768838400000,8
NEAR_USDT,-2.8e-05,1768809600000,8
NEAR_USDT,-0.000102,1768780800000,8
NEAR_USDT,-4.4e-05,1768752000000,8
NEAR_USDT,-0.000181,1768723200000,8
NEAR_USDT,0.0001,1768694400000,8
NEAR_USDT,0.0001,1768665600000,8
NEAR_USDT,0.0001,1768636800000,8
NEAR_USDT,7.8e-05,1768608000000,8
NEAR_USDT,2.6e-05,1768579200000,8
NEAR_USDT,-0.00013,1768550400000,8
NEAR_USDT,-6.7e-05,1768521600000,8
NEAR_USDT,3e-06,1768492800000,8
NEAR_USDT,5.6e-05,1768464000000,8
NEAR_USDT,2.7e-05,1768435200000,8
NEAR_USDT,4.7e-05,1768406400000,8
NEAR_USDT,0.0001,1768377600000,8
NEAR_USDT,0.0001,1768348800000,8
NEAR_USDT,0.0001,1768320000000,8
NEAR_USDT,0.0001,1768291200000,8
NEAR_USDT,-0.00014,1768262400000,8
NEAR_USDT,2e-05,1768233600000,8
NEAR_USDT,3.1e-05,1768204800000,8
NEAR_USDT,-6.5e-05,1768176000000,8
NEAR_USDT,9.6e-05,1768147200000,8
NEAR_USDT,0.0001,1768118400000,8
NEAR_USDT,-4.7e-05,1768089600000,8
NEAR_USDT,0.0001,1768060800000,8
NEAR_USDT,-9.2e-05,1768032000000,8
NEAR_USDT,-3.6e-05,1768003200000,8
NEAR_USDT,6.3e-05,1767974400000,8
NEAR_USDT,0.0001,1767945600000,8
NEAR_USDT,0.0001,1767916800000,8
NEAR_USDT,0.0001,1767888000000,8
NEAR_USDT,6.5e-05,1767859200000,8
NEAR_USDT,0.0001,1767830400000,8
NEAR_USDT,-2e-05,1767801600000,8
NEAR_USDT,-5.6e-05,1767772800000,8
NEAR_USDT,-4.1e-05,1767744000000,8
NEAR_USDT,-0.000123,1767715200000,8
NEAR_USDT,9.2e-05,1767686400000,8
NEAR_USDT,5.5e-05,1767657600000,8
NEAR_USDT,3.5e-05,1767628800000,8
NEAR_USDT,-5.5e-05,1767600000000,8
NEAR_USDT,3.1e-05,1767571200000,8
NEAR_USDT,0.0001,1767542400000,8
NEAR_USDT,0.0001,1767513600000,8
NEAR_USDT,0.0001,1767484800000,8
NEAR_USDT,0.0001,1767456000000,8
NEAR_USDT,8.2e-05,1767427200000,8
NEAR_USDT,5.8e-05,1767398400000,8
NEAR_USDT,0.0001,1767369600000,8
NEAR_USDT,0.0001,1767340800000,8
NEAR_USDT,0.0001,1767312000000,8
NEAR_USDT,0.0001,1767283200000,8
NEAR_USDT,0.0001,1767254400000,8
NEAR_USDT,7.5e-05,1767225600000,8
NEAR_USDT,0.0001,1767196800000,8
NEAR_USDT,0.0001,1767168000000,8
NEAR_USDT,-2e-06,1767139200000,8
NEAR_USDT,0.0001,1767110400000,8
NEAR_USDT,0.0001,1767081600000,8
NEAR_USDT,4.4e-05,1767052800000,8
NEAR_USDT,-0.000292,1767024000000,8
NEAR_USDT,0.0001,1766995200000,8
NEAR_USDT,9e-06,1766966400000,8
NEAR_USDT,0.0001,1766937600000,8
NEAR_USDT,0.0001,1766908800000,8
NEAR_USDT,0.0001,1766880000000,8
NEAR_USDT,2.5e-05,1766851200000,8
NEAR_USDT,9.8e-05,1766822400000,8
NEAR_USDT,7.2e-05,1766793600000,8
NEAR_USDT,0.0001,1766764800000,8
NEAR_USDT,0.0001,1766736000000,8
NEAR_USDT,8e-06,1766707200000,8
NEAR_USDT,0.0001,1766678400000,8
NEAR_USDT,0.0001,1766649600000,8
NEAR_USDT,-6.4e-05,1766620800000,8
NEAR_USDT,-4.4e-05,1766592000000,8
NEAR_USDT,-0.000317,1766563200000,8
NEAR_USDT,0.0001,1766534400000,8
NEAR_USDT,-0.000128,1766505600000,8
NEAR_USDT,-3.2e-05,1766476800000,8
NEAR_USDT,1.1e-05,1766448000000,8
NEAR_USDT,6.5e-05,1766419200000,8
NEAR_USDT,5.1e-05,1766390400000,8
NEAR_USDT,0.0001,1766361600000,8
NEAR_USDT,-6.6e-05,1766332800000,8
NEAR_USDT,5.4e-05,1766304000000,8
NEAR_USDT,6.5e-05,1766275200000,8
NEAR_USDT,0.0001,1766246400000,8
NEAR_USDT,0.0001,1766217600000,8
NEAR_USDT,0.0001,1766188800000,8
NEAR_USDT,0.0001,1766160000000,8
NEAR_USDT,7.3e-05,1766131200000,8
NEAR_USDT,0.0001,1766102400000,8
NEAR_USDT,0.0001,1766073600000,8
NEAR_USDT,3e-05,1766044800000,8
NEAR_USDT,-7.3e-05,1766016000000,8
NEAR_USDT,3.2e-05,1765987200000,8
NEAR_USDT,7e-05,1765958400000,8
NEAR_USDT,0.0001,1765929600000,8
NEAR_USDT,0.0001,1765900800000,8
NEAR_USDT,-2.7e-05,1765872000000,8
NEAR_USDT,-0.000349,1765843200000,8
NEAR_USDT,0.0001,1765814400000,8
NEAR_USDT,0.0001,1765785600000,8
NEAR_USDT,-0.000189,1765756800000,8
NEAR_USDT,1e-05,1765728000000,8
NEAR_USDT,-8e-05,1765699200000,8
NEAR_USDT,0.0001,1765670400000,8
NEAR_USDT,0.0001,1765641600000,8
NEAR_USDT,0.0001,1765612800000,8
NEAR_USDT,-2.9e-05,1765584000000,8
NEAR_USDT,0.0001,1765555200000,8
NEAR_USDT,-8e-06,1765526400000,8
NEAR_USDT,2e-06,1765497600000,8
NEAR_USDT,-3e-05,1765468800000,8
NEAR_USDT,-0.0001,1765440000000,8
NEAR_USDT,1e-05,1765411200000,8
NEAR_USDT,0.0001,1765382400000,8
NEAR_USDT,-4.1e-05,1765353600000,8
NEAR_USDT,0.0001,1765324800000,8
NEAR_USDT,8.1e-05,1765296000000,8
NEAR_USDT,-4.4e-05,1765267200000,8
NEAR_USDT,0.0001,1765238400000,8
NEAR_USDT,0.0001,1765209600000,8
NEAR_USDT,0.0001,1765180800000,8
NEAR_USDT,3.8e-05,1765152000000,8
NEAR_USDT,8.6e-05,1765123200000,8
NEAR_USDT,-9.1e-05,1765094400000,8
NEAR_USDT,0.0001,1765065600000,8
NEAR_USDT,9e-06,1765036800000,8
NEAR_USDT,-0.000124,1765008000000,8
NEAR_USDT,-4.6e-05,1764979200000,8
NEAR_USDT,4.9e-05,1764950400000,8
NEAR_USDT,0.0001,1764921600000,8
NEAR_USDT,0.0001,1764892800000,8
NEAR_USDT,0.0001,1764864000000,8
NEAR_USDT,0.0001,1764835200000,8
NEAR_USDT,7.6e-05,1764806400000,8
NEAR_USDT,0.0001,1764777600000,8
NEAR_USDT,-9e-06,1764748800000,8
NEAR_USDT,0.0001,1764720000000,8
NEAR_USDT,5.2e-05,1764691200000,8
NEAR_USDT,-6.3e-05,1764662400000,8
NEAR_USDT,-4.6e-05,1764633600000,8
NEAR_USDT,0.0001,1764604800000,8
NEAR_USDT,0.0001,1764576000000,8
NEAR_USDT,-0.000214,1764547200000,8
NEAR_USDT,4e-05,1764518400000,8
NEAR_USDT,1.9e-05,1764489600000,8
NEAR_USDT,4.3e-05,1764460800000,8
NEAR_USDT,3.5e-05,1764432000000,8
NEAR_USDT,-0.000183,1764403200000,8
NEAR_USDT,0.0001,1764374400000,8
NEAR_USDT,1.6e-05,1764345600000,8
NEAR_USDT,2.2e-05,1764316800000,8
NEAR_USDT,0.0001,1764288000000,8
NEAR_USDT,0.0001,1764259200000,8
NEAR_USDT,0.0001,1764230400000,8
NEAR_USDT,-1.6e-05,1764201600000,8
NEAR_USDT,0.0001,1764172800000,8
NEAR_USDT,0.0001,1764144000000,8
NEAR_USDT,0.0001,1764115200000,8
NEAR_USDT,-0.00017,1764086400000,8
NEAR_USDT,1.9e-05,1764057600000,8
NEAR_USDT,-9.2e-05,1764028800000,8
NEAR_USDT,-0.000101,1764000000000,8
NEAR_USDT,4.3e-05,1763971200000,8
NEAR_USDT,-0.000116,1763942400000,8
NEAR_USDT,-5e-05,1763913600000,8
NEAR_USDT,1.2e-05,1763884800000,8
NEAR_USDT,1.2e-05,1763856000000,8
NEAR_USDT,5.1e-05,1763827200000,8
NEAR_USDT,0.0001,1763798400000,8
NEAR_USDT,1.2e-05,1763769600000,8
NEAR_USDT,0.0001,1763740800000,8
NEAR_USDT,0.0001,1763712000000,8
NEAR_USDT,-3.6e-05,1763683200000,8
NEAR_USDT,0.0001,1763654400000,8
NEAR_USDT,0.0001,1763625600000,8
NEAR_USDT,0.0001,1763596800000,8
NEAR_USDT,0.0001,1763568000000,8
NEAR_USDT,0.0001,1763539200000,8
NEAR_USDT,0.0001,1763510400000,8
NEAR_USDT,0.0001,1763481600000,8
NEAR_USDT,0.0001,1763452800000,8
NEAR_USDT,0.0001,1763424000000,8
NEAR_USDT,9.2e-05,1763395200000,8
NEAR_USDT,0.0001,1763366400000,8
NEAR_USDT,2.4e-05,1763337600000,8
NEAR_USDT,0.0001,1763308800000,8
NEAR_USDT,-4.1e-05,1763280000000,8
NEAR_USDT,5.4e-05,1763251200000,8
NEAR_USDT,-0.000208,1763222400000,8
NEAR_USDT,-0.000135,1763193600000,8
NEAR_USDT,0.0001,1763164800000,8
NEAR_USDT,0.0001,1763136000000,8
NEAR_USDT,0.0001,1763107200000,8
NEAR_USDT,5e-06,1763078400000,8
NEAR_USDT,7e-06,1763049600000,8
NEAR_USDT,-8.5e-05,1763020800000,8
NEAR_USDT,6.4e-05,1762992000000,8
NEAR_USDT,6e-05,1762963200000,8
NEAR_USDT,-3.3e-05,1762934400000,8
NEAR_USDT,0.0001,1762905600000,8
NEAR_USDT,4.8e-05,1762876800000,8
NEAR_USDT,7.9e-05,1762848000000,8
NEAR_USDT,0.0001,1762819200000,8
NEAR_USDT,4e-06,1762790400000,8
NEAR_USDT,-2.7e-05,1762761600000,8
NEAR_USDT,0.0,1762732800000,8
NEAR_USDT,-2.1e-05,1762704000000,8
NEAR_USDT,-0.000665,1762675200000,8
NEAR_USDT,-0.000296,1762646400000,8
NEAR_USDT,-5.8e-05,1762617600000,8
NEAR_USDT,6e-06,1762588800000,8
NEAR_USDT,-4.3e-05,1762560000000,8
NEAR_USDT,-0.000515,1762531200000,8
NEAR_USDT,-0.000767,1762502400000,8
NEAR_USDT,-9.9e-05,1762473600000,8
NEAR_USDT,-0.000163,1762444800000,8
NEAR_USDT,-9.4e-05,1762416000000,8
NEAR_USDT,4e-06,1762387200000,8
NEAR_USDT,7.5e-05,1762358400000,8
NEAR_USDT,0.0001,1762329600000,8
NEAR_USDT,0.0001,1762300800000,8
NEAR_USDT,4.3e-05,1762272000000,8
NEAR_USDT,3e-06,1762243200000,8
NEAR_USDT,-6.1e-05,1762214400000,8
NEAR_USDT,-0.000287,1762185600000,8
NEAR_USDT,-0.000243,1762156800000,8
NEAR_USDT,3e-05,1762128000000,8
NEAR_USDT,4.2e-05,1762099200000,8
NEAR_USDT,0.0001,1762070400000,8
NEAR_USDT,7e-05,1762041600000,8
NEAR_USDT,0.0001,1762012800000,8
NEAR_USDT,5.9e-05,1761984000000,8
NEAR_USDT,0.0001,1761955200000,8
NEAR_USDT,0.0001,1761926400000,8
NEAR_USDT,-1.8e-05,1761897600000,8
NEAR_USDT,-8.5e-05,1761868800000,8
NEAR_USDT,-0.00025,1761840000000,8
NEAR_USDT,1.2e-05,1761811200000,8
NEAR_USDT,0.0001,1761782400000,8
NEAR_USDT,0.0001,1761753600000,8
NEAR_USDT,-0.000155,1761724800000,8
NEAR_USDT,-9.9e-05,1761696000000,8
NEAR_USDT,4e-06,1761667200000,8
NEAR_USDT,0.0001,1761638400000,8
NEAR_USDT,0.0001,1761609600000,8
NEAR_USDT,0.0001,1761580800000,8
NEAR_USDT,-2e-05,1761552000000,8
NEAR_USDT,0.0001,1761523200000,8
NEAR_USDT,0.0001,1761494400000,8
NEAR_USDT,1.1e-05,1761465600000,8
NEAR_USDT,0.0001,1761436800000,8
NEAR_USDT,-0.000102,1761408000000,8
NEAR_USDT,0.0001,1761379200000,8
NEAR_USDT,0.0001,1761350400000,8
NEAR_USDT,0.0001,1761321600000,8
NEAR_USDT,0.0001,1761292800000,8
NEAR_USDT,0.0001,1761264000000,8
NEAR_USDT,-0.000466,1761235200000,8
NEAR_USDT,4e-06,1761206400000,8
NEAR_USDT,-0.000355,1761177600000,8
NEAR_USDT,-0.000115,1761148800000,8
NEAR_USDT,-0.000906,1761120000000,8
NEAR_USDT,0.000188,1761091200000,8
NEAR_USDT,-0.000737,1761062400000,8
NEAR_USDT,0.0001,1761033600000,8
NEAR_USDT,0.0001,1761004800000,8
NEAR_USDT,-0.000126,1760976000000,8
NEAR_USDT,-0.000101,1760947200000,8
NEAR_USDT,-0.000525,1760918400000,8
NEAR_USDT,-0.000395,1760889600000,8
NEAR_USDT,-7.5e-05,1760860800000,8
NEAR_USDT,1.2e-05,1760832000000,8
NEAR_USDT,7e-06,1760803200000,8
NEAR_USDT,0.0001,1760774400000,8
NEAR_USDT,9e-06,1760745600000,8
NEAR_USDT,-4.1e-05,1760716800000,8
NEAR_USDT,-0.000213,1760688000000,8
NEAR_USDT,7.9e-05,1760659200000,8
NEAR_USDT,-0.000148,1760630400000,8
NEAR_USDT,-0.000296,1760601600000,8
NEAR_USDT,-0.000453,1760572800000,8
NEAR_USDT,-0.000231,1760544000000,8
NEAR_USDT,1.2e-05,1760515200000,8
NEAR_USDT,0.0001,1760486400000,8
NEAR_USDT,-1.3e-05,1760457600000,8
NEAR_USDT,0.0001,1760428800000,8
NEAR_USDT,-5.3e-05,1760400000000,8
NEAR_USDT,-0.00016,1760371200000,8
NEAR_USDT,-0.000116,1760342400000,8
NEAR_USDT,-4e-06,1760313600000,8
NEAR_USDT,-0.000108,1760284800000,8
NEAR_USDT,-0.000154,1760256000000,8
NEAR_USDT,-2.8e-05,1760227200000,8
NEAR_USDT,-1.2e-05,1760198400000,8
NEAR_USDT,7e-06,1760169600000,8
NEAR_USDT,0.0001,1760140800000,8
NEAR_USDT,0.0001,1760112000000,8
NEAR_USDT,0.0001,1760083200000,8
NEAR_USDT,0.0001,1760054400000,8
NEAR_USDT,-8e-06,1760025600000,8
NEAR_USDT,-6.7e-05,1759996800000,8
NEAR_USDT,0.0001,1759968000000,8
NEAR_USDT,0.0001,1759939200000,8
NEAR_USDT,5.8e-05,1759910400000,8
NEAR_USDT,8.4e-05,1759881600000,8
NEAR_USDT,6.4e-05,1759852800000,8
NEAR_USDT,0.0001,1759824000000,8
NEAR_USDT,0.0001,1759795200000,8
NEAR_USDT,7e-05,1759766400000,8
NEAR_USDT,-6.1e-05,1759737600000,8
NEAR_USDT,-4.7e-05,1759708800000,8
NEAR_USDT,8.4e-05,1759680000000,8
NEAR_USDT,4.1e-05,1759651200000,8
NEAR_USDT,1.8e-05,1759622400000,8
NEAR_USDT,8.8e-05,1759593600000,8
NEAR_USDT,0.0001,1759564800000,8
NEAR_USDT,0.0001,1759536000000,8
NEAR_USDT,5.1e-05,1759507200000,8
NEAR_USDT,0.0001,1759478400000,8
NEAR_USDT,4.2e-05,1759449600000,8
NEAR_USDT,0.0001,1759420800000,8
NEAR_USDT,-4.3e-05,1759392000000,8
NEAR_USDT,0.0001,1759363200000,8
NEAR_USDT,0.0001,1759334400000,8
NEAR_USDT,0.0001,1759305600000,8
NEAR_USDT,-8.3e-05,1759276800000,8
NEAR_USDT,-3.4e-05,1759248000000,8
NEAR_USDT,2e-06,1759219200000,8
NEAR_USDT,3.3e-05,1759190400000,8
NEAR_USDT,1.3e-05,1759161600000,8
NEAR_USDT,8.8e-05,1759132800000,8
NEAR_USDT,0.0001,1759104000000,8
NEAR_USDT,0.0001,1759075200000,8
NEAR_USDT,0.0001,1759046400000,8
NEAR_USDT,0.0001,1759017600000,8
NEAR_USDT,1.7e-05,1758988800000,8
NEAR_USDT,0.0001,1758960000000,8
NEAR_USDT,4e-05,1758931200000,8
NEAR_USDT,-1.8e-05,1758902400000,8
NEAR_USDT,3.9e-05,1758873600000,8
NEAR_USDT,0.0001,1758844800000,8
NEAR_USDT,0.0001,1758816000000,8
NEAR_USDT,-7.5e-05,1758787200000,8
NEAR_USDT,0.0001,1758758400000,8
NEAR_USDT,0.0001,1758729600000,8
NEAR_USDT,-1.9e-05,1758700800000,8
NEAR_USDT,8.8e-05,1758672000000,8
NEAR_USDT,5e-05,1758643200000,8
NEAR_USDT,6.5e-05,1758614400000,8
NEAR_USDT,4.4e-05,1758585600000,8
NEAR_USDT,1.1e-05,1758556800000,8
NEAR_USDT,6e-06,1758528000000,8
NEAR_USDT,1.6e-05,1758499200000,8
NEAR_USDT,3e-05,1758470400000,8
NEAR_USDT,0.0001,1758441600000,8
NEAR_USDT,1.3e-05,1758412800000,8
NEAR_USDT,-8e-06,1758384000000,8
NEAR_USDT,8.3e-05,1758355200000,8
NEAR_USDT,0.0,1758326400000,8
NEAR_USDT,0.0001,1758297600000,8
NEAR_USDT,9.3e-05,1758268800000,8
NEAR_USDT,0.0001,1758240000000,8
NEAR_USDT,0.0001,1758211200000,8
NEAR_USDT,0.0001,1758182400000,8
NEAR_USDT,0.0001,1758153600000,8
NEAR_USDT,9.3e-05,1758124800000,8
NEAR_USDT,-1.8e-05,1758096000000,8
NEAR_USDT,4.8e-05,1758067200000,8
NEAR_USDT,9.6e-05,1758038400000,8
NEAR_USDT,-1.1e-05,1758009600000,8
NEAR_USDT,1.1e-05,1757980800000,8
NEAR_USDT,1.3e-05,1757952000000,8
NEAR_USDT,-1e-05,1757923200000,8
NEAR_USDT,6e-06,1757894400000,8
NEAR_USDT,0.0001,1757865600000,8
NEAR_USDT,0.0001,1757836800000,8
NEAR_USDT,0.0001,1757808000000,8
NEAR_USDT,0.0001,1757779200000,8
NEAR_USDT,0.0001,1757750400000,8
NEAR_USDT,0.0001,1757721600000,8
NEAR_USDT,0.0001,1757692800000,8
NEAR_USDT,0.0001,1757664000000,8
NEAR_USDT,0.0001,1757635200000,8
NEAR_USDT,0.0001,1757606400000,8
NEAR_USDT,0.0001,1757577600000,8
NEAR_USDT,0.0001,1757548800000,8
NEAR_USDT,0.0001,1757520000000,8
NEAR_USDT,7.5e-05,1757491200000,8
NEAR_USDT,0.0001,1757462400000,8
NEAR_USDT,0.0001,1757433600000,8
NEAR_USDT,0.0001,1757404800000,8
NEAR_USDT,0.0001,1757376000000,8
NEAR_USDT,0.0001,1757347200000,8
NEAR_USDT,0.0001,1757318400000,8
NEAR_USDT,0.0001,1757289600000,8
NEAR_USDT,0.0001,1757260800000,8
NEAR_USDT,0.0001,1757232000000,8
NEAR_USDT,0.0001,1757203200000,8
NEAR_USDT,0.0001,1757174400000,8
NEAR_USDT,0.0001,1757145600000,8
NEAR_USDT,0.0001,1757116800000,8
NEAR_USDT,0.0001,1757088000000,8
NEAR_USDT,9e-06,1757059200000,8
NEAR_USDT,3.2e-05,1757030400000,8
NEAR_USDT,3e-05,1757001600000,8
NEAR_USDT,0.0001,1756972800000,8
NEAR_USDT,0.0001,1756944000000,8
NEAR_USDT,0.0001,1756915200000,8
NEAR_USDT,0.0001,1756886400000,8
NEAR_USDT,0.0001,1756857600000,8
NEAR_USDT,7.6e-05,1756828800000,8
NEAR_USDT,0.0001,1756800000000,8
NEAR_USDT,0.0001,1756771200000,8
NEAR_USDT,0.0001,1756742400000,8
NEAR_USDT,-9.1e-05,1756713600000,8
NEAR_USDT,-0.00016,1756684800000,8
NEAR_USDT,0.0001,1756656000000,8
NEAR_USDT,0.0001,1756627200000,8
NEAR_USDT,1.5e-05,1756598400000,8
NEAR_USDT,2.5e-05,1756569600000,8
NEAR_USDT,7e-05,1756540800000,8
NEAR_USDT,3.5e-05,1756512000000,8
NEAR_USDT,4.4e-05,1756483200000,8
NEAR_USDT,0.0001,1756454400000,8
NEAR_USDT,0.0001,1756425600000,8
NEAR_USDT,5.9e-05,1756396800000,8
NEAR_USDT,0.0001,1756368000000,8
NEAR_USDT,0.0001,1756339200000,8
NEAR_USDT,4e-06,1756310400000,8
NEAR_USDT,0.0001,1756281600000,8
NEAR_USDT,0.0001,1756252800000,8
NEAR_USDT,-7.7e-05,1756224000000,8
NEAR_USDT,-0.00032,1756195200000,8
NEAR_USDT,-0.000291,1756166400000,8
NEAR_USDT,4.1e-05,1756137600000,8
NEAR_USDT,-3e-06,1756108800000,8
NEAR_USDT,0.0001,1756080000000,8
NEAR_USDT,5.1e-05,1756051200000,8
NEAR_USDT,0.0001,1756022400000,8
NEAR_USDT,0.0001,1755993600000,8
NEAR_USDT,0.0001,1755964800000,8
NEAR_USDT,0.0001,1755936000000,8
NEAR_USDT,0.0001,1755907200000,8
NEAR_USDT,9e-05,1755878400000,8
NEAR_USDT,0.0001,1755849600000,8
NEAR_USDT,0.0001,1755820800000,8
NEAR_USDT,0.0001,1755792000000,8
NEAR_USDT,0.0001,1755763200000,8
NEAR_USDT,0.0001,1755734400000,8
NEAR_USDT,1.3e-05,1755705600000,8
NEAR_USDT,-0.000191,1755676800000,8
NEAR_USDT,0.0001,1755648000000,8
NEAR_USDT,0.0001,1755619200000,8
NEAR_USDT,-7.7e-05,1755590400000,8
NEAR_USDT,-6e-05,1755561600000,8
NEAR_USDT,-0.000359,1755532800000,8
NEAR_USDT,-0.000249,1755504000000,8
NEAR_USDT,0.0001,1755475200000,8
NEAR_USDT,0.0001,1755446400000,8
NEAR_USDT,0.0001,1755417600000,8
NEAR_USDT,9.8e-05,1755388800000,8
NEAR_USDT,8e-06,1755360000000,8
NEAR_USDT,-6.7e-05,1755331200000,8
NEAR_USDT,-0.000182,1755302400000,8
NEAR_USDT,-8e-05,1755273600000,8
NEAR_USDT,-0.000126,1755244800000,8
NEAR_USDT,-3e-06,1755216000000,8
NEAR_USDT,0.0001,1755187200000,8
NEAR_USDT,0.0001,1755158400000,8
NEAR_USDT,0.0001,1755129600000,8
NEAR_USDT,0.0001,1755100800000,8
NEAR_USDT,0.0001,1755072000000,8
NEAR_USDT,0.0001,1755043200000,8
NEAR_USDT,-1.1e-05,1755014400000,8
NEAR_USDT,5.6e-05,1754985600000,8
NEAR_USDT,4.6e-05,1754956800000,8
NEAR_USDT,0.0001,1754928000000,8
NEAR_USDT,2.9e-05,1754899200000,8
NEAR_USDT,0.0001,1754870400000,8
NEAR_USDT,0.0001,1754841600000,8
NEAR_USDT,0.0001,1754812800000,8
NEAR_USDT,6.9e-05,1754784000000,8
NEAR_USDT,0.0001,1754755200000,8
NEAR_USDT,0.0001,1754726400000,8
NEAR_USDT,9.1e-05,1754697600000,8
NEAR_USDT,0.0001,1754668800000,8
NEAR_USDT,8.2e-05,1754640000000,8
NEAR_USDT,0.0001,1754611200000,8
NEAR_USDT,0.0001,1754582400000,8
NEAR_USDT,0.0001,1754553600000,8
NEAR_USDT,8.9e-05,1754524800000,8
NEAR_USDT,-0.000164,1754496000000,8
NEAR_USDT,-4.1e-05,1754467200000,8
NEAR_USDT,9.4e-05,1754438400000,8
NEAR_USDT,-0.000367,1754409600000,8
NEAR_USDT,0.0001,1754380800000,8
NEAR_USDT,0.0001,1754352000000,8
NEAR_USDT,-4e-06,1754323200000,8
NEAR_USDT,0.0001,1754294400000,8
NEAR_USDT,6e-06,1754265600000,8
NEAR_USDT,1.7e-05,1754236800000,8
NEAR_USDT,-6.1e-05,1754208000000,8
NEAR_USDT,0.0001,1754179200000,8
NEAR_USDT,5.1e-05,1754150400000,8
NEAR_USDT,-2.7e-05,1754121600000,8
NEAR_USDT,6.5e-05,1754092800000,8
NEAR_USDT,8e-06,1754064000000,8
NEAR_USDT,-8.3e-05,1754035200000,8
NEAR_USDT,5.6e-05,1754006400000,8
NEAR_USDT,5.4e-05,1753977600000,8
NEAR_USDT,6e-05,1753948800000,8
NEAR_USDT,-5.3e-05,1753920000000,8
NEAR_USDT,5e-05,1753891200000,8
NEAR_USDT,-0.000152,1753862400000,8
NEAR_USDT,-0.00018,1753833600000,8
NEAR_USDT,-0.000102,1753804800000,8
NEAR_USDT,-0.00012,1753776000000,8
NEAR_USDT,-9.3e-05,1753747200000,8
NEAR_USDT,0.0001,1753718400000,8
NEAR_USDT,0.0001,1753689600000,8
NEAR_USDT,0.0001,1753660800000,8
NEAR_USDT,0.0001,1753632000000,8
NEAR_USDT,0.0001,1753603200000,8
NEAR_USDT,0.0001,1753574400000,8
NEAR_USDT,0.0001,1753545600000,8
NEAR_USDT,0.0001,1753516800000,8
NEAR_USDT,0.0001,1753488000000,8
NEAR_USDT,8.9e-05,1753459200000,8
NEAR_USDT,9e-06,1753430400000,8
NEAR_USDT,-0.00014,1753401600000,8
NEAR_USDT,2.8e-05,1753372800000,8
NEAR_USDT,-6.3e-05,1753344000000,8
NEAR_USDT,-1.3e-05,1753315200000,8
NEAR_USDT,4.4e-05,1753286400000,8
NEAR_USDT,0.0001,1753257600000,8
NEAR_USDT,0.0001,1753228800000,8
NEAR_USDT,0.0001,1753200000000,8
NEAR_USDT,7.4e-05,1753171200000,8
NEAR_USDT,0.0001,1753142400000,8
NEAR_USDT,0.0001,1753113600000,8
NEAR_USDT,0.0001,1753084800000,8
NEAR_USDT,0.0001,1753056000000,8
NEAR_USDT,0.0001,1753027200000,8
NEAR_USDT,0.0001,1752998400000,8
NEAR_USDT,6.9e-05,1752969600000,8
NEAR_USDT,0.0001,1752940800000,8
NEAR_USDT,4.5e-05,1752912000000,8
NEAR_USDT,0.0001,1752883200000,8
NEAR_USDT,0.0001,1752854400000,8
NEAR_USDT,0.0001,1752825600000,8
NEAR_USDT,0.0001,1752796800000,8
NEAR_USDT,0.0001,1752768000000,8
NEAR_USDT,0.0001,1752739200000,8
NEAR_USDT,0.0001,1752710400000,8
NEAR_USDT,0.0001,1752681600000,8
NEAR_USDT,0.0001,1752652800000,8
NEAR_USDT,0.0001,1752624000000,8
NEAR_USDT,3.6e-05,1752595200000,8
NEAR_USDT,0.0001,1752566400000,8
NEAR_USDT,7.7e-05,1752537600000,8
NEAR_USDT,0.0001,1752508800000,8
NEAR_USDT,0.0001,1752480000000,8
NEAR_USDT,0.0001,1752451200000,8
NEAR_USDT,0.0001,1752422400000,8
NEAR_USDT,0.0001,1752393600000,8
NEAR_USDT,0.0001,1752364800000,8
NEAR_USDT,0.0001,1752336000000,8
NEAR_USDT,0.0001,1752307200000,8
NEAR_USDT,0.0001,1752278400000,8
NEAR_USDT,0.0001,1752249600000,8
NEAR_USDT,0.0001,1752220800000,8
NEAR_USDT,0.0001,1752192000000,8
NEAR_USDT,0.0001,1752163200000,8
NEAR_USDT,0.0001,1752134400000,8
NEAR_USDT,0.0001,1752105600000,8
NEAR_USDT,0.0001,1752076800000,8
NEAR_USDT,0.0001,1752048000000,8
NEAR_USDT,0.0001,1752019200000,8
NEAR_USDT,6.7e-05,1751990400000,8
NEAR_USDT,-0.000124,1751961600000,8
NEAR_USDT,0.0001,1751932800000,8
NEAR_USDT,0.0001,1751904000000,8
NEAR_USDT,0.0001,1751875200000,8
NEAR_USDT,9.6e-05,1751846400000,8
NEAR_USDT,0.0001,1751817600000,8
NEAR_USDT,3.5e-05,1751788800000,8
NEAR_USDT,-0.000147,1751760000000,8
NEAR_USDT,-0.000187,1751731200000,8
NEAR_USDT,-0.000269,1751702400000,8
NEAR_USDT,-0.000335,1751673600000,8
NEAR_USDT,-4.7e-05,1751644800000,8
NEAR_USDT,0.0001,1751616000000,8
NEAR_USDT,0.0001,1751587200000,8
NEAR_USDT,0.0001,1751558400000,8
NEAR_USDT,0.0001,1751529600000,8
NEAR_USDT,0.0001,1751500800000,8
NEAR_USDT,0.0001,1751472000000,8
NEAR_USDT,-0.000197,1751443200000,8
NEAR_USDT,9.1e-05,1751414400000,8
NEAR_USDT,-2.8e-05,1751385600000,8
NEAR_USDT,-0.000126,1751356800000,8
NEAR_USDT,1.7e-05,1751328000000,8
NEAR_USDT,-6.2e-05,1751299200000,8
NEAR_USDT,0.0001,1751270400000,8
NEAR_USDT,0.0001,1751241600000,8
NEAR_USDT,0.0001,1751212800000,8
NEAR_USDT,0.0001,1751184000000,8
NEAR_USDT,7.9e-05,1751155200000,8
NEAR_USDT,0.0001,1751126400000,8
NEAR_USDT,4.2e-05,1751097600000,8
NEAR_USDT,-1e-05,1751068800000,8
NEAR_USDT,7.9e-05,1751040000000,8
NEAR_USDT,-3.7e-05,1751011200000,8
NEAR_USDT,2e-06,1750982400000,8
NEAR_USDT,0.0001,1750953600000,8
NEAR_USDT,-9.2e-05,1750924800000,8
NEAR_USDT,9.7e-05,1750896000000,8
NEAR_USDT,8.5e-05,1750867200000,8
NEAR_USDT,5.4e-05,1750838400000,8
NEAR_USDT,0.0001,1750809600000,8
NEAR_USDT,8.5e-05,1750780800000,8
NEAR_USDT,0.0001,1750752000000,8
NEAR_USDT,-4e-05,1750723200000,8
NEAR_USDT,-0.000213,1750694400000,8
NEAR_USDT,-8.6e-05,1750665600000,8
NEAR_USDT,-0.000116,1750636800000,8
NEAR_USDT,3e-06,1750608000000,8
NEAR_USDT,5.7e-05,1750579200000,8
NEAR_USDT,1.9e-05,1750550400000,8
NEAR_USDT,-5.9e-05,1750521600000,8
NEAR_USDT,4e-05,1750492800000,8
NEAR_USDT,-0.000121,1750464000000,8
NEAR_USDT,5e-05,1750435200000,8
NEAR_USDT,0.0001,1750406400000,8
NEAR_USDT,-0.000168,1750377600000,8
NEAR_USDT,4.9e-05,1750348800000,8
NEAR_USDT,1.1e-05,1750320000000,8
NEAR_USDT,3.1e-05,1750291200000,8
NEAR_USDT,-9.1e-05,1750262400000,8
NEAR_USDT,4.8e-05,1750233600000,8
NEAR_USDT,6.4e-05,1750204800000,8
NEAR_USDT,0.0001,1750176000000,8
NEAR_USDT,0.0001,1750147200000,8
NEAR_USDT,0.0001,1750118400000,8
NEAR_USDT,0.0001,1750089600000,8
NEAR_USDT,0.0001,1750060800000,8
NEAR_USDT,6e-05,1750032000000,8
NEAR_USDT,0.0001,1750003200000,8
NEAR_USDT,9e-05,1749974400000,8
NEAR_USDT,9.3e-05,1749945600000,8
NEAR_USDT,-8e-05,1749916800000,8
NEAR_USDT,-8.4e-05,1749888000000,8
NEAR_USDT,1.2e-05,1749859200000,8
NEAR_USDT,-3.6e-05,1749830400000,8
NEAR_USDT,-0.000444,1749801600000,8
NEAR_USDT,-9.6e-05,1749772800000,8
NEAR_USDT,-1e-05,1749744000000,8
NEAR_USDT,-1e-05,1749715200000,8
NEAR_USDT,0.0001,1749686400000,8
NEAR_USDT,0.0001,1749657600000,8
NEAR_USDT,0.0001,1749628800000,8
NEAR_USDT,0.0001,1749600000000,8
NEAR_USDT,0.0001,1749571200000,8
NEAR_USDT,0.0001,1749542400000,8
NEAR_USDT,0.0001,1749513600000,8
NEAR_USDT,0.0001,1749484800000,8
NEAR_USDT,0.0001,1749456000000,8
NEAR_USDT,0.0001,1749427200000,8
NEAR_USDT,0.0001,1749398400000,8
NEAR_USDT,0.0001,1749369600000,8
NEAR_USDT,0.0001,1749340800000,8
NEAR_USDT,0.0001,1749312000000,8
NEAR_USDT,0.0001,1749283200000,8
NEAR_USDT,8.2e-05,1749254400000,8
NEAR_USDT,-4.3e-05,1749225600000,8
NEAR_USDT,4e-06,1749196800000,8
NEAR_USDT,-0.000192,1749168000000,8
NEAR_USDT,-3.9e-05,1749139200000,8
NEAR_USDT,4.5e-05,1749110400000,8
NEAR_USDT,5.9e-05,1749081600000,8
NEAR_USDT,0.0,1749052800000,8
NEAR_USDT,0.0001,1749024000000,8
NEAR_USDT,0.0001,1748995200000,8
NEAR_USDT,8e-05,1748966400000,8
NEAR_USDT,0.0001,1748937600000,8
NEAR_USDT,0.0001,1748908800000,8
NEAR_USDT,7.8e-05,1748880000000,8
NEAR_USDT,2e-05,1748851200000,8
NEAR_USDT,-2.9e-05,1748822400000,8
NEAR_USDT,-1.8e-05,1748793600000,8
NEAR_USDT,-9.3e-05,1748764800000,8
NEAR_USDT,-3.1e-05,1748736000000,8
NEAR_USDT,-0.000124,1748707200000,8
NEAR_USDT,-0.000283,1748678400000,8
NEAR_USDT,-0.000253,1748649600000,8
NEAR_USDT,-2.8e-05,1748620800000,8
NEAR_USDT,-0.000315,1748592000000,8
NEAR_USDT,-0.000106,1748563200000,8
NEAR_USDT,6.2e-05,1748534400000,8
NEAR_USDT,8.3e-05,1748505600000,8
NEAR_USDT,4.4e-05,1748476800000,8
NEAR_USDT,9.9e-05,1748448000000,8
NEAR_USDT,3.5e-05,1748419200000,8
NEAR_USDT,0.0001,1748390400000,8
NEAR_USDT,0.0001,1748361600000,8
NEAR_USDT,9.4e-05,1748332800000,8
NEAR_USDT,4.1e-05,1748304000000,8
NEAR_USDT,7.5e-05,1748275200000,8
NEAR_USDT,-1.9e-05,1748246400000,8
NEAR_USDT,-0.000161,1748217600000,8
NEAR_USDT,-0.000244,1748188800000,8
NEAR_USDT,-9.6e-05,1748160000000,8
NEAR_USDT,-0.000136,1748131200000,8
NEAR_USDT,-0.00014,1748102400000,8
NEAR_USDT,-0.00011,1748073600000,8
NEAR_USDT,0.0001,1748044800000,8
NEAR_USDT,0.0001,1748016000000,8
NEAR_USDT,0.0001,1747987200000,8
NEAR_USDT,0.0001,1747958400000,8
NEAR_USDT,0.0001,1747929600000,8
NEAR_USDT,0.0001,1747900800000,8
NEAR_USDT,6.6e-05,1747872000000,8
NEAR_USDT,-1.1e-05,1747843200000,8
NEAR_USDT,0.0001,1747814400000,8
NEAR_USDT,6e-06,1747785600000,8
NEAR_USDT,-7.1e-05,1747756800000,8
NEAR_USDT,6e-05,1747728000000,8
NEAR_USDT,2.6e-05,1747699200000,8
NEAR_USDT,-9.3e-05,1747670400000,8
NEAR_USDT,-0.000165,1747641600000,8
NEAR_USDT,-4.3e-05,1747612800000,8
NEAR_USDT,-8.1e-05,1747584000000,8
NEAR_USDT,-4.3e-05,1747555200000,8
NEAR_USDT,6.2e-05,1747526400000,8
NEAR_USDT,8.4e-05,1747497600000,8
NEAR_USDT,-8e-05,1747468800000,8
NEAR_USDT,4.7e-05,1747440000000,8
NEAR_USDT,0.0001,1747411200000,8
NEAR_USDT,1e-06,1747382400000,8
NEAR_USDT,-2.7e-05,1747353600000,8
NEAR_USDT,2.5e-05,1747324800000,8
NEAR_USDT,0.0001,1747296000000,8
NEAR_USDT,-3.7e-05,1747267200000,8
NEAR_USDT,9.5e-05,1747238400000,8
NEAR_USDT,7.5e-05,1747209600000,8
NEAR_USDT,0.0001,1747180800000,8
NEAR_USDT,-8e-06,1747152000000,8
NEAR_USDT,0.0001,1747123200000,8
NEAR_USDT,0.0001,1747094400000,8
NEAR_USDT,-5.9e-05,1747065600000,8
NEAR_USDT,0.0001,1747036800000,8
NEAR_USDT,0.0001,1747008000000,8
NEAR_USDT,2.3e-05,1746979200000,8
NEAR_USDT,0.0001,1746950400000,8
NEAR_USDT,8.8e-05,1746921600000,8
NEAR_USDT,0.0001,1746892800000,8
NEAR_USDT,0.0001,1746864000000,8
NEAR_USDT,0.0001,1746835200000,8
NEAR_USDT,0.0001,1746806400000,8
NEAR_USDT,0.0001,1746777600000,8
NEAR_USDT,0.0001,1746748800000,8
NEAR_USDT,0.0001,1746720000000,8
NEAR_USDT,0.0001,1746691200000,8
NEAR_USDT,5.5e-05,1746662400000,8
NEAR_USDT,-0.000101,1746633600000,8
NEAR_USDT,-2.1e-05,1746604800000,8
NEAR_USDT,4.1e-05,1746576000000,8
NEAR_USDT,-2.7e-05,1746547200000,8
NEAR_USDT,-4e-05,1746518400000,8
NEAR_USDT,-3e-05,1746489600000,8
NEAR_USDT,-2.3e-05,1746460800000,8
NEAR_USDT,-7.4e-05,1746432000000,8
NEAR_USDT,-4e-05,1746403200000,8
NEAR_USDT,1.2e-05,1746374400000,8
NEAR_USDT,-0.000146,1746345600000,8
NEAR_USDT,-0.000135,1746316800000,8
NEAR_USDT,-0.000134,1746288000000,8
NEAR_USDT,-1.4e-05,1746259200000,8
NEAR_USDT,9.5e-05,1746230400000,8
NEAR_USDT,9.7e-05,1746201600000,8
NEAR_USDT,7.1e-05,1746172800000,8
NEAR_USDT,0.0001,1746144000000,8
NEAR_USDT,0.0001,1746115200000,8
NEAR_USDT,5.8e-05,1746086400000,8
NEAR_USDT,8.4e-05,1746057600000,8
NEAR_USDT,-4.7e-05,1746028800000,8
NEAR_USDT,-7.1e-05,1746000000000,8
NEAR_USDT,-5.2e-05,1745971200000,8
NEAR_USDT,-5.1e-05,1745942400000,8
NEAR_USDT,-5e-06,1745913600000,8
NEAR_USDT,-2e-05,1745884800000,8
NEAR_USDT,0.0,1745856000000,8
NEAR_USDT,-0.000109,1745827200000,8
NEAR_USDT,5.3e-05,1745798400000,8
NEAR_USDT,0.0001,1745769600000,8
NEAR_USDT,6e-06,1745740800000,8
NEAR_USDT,-0.000118,1745712000000,8
NEAR_USDT,0.0001,1745683200000,8
NEAR_USDT,5.1e-05,1745654400000,8
NEAR_USDT,0.0001,1745625600000,8
NEAR_USDT,5.1e-05,1745596800000,8
NEAR_USDT,8.8e-05,1745568000000,8
NEAR_USDT,0.0001,1745539200000,8
NEAR_USDT,0.0001,1745510400000,8
NEAR_USDT,0.0001,1745481600000,8
NEAR_USDT,0.0001,1745452800000,8
NEAR_USDT,0.0001,1745424000000,8
NEAR_USDT,-4.5e-05,1745395200000,8
NEAR_USDT,8.9e-05,1745366400000,8
NEAR_USDT,-0.000118,1745337600000,8
NEAR_USDT,-0.000174,1745308800000,8
NEAR_USDT,0.0001,1745280000000,8
NEAR_USDT,5.3e-05,1745251200000,8
NEAR_USDT,-7.1e-05,1745222400000,8
NEAR_USDT,5.1e-05,1745193600000,8
NEAR_USDT,0.0001,1745164800000,8
NEAR_USDT,0.0001,1745136000000,8
NEAR_USDT,0.0001,1745107200000,8
NEAR_USDT,0.0001,1745078400000,8
NEAR_USDT,0.0001,1745049600000,8
NEAR_USDT,0.0001,1745020800000,8
NEAR_USDT,0.0001,1744992000000,8
NEAR_USDT,3.4e-05,1744963200000,8
NEAR_USDT,4.6e-05,1744934400000,8
NEAR_USDT,-0.000118,1744905600000,8
NEAR_USDT,9.9e-05,1744876800000,8
NEAR_USDT,2.3e-05,1744848000000,8
NEAR_USDT,-3.1e-05,1744819200000,8
NEAR_USDT,-6e-05,1744790400000,8
NEAR_USDT,-0.00012,1744761600000,8
NEAR_USDT,-3e-06,1744732800000,8
NEAR_USDT,1.9e-05,1744704000000,8
NEAR_USDT,0.0001,1744675200000,8
NEAR_USDT,0.0001,1744646400000,8
NEAR_USDT,5e-06,1744617600000,8
NEAR_USDT,5.7e-05,1744588800000,8
NEAR_USDT,0.0001,1744560000000,8
NEAR_USDT,0.0001,1744531200000,8
NEAR_USDT,0.0001,1744502400000,8
NEAR_USDT,1.9e-05,1744473600000,8
NEAR_USDT,0.0001,1744444800000,8
NEAR_USDT,0.0001,1744416000000,8
NEAR_USDT,-1.5e-05,1744387200000,8
NEAR_USDT,2.5e-05,1744358400000,8
NEAR_USDT,6.7e-05,1744329600000,8
NEAR_USDT,6.2e-05,1744300800000,8
NEAR_USDT,-2.2e-05,1744272000000,8
NEAR_USDT,0.0001,1744243200000,8
NEAR_USDT,-3.2e-05,1744214400000,8
