kirilim,variant_id,yil,islem,ort_net_R,toplam_net_R,net_USDT,kazanma,ceyrek,symbol,side,L,K,F
variant_id+yil,L1_K1_F0,2023.0,1605,-0.32502710273091295,-521.6684998831153,-9885.610916239602,0.3514018691588785,,,,,,
variant_id+yil,L1_K1_F0,2024.0,1181,-0.3284895309605686,-387.9461360644315,-114.17623822006414,0.3310753598645216,,,,,,
variant_id+yil,L1_K1_F0,2025.0,41,-0.30478399444465815,-12.496143772230985,-0.0351272365679991,0.3170731707317073,,,,,,
variant_id+yil,L1_K1_F1,2023.0,541,-0.3313682274284648,-179.27021103879946,-4480.956980512371,0.35304990757855825,,,,,,
variant_id+yil,L1_K1_F1,2024.0,525,-0.26432161938910836,-138.76885017928188,-3405.1399254163052,0.3580952380952381,,,,,,
variant_id+yil,L1_K1_F1,2025.0,164,-0.3505197814247479,-57.48524415365865,-1142.269156217803,0.3048780487804878,,,,,,
variant_id+yil,L1_K2_F0,2023.0,800,-0.16445057134422203,-131.56045707537763,-3288.790922216282,0.39625,,,,,,
variant_id+yil,L1_K2_F0,2024.0,1105,-0.20852132695296988,-230.4160662830317,-5516.835880060795,0.3610859728506787,,,,,,
variant_id+yil,L1_K2_F0,2025.0,289,-0.18099092683973755,-52.30637785668415,-742.0860129722906,0.356401384083045,,,,,,
variant_id+yil,L1_K2_F1,2023.0,224,-0.11888271566733341,-26.629728309482683,-665.7023844229855,0.39732142857142855,,,,,,
variant_id+yil,L1_K2_F1,2024.0,323,-0.27514188043363597,-88.87082738006441,-2218.8885791636053,0.33746130030959753,,,,,,
variant_id+yil,L1_K2_F1,2025.0,75,-0.3099857590961859,-23.248931932213942,-581.0940106530679,0.28,,,,,,
variant_id+yil,L1_K3_F0,2023.0,102,-0.3993837902131851,-40.73714660174488,-1017.9164421398685,0.3137254901960784,,,,,,
variant_id+yil,L1_K3_F0,2024.0,118,-0.08603252087311514,-10.151837463027586,-253.77278259523783,0.4067796610169492,,,,,,
variant_id+yil,L1_K3_F0,2025.0,33,-0.13621688059402415,-4.495157059602797,-111.27194838077241,0.42424242424242425,,,,,,
variant_id+yil,L1_K3_F1,2023.0,30,-0.4786738342370338,-14.360215027111014,-358.8535219268564,0.26666666666666666,,,,,,
variant_id+yil,L1_K3_F1,2024.0,30,-0.19026463584633532,-5.70793907539006,-142.77343584901254,0.43333333333333335,,,,,,
variant_id+yil,L1_K3_F1,2025.0,7,-0.8187483817978676,-5.731238672585073,-142.50820307352876,0.14285714285714285,,,,,,
variant_id+yil,L1_K4_F0,2023.0,11,-0.3002859432288045,-3.3031453755168494,-82.50555093606324,0.36363636363636365,,,,,,
variant_id+yil,L1_K4_F0,2024.0,32,0.2150903416267933,6.882890932057386,171.2966092701498,0.53125,,,,,,
variant_id+yil,L1_K4_F0,2025.0,2,0.22102382189007785,0.4420476437801557,11.036538945978036,1.0,,,,,,
variant_id+yil,L1_K4_F1,2023.0,2,0.10394400000000492,0.20788800000000984,5.184771540000341,0.5,,,,,,
variant_id+yil,L1_K4_F1,2024.0,7,-0.019255362625394862,-0.13478753837776403,-3.6820906860282463,0.42857142857142855,,,,,,
variant_id+yil,L2_K1_F0,2023.0,2124,-0.38102277013421376,-809.29236376507,-9995.27576298457,0.3333333333333333,,,,,,
variant_id+yil,L2_K1_F0,2024.0,787,-0.3579474008914065,-281.7046045015369,-4.625005081352006,0.3240152477763659,,,,,,
variant_id+yil,L2_K1_F0,2025.0,49,-0.37154140521431295,-18.205528855501335,-0.015218944922398902,0.2857142857142857,,,,,,
variant_id+yil,L2_K1_F1,2023.0,924,-0.40216818048628555,-371.60339876932784,-8861.220139374183,0.3333333333333333,,,,,,
variant_id+yil,L2_K1_F1,2024.0,976,-0.3283066773630523,-320.42731710633905,-1130.1404774806417,0.33094262295081966,,,,,,
variant_id+yil,L2_K1_F1,2025.0,235,-0.38643968858283617,-90.8133268169665,-6.7053442610800005,0.2978723404255319,,,,,,
variant_id+yil,L2_K2_F0,2023.0,1144,-0.3291958544433385,-376.6000574831792,-9097.967530465428,0.3304195804195804,,,,,,
variant_id+yil,L2_K2_F0,2024.0,1367,-0.21492748372211018,-293.8058702481246,-899.7948272893711,0.36137527432333577,,,,,,
variant_id+yil,L2_K2_F0,2025.0,283,-0.10032530281463145,-28.3920606965407,-0.8091554731147012,0.38515901060070673,,,,,,
variant_id+yil,L2_K2_F1,2023.0,478,-0.31537773672908975,-150.7505581565049,-3767.6207944252933,0.34518828451882844,,,,,,
variant_id+yil,L2_K2_F1,2024.0,621,-0.24985248470195745,-155.15839299991558,-3878.2614887946615,0.3462157809983897,,,,,,
variant_id+yil,L2_K2_F1,2025.0,157,-0.321414075982358,-50.462009929230206,-1122.9829799386278,0.3057324840764331,,,,,,
variant_id+yil,L2_K3_F0,2023.0,153,-0.41633915688643175,-63.69989100362406,-1590.9200402054444,0.2549019607843137,,,,,,
variant_id+yil,L2_K3_F0,2024.0,155,-0.10727790880378735,-16.62807586458704,-416.11098459924347,0.3870967741935484,,,,,,
variant_id+yil,L2_K3_F0,2025.0,42,-0.18341934779401875,-7.703612607348787,-191.6430593319305,0.3333333333333333,,,,,,
variant_id+yil,L2_K3_F1,2023.0,55,-0.5060418264223716,-27.832300453230438,-695.3605309438454,0.2,,,,,,
variant_id+yil,L2_K3_F1,2024.0,61,-0.0377163113851369,-2.300694994493351,-57.51212868669266,0.39344262295081966,,,,,,
variant_id+yil,L2_K3_F1,2025.0,23,-0.073455057115904,-1.689466313665792,-41.843358512948626,0.391304347826087,,,,,,
variant_id+yil,L2_K4_F0,2023.0,23,-0.06470562547786918,-1.488229385990991,-36.8983433443351,0.4782608695652174,,,,,,
variant_id+yil,L2_K4_F0,2024.0,22,0.18426655872014877,4.053864291843273,100.62157878338128,0.5,,,,,,
variant_id+yil,L2_K4_F0,2025.0,10,-0.7712336039782419,-7.712336039782419,-192.5326797035517,0.1,,,,,,
variant_id+yil,L2_K4_F1,2023.0,12,-0.19607742982455786,-2.3529291578946943,-58.52128004200017,0.4166666666666667,,,,,,
variant_id+yil,L2_K4_F1,2024.0,11,0.42482911262671225,4.673120238893834,116.12949338261527,0.5454545454545454,,,,,,
variant_id+yil,L2_K4_F1,2025.0,4,-0.39151141896968583,-1.5660456758787433,-39.12156266506768,0.25,,,,,,
variant_id+yil,L3_K1_F0,2023.0,3150,-0.39140090327879923,-1232.9128453282176,-9999.92632976588,0.32857142857142857,,,,,,
variant_id+yil,L3_K1_F0,2024.0,154,-0.4017130895314326,-61.863815787840615,-0.045425961460297405,0.2792207792207792,,,,,,
variant_id+yil,L3_K1_F0,2025.0,58,-0.22278074319777874,-12.921283105471167,-0.0036129867604989953,0.3793103448275862,,,,,,
variant_id+yil,L3_K1_F1,2023.0,2224,-0.4135660765116281,-919.7709541618608,-9998.97955731894,0.3210431654676259,,,,,,
variant_id+yil,L3_K1_F1,2024.0,590,-0.33338420145758885,-196.69667885997742,-0.9047370945085946,0.3423728813559322,,,,,,
variant_id+yil,L3_K1_F1,2025.0,58,-0.15377371870145615,-8.918875684684457,-0.0086511878511994,0.41379310344827586,,,,,,
variant_id+yil,L3_K2_F0,2023.0,2728,-0.30683139912084334,-837.0360568016606,-9999.545975025723,0.34494134897360706,,,,,,
variant_id+yil,L3_K2_F0,2024.0,490,-0.26206542737385286,-128.4120594131879,-0.414451099915891,0.32857142857142857,,,,,,
variant_id+yil,L3_K2_F0,2025.0,51,-0.4476741470553179,-22.831381499821212,-0.0182235387919982,0.23529411764705882,,,,,,
variant_id+yil,L3_K2_F1,2023.0,1307,-0.3374678634174204,-441.07049748656846,-9734.449936364139,0.3343534812547819,,,,,,
variant_id+yil,L3_K2_F1,2024.0,1159,-0.27686932475066,-320.89154738601496,-265.1714673715896,0.3373597929249353,,,,,,
variant_id+yil,L3_K2_F1,2025.0,66,-0.08251877604919648,-5.4462392192469675,-0.10453854941939941,0.36363636363636365,,,,,,
variant_id+yil,L3_K3_F0,2023.0,334,-0.16849227431432298,-56.27641962098387,-1405.6251844731512,0.36826347305389223,,,,,,
variant_id+yil,L3_K3_F0,2024.0,403,-0.19692467694025906,-79.3606448069244,-1980.7771988154564,0.36228287841191065,,,,,,
variant_id+yil,L3_K3_F0,2025.0,104,-0.1283189507677061,-13.345170879841435,-335.6502162761685,0.3942307692307692,,,,,,
variant_id+yil,L3_K3_F1,2023.0,137,-0.1265602616321802,-17.338755843608688,-432.84446139669313,0.3795620437956204,,,,,,
variant_id+yil,L3_K3_F1,2024.0,165,-0.19064132479466586,-31.45581859111987,-785.7112886903054,0.3393939393939394,,,,,,
variant_id+yil,L3_K3_F1,2025.0,46,-0.4368051135927294,-20.093035225265552,-504.00297161132573,0.2608695652173913,,,,,,
variant_id+yil,L3_K4_F0,2023.0,55,-0.022512345977546606,-1.2381790287650634,-30.345112402516122,0.43636363636363634,,,,,,
variant_id+yil,L3_K4_F0,2024.0,68,-0.07296700115561526,-4.961756078581837,-124.68793524318085,0.4264705882352941,,,,,,
variant_id+yil,L3_K4_F0,2025.0,13,-0.460709771384134,-5.989227027993742,-149.68638944874198,0.23076923076923078,,,,,,
variant_id+yil,L3_K4_F1,2023.0,28,-0.05608773278088365,-1.5704565178647423,-38.70047000153893,0.42857142857142855,,,,,,
variant_id+yil,L3_K4_F1,2024.0,23,-0.21820563712236024,-5.018729653814286,-125.96347037368919,0.30434782608695654,,,,,,
variant_id+yil,L3_K4_F1,2025.0,6,-0.5606766534905295,-3.364059920943177,-84.55599849216301,0.16666666666666666,,,,,,
variant_id+yil,L4_K1_F0,2023.0,366,-0.3696403892891111,-135.28838247981466,-3381.9145651722583,0.3469945355191257,,,,,,
variant_id+yil,L4_K1_F0,2024.0,374,-0.31390149680009233,-117.39915980323454,-2931.6768073628077,0.3422459893048128,,,,,,
variant_id+yil,L4_K1_F0,2025.0,99,-0.3795107083191679,-37.57156012359762,-931.4483755160006,0.31313131313131315,,,,,,
variant_id+yil,L4_K1_F1,2023.0,175,-0.26780690503471954,-46.86620838107592,-1171.5011716774002,0.4057142857142857,,,,,,
variant_id+yil,L4_K1_F1,2024.0,173,-0.31709427816049923,-54.85731012176637,-1369.9555109786131,0.3468208092485549,,,,,,
variant_id+yil,L4_K1_F1,2025.0,56,-0.2752345368544169,-15.413134063847346,-384.61031734806386,0.35714285714285715,,,,,,
variant_id+yil,L4_K2_F0,2023.0,222,-0.4888837092237528,-108.53218344767312,-2712.519484547816,0.2747747747747748,,,,,,
variant_id+yil,L4_K2_F0,2024.0,295,-0.17267533983717087,-50.93922525196541,-1270.791018105107,0.376271186440678,,,,,,
variant_id+yil,L4_K2_F0,2025.0,65,-0.23120394295569327,-15.028256292120062,-375.7237905280622,0.3384615384615385,,,,,,
variant_id+yil,L4_K2_F1,2023.0,98,-0.47488232321024787,-46.53846767460429,-1163.0069369876267,0.29591836734693877,,,,,,
variant_id+yil,L4_K2_F1,2024.0,126,-0.16687685771130734,-21.026484071624726,-524.9262157900076,0.38095238095238093,,,,,,
variant_id+yil,L4_K2_F1,2025.0,24,-0.13786781899298595,-3.3088276558316627,-82.150870982447,0.375,,,,,,
variant_id+yil,L4_K3_F0,2023.0,19,-0.039617619428222124,-0.7527347691362204,-18.7690571388528,0.47368421052631576,,,,,,
variant_id+yil,L4_K3_F0,2024.0,30,0.2775106888126378,8.325320664379134,207.58263727407785,0.5666666666666667,,,,,,
variant_id+yil,L4_K3_F0,2025.0,6,-0.4943891428293443,-2.966334856976066,-74.03142350002102,0.16666666666666666,,,,,,
variant_id+yil,L4_K3_F1,2023.0,9,-0.17643382262529564,-1.5879044036276608,-39.66926588377033,0.3333333333333333,,,,,,
variant_id+yil,L4_K3_F1,2024.0,16,0.19007926045759255,3.0412681673214808,75.67682029036263,0.5,,,,,,
variant_id+yil,L4_K3_F1,2025.0,6,-0.4943891428293443,-2.966334856976066,-74.03142350002102,0.16666666666666666,,,,,,
variant_id+yil,L4_K4_F0,2023.0,3,-0.19912869503481856,-0.5973860851044557,-14.92332458166387,0.3333333333333333,,,,,,
variant_id+yil,L4_K4_F0,2024.0,8,0.42063852577171607,3.3651082061737285,84.02891929356205,0.75,,,,,,
variant_id+yil,L4_K4_F0,2025.0,1,-1.0094798000540537,-1.0094798000540537,-25.211758006349992,0.0,,,,,,
variant_id+yil,L4_K4_F1,2023.0,2,-1.0334706954887327,-2.0669413909774654,-51.659855940000035,0.0,,,,,,
variant_id+yil,L4_K4_F1,2024.0,4,0.31292388754549305,1.2516955501819722,31.289336852000112,0.5,,,,,,
variant_id+yil,L4_K4_F1,2025.0,1,-1.0094798000540537,-1.0094798000540537,-25.211758006349992,0.0,,,,,,
variant_id+ceyrek,L1_K1_F0,,232,-0.3506663951634089,-81.35460367791087,-2033.628230063855,0.3232758620689655,2023Q1,,,,,
variant_id+ceyrek,L1_K1_F0,,461,-0.36974226930977183,-170.45118615180482,-4259.916474975349,0.31670281995661603,2023Q2,,,,,
variant_id+ceyrek,L1_K1_F0,,475,-0.33022251406457054,-156.855694180671,-3066.9544218239075,0.36,2023Q3,,,,,
variant_id+ceyrek,L1_K1_F0,,437,-0.25859729032661005,-113.00701587272859,-525.1117893764898,0.39359267734553777,2023Q4,,,,,
variant_id+ceyrek,L1_K1_F0,,463,-0.29667493639162323,-137.36049554932157,-92.94739233872713,0.3347732181425486,2024Q1,,,,,
variant_id+ceyrek,L1_K1_F0,,394,-0.28235750131452764,-111.24885551792389,-18.724643199857518,0.350253807106599,2024Q2,,,,,
variant_id+ceyrek,L1_K1_F0,,221,-0.45530688711850725,-100.6228220531901,-2.1247672721094957,0.2986425339366516,2024Q3,,,,,
variant_id+ceyrek,L1_K1_F0,,103,-0.37586371790287354,-38.71396294399597,-0.3794354093699978,0.3106796116504854,2024Q4,,,,,
variant_id+ceyrek,L1_K1_F0,,38,-0.29979164897683785,-11.392082661119838,-0.0321964025679992,0.3157894736842105,2025Q1,,,,,
variant_id+ceyrek,L1_K1_F0,,3,-0.3680203703703823,-1.104061111111147,-0.0029308339999999,0.3333333333333333,2025Q2,,,,,
variant_id+ceyrek,L1_K1_F1,,73,-0.386104984777942,-28.185663888789765,-704.6979040576869,0.3150684931506849,2023Q1,,,,,
variant_id+ceyrek,L1_K1_F1,,167,-0.4515259027087704,-75.40482575236466,-1884.176164523172,0.281437125748503,2023Q2,,,,,
variant_id+ceyrek,L1_K1_F1,,166,-0.2770816887022875,-45.99556032457973,-1149.9107140519145,0.3795180722891566,2023Q3,,,,,
variant_id+ceyrek,L1_K1_F1,,135,-0.21988267461529862,-29.68416107306531,-742.1721978795981,0.42962962962962964,2023Q4,,,,,
variant_id+ceyrek,L1_K1_F1,,137,-0.23622387566564426,-32.362670966193264,-811.962461703843,0.36496350364963503,2024Q1,,,,,
variant_id+ceyrek,L1_K1_F1,,138,-0.19576270579785837,-27.015253400104456,-676.3870095034481,0.391304347826087,2024Q2,,,,,
variant_id+ceyrek,L1_K1_F1,,125,-0.2952082778129913,-36.90103472662391,-909.1360913685528,0.368,2024Q3,,,,,
variant_id+ceyrek,L1_K1_F1,,125,-0.3399191286908821,-42.48989108636026,-1007.6543628404611,0.304,2024Q4,,,,,
variant_id+ceyrek,L1_K1_F1,,138,-0.3382360840403851,-46.67657959757314,-954.7354309525979,0.30434782608695654,2025Q1,,,,,
variant_id+ceyrek,L1_K1_F1,,26,-0.4157178675417506,-10.808664556085516,-187.533725265205,0.3076923076923077,2025Q2,,,,,
variant_id+ceyrek,L1_K2_F0,,118,-0.19356742696080392,-22.840956381374863,-570.50452679672,0.3644067796610169,2023Q1,,,,,
variant_id+ceyrek,L1_K2_F0,,204,-0.12747931776484728,-26.005780824028847,-650.6442475385194,0.4264705882352941,2023Q2,,,,,
variant_id+ceyrek,L1_K2_F0,,222,-0.21912310888480127,-48.64533017242588,-1216.293626026105,0.38738738738738737,2023Q3,,,,,
variant_id+ceyrek,L1_K2_F0,,256,-0.133079647256047,-34.068389697548035,-851.3485218549378,0.39453125,2023Q4,,,,,
variant_id+ceyrek,L1_K2_F0,,259,-0.1715343500562301,-44.427396664563595,-1111.0229242551868,0.38223938223938225,2024Q1,,,,,
variant_id+ceyrek,L1_K2_F0,,296,-0.1767164609408894,-52.30807243850327,-1306.435581310903,0.38175675675675674,2024Q2,,,,,
variant_id+ceyrek,L1_K2_F0,,255,-0.346859133409971,-88.44907901954261,-2170.1749808847376,0.2980392156862745,2024Q3,,,,,
variant_id+ceyrek,L1_K2_F0,,295,-0.15332718020482114,-45.23151816042223,-929.2023936099675,0.376271186440678,2024Q4,,,,,
variant_id+ceyrek,L1_K2_F0,,226,-0.13208211882114868,-29.850558853579603,-541.2371133170391,0.37610619469026546,2025Q1,,,,,
variant_id+ceyrek,L1_K2_F0,,63,-0.35644157147785,-22.45581900310455,-200.8488996552516,0.2857142857142857,2025Q2,,,,,
variant_id+ceyrek,L1_K2_F1,,42,-2.2911395787398685e-05,-0.0009622786230707447,-0.34862874099135865,0.4523809523809524,2023Q1,,,,,
variant_id+ceyrek,L1_K2_F1,,61,-0.09887428685986518,-6.0313314984517765,-150.8288660388883,0.4098360655737705,2023Q2,,,,,
variant_id+ceyrek,L1_K2_F1,,62,-0.338925363259651,-21.01337252209836,-525.0464702746617,0.3225806451612903,2023Q3,,,,,
variant_id+ceyrek,L1_K2_F1,,59,0.0070497964354326245,0.41593798969052487,10.521580631555935,0.423728813559322,2023Q4,,,,,
variant_id+ceyrek,L1_K2_F1,,64,-0.12772997743882175,-8.174718556084592,-205.15535310311614,0.421875,2024Q1,,,,,
variant_id+ceyrek,L1_K2_F1,,95,-0.29086102652800505,-27.631797520160482,-688.7003671030923,0.3157894736842105,2024Q2,,,,,
variant_id+ceyrek,L1_K2_F1,,76,-0.5128354148070059,-38.97549152533245,-973.3418132411258,0.23684210526315788,2024Q3,,,,,
variant_id+ceyrek,L1_K2_F1,,88,-0.1601002247555328,-14.088819778486885,-351.6910457162711,0.38636363636363635,2024Q4,,,,,
variant_id+ceyrek,L1_K2_F1,,61,-0.30106532478397785,-18.364984811822648,-459.14757948494747,0.2786885245901639,2025Q1,,,,,
variant_id+ceyrek,L1_K2_F1,,14,-0.3488533657422354,-4.883947120391296,-121.9464311681204,0.2857142857142857,2025Q2,,,,,
variant_id+ceyrek,L1_K3_F0,,21,-0.42966551971405004,-9.022975913995051,-225.3552567082818,0.2857142857142857,2023Q1,,,,,
variant_id+ceyrek,L1_K3_F0,,26,-0.3275625777601058,-8.51662702176275,-212.6373703543457,0.46153846153846156,2023Q2,,,,,
variant_id+ceyrek,L1_K3_F0,,33,-0.46822124114740205,-15.451300957864268,-386.2180453511829,0.24242424242424243,2023Q3,,,,,
variant_id+ceyrek,L1_K3_F0,,22,-0.3521019412783099,-7.746242708122818,-193.7057697260581,0.2727272727272727,2023Q4,,,,,
variant_id+ceyrek,L1_K3_F0,,19,-0.4343247002014562,-8.252169303827667,-206.519231588354,0.21052631578947367,2024Q1,,,,,
variant_id+ceyrek,L1_K3_F0,,31,-0.038958236001773054,-1.2077053160549647,-29.71959878897806,0.4838709677419355,2024Q2,,,,,
variant_id+ceyrek,L1_K3_F0,,35,0.21623459693928035,7.568210892874812,188.4451336523632,0.5428571428571428,2024Q3,,,,,
variant_id+ceyrek,L1_K3_F0,,33,-0.250308295030902,-8.260173736019766,-205.979085870269,0.30303030303030304,2024Q4,,,,,
variant_id+ceyrek,L1_K3_F0,,30,-0.13794955325408736,-4.138486597622621,-102.39202350522439,0.43333333333333335,2025Q1,,,,,
variant_id+ceyrek,L1_K3_F0,,3,-0.11889015399339227,-0.3566704619801768,-8.87992487554802,0.3333333333333333,2025Q2,,,,,
variant_id+ceyrek,L1_K3_F1,,2,-1.017216165146782,-2.034432330293564,-50.78949069728115,0.0,2023Q1,,,,,
variant_id+ceyrek,L1_K3_F1,,8,-0.48590939736766864,-3.887275178941349,-97.10928532677679,0.375,2023Q2,,,,,
variant_id+ceyrek,L1_K3_F1,,12,-0.47825824140990164,-5.7390988969188195,-143.5002708058596,0.25,2023Q3,,,,,
variant_id+ceyrek,L1_K3_F1,,8,-0.33742607761966004,-2.6994086209572803,-67.45447509693886,0.25,2023Q4,,,,,
variant_id+ceyrek,L1_K3_F1,,5,-0.28134083121730435,-1.4067041560865217,-35.20423674824038,0.2,2024Q1,,,,,
variant_id+ceyrek,L1_K3_F1,,11,-0.058970954796418645,-0.6486805027606051,-16.258878999021317,0.5454545454545454,2024Q2,,,,,
variant_id+ceyrek,L1_K3_F1,,7,0.26463675100118306,1.8524572570082816,46.23954814504905,0.7142857142857143,2024Q3,,,,,
variant_id+ceyrek,L1_K3_F1,,7,-0.7864302390787449,-5.5050116735512145,-137.5498682467999,0.14285714285714285,2024Q4,,,,,
variant_id+ceyrek,L1_K3_F1,,6,-0.7852855696294284,-4.71171341777657,-117.03995244578473,0.16666666666666666,2025Q1,,,,,
variant_id+ceyrek,L1_K3_F1,,1,-1.019525254808503,-1.019525254808503,-25.468250627744013,0.0,2025Q2,,,,,
variant_id+ceyrek,L1_K4_F0,,3,-0.6793663514698798,-2.0380990544096393,-50.92296496000003,0.3333333333333333,2023Q1,,,,,
variant_id+ceyrek,L1_K4_F0,,2,-0.3657973668636352,-0.7315947337272704,-18.292295249311884,0.5,2023Q2,,,,,
variant_id+ceyrek,L1_K4_F0,,4,-0.3044971468449932,-1.2179885873799727,-30.411901526751546,0.25,2023Q3,,,,,
variant_id+ceyrek,L1_K4_F0,,2,0.3422685000000164,0.6845370000000328,17.121610800000216,0.5,2023Q4,,,,,
variant_id+ceyrek,L1_K4_F0,,4,0.9451682185313458,3.780672874125383,94.10111516000055,0.75,2024Q1,,,,,
variant_id+ceyrek,L1_K4_F0,,10,0.21036909866165376,2.1036909866165376,52.415069105580116,0.6,2024Q2,,,,,
variant_id+ceyrek,L1_K4_F0,,11,0.18506349684518578,2.0356984652970436,50.71926436644232,0.5454545454545454,2024Q3,,,,,
variant_id+ceyrek,L1_K4_F0,,7,-0.1481673419973684,-1.0371713939815788,-25.938839361873193,0.2857142857142857,2024Q4,,,,,
variant_id+ceyrek,L1_K4_F0,,2,0.22102382189007785,0.4420476437801557,11.036538945978036,1.0,2025Q1,,,,,
variant_id+ceyrek,L1_K4_F1,,1,-1.034958000000007,-1.034958000000007,-25.87395000000008,0.0,2023Q2,,,,,
variant_id+ceyrek,L1_K4_F1,,1,1.2428460000000168,1.2428460000000168,31.05872154000042,1.0,2023Q3,,,,,
variant_id+ceyrek,L1_K4_F1,,2,0.24975652365462309,0.49951304730924617,12.201927172993983,0.5,2024Q2,,,,,
variant_id+ceyrek,L1_K4_F1,,4,0.09902704107824448,0.3961081643129779,9.87620089097784,0.5,2024Q3,,,,,
variant_id+ceyrek,L1_K4_F1,,1,-1.030408749999988,-1.030408749999988,-25.76021875000007,0.0,2024Q4,,,,,
variant_id+ceyrek,L2_K1_F0,,292,-0.3338432036813562,-97.48221547495602,-2436.577752844982,0.339041095890411,2023Q1,,,,,
variant_id+ceyrek,L2_K1_F0,,646,-0.3209953309377309,-207.36298378577416,-5148.867436145341,0.3606811145510836,2023Q2,,,,,
variant_id+ceyrek,L2_K1_F0,,618,-0.4934937542223057,-304.9791401093849,-2356.7050604679744,0.2896440129449838,2023Q3,,,,,
variant_id+ceyrek,L2_K1_F0,,568,-0.3511760992868926,-199.468024394955,-53.12551352627157,0.34683098591549294,2023Q4,,,,,
variant_id+ceyrek,L2_K1_F0,,397,-0.3399301493360719,-134.95226928642055,-3.8746408778156107,0.33753148614609574,2024Q1,,,,,
variant_id+ceyrek,L2_K1_F0,,237,-0.34957428183542055,-82.84910479499467,-0.5231001334075978,0.3333333333333333,2024Q2,,,,,
variant_id+ceyrek,L2_K1_F0,,110,-0.47489378372586954,-52.23831620984565,-0.1949000471287977,0.2545454545454545,2024Q3,,,,,
variant_id+ceyrek,L2_K1_F0,,43,-0.27127707465758244,-11.664914210276045,-0.0323640229999995,0.32558139534883723,2024Q4,,,,,
variant_id+ceyrek,L2_K1_F0,,46,-0.4331416381001064,-19.924515352604896,-0.018106866906398802,0.2608695652173913,2025Q1,,,,,
variant_id+ceyrek,L2_K1_F0,,3,0.5729954990345197,1.718986497103559,0.0028879219839998997,0.6666666666666666,2025Q2,,,,,
variant_id+ceyrek,L2_K1_F1,,119,-0.3641997526860706,-43.3397705696424,-1082.9347503893455,0.33613445378151263,2023Q1,,,,,
variant_id+ceyrek,L2_K1_F1,,284,-0.3873684367656882,-110.01263604145545,-2748.308652100969,0.352112676056338,2023Q2,,,,,
variant_id+ceyrek,L2_K1_F1,,266,-0.4999767286480264,-132.99380982037502,-3306.7490999892734,0.2819548872180451,2023Q3,,,,,
variant_id+ceyrek,L2_K1_F1,,255,-0.3343418915209999,-85.25718233785497,-1723.2276368945957,0.36470588235294116,2023Q4,,,,,
variant_id+ceyrek,L2_K1_F1,,269,-0.2627873922873089,-70.6898085252861,-668.279149168825,0.36059479553903345,2024Q1,,,,,
variant_id+ceyrek,L2_K1_F1,,246,-0.3247571394754269,-79.89025631095501,-324.44145002043837,0.34959349593495936,2024Q2,,,,,
variant_id+ceyrek,L2_K1_F1,,258,-0.37094627554079795,-95.70413908952587,-115.50050209702434,0.3062015503875969,2024Q3,,,,,
variant_id+ceyrek,L2_K1_F1,,203,-0.36523701074173437,-74.14311318057207,-21.919376194353973,0.30049261083743845,2024Q4,,,,,
variant_id+ceyrek,L2_K1_F1,,204,-0.4060535698076136,-82.83492824075317,-6.055683933398,0.28921568627450983,2025Q1,,,,,
variant_id+ceyrek,L2_K1_F1,,31,-0.2573676960068811,-7.978398576213314,-0.6496603276820007,0.3548387096774194,2025Q2,,,,,
variant_id+ceyrek,L2_K2_F0,,155,-0.23284715593836347,-36.09130917044634,-902.6445646226604,0.34838709677419355,2023Q1,,,,,
variant_id+ceyrek,L2_K2_F0,,289,-0.32874126462805614,-95.00622547750822,-2374.354410299158,0.3356401384083045,2023Q2,,,,,
variant_id+ceyrek,L2_K2_F0,,332,-0.4564906041536692,-151.55488057901817,-3787.263518949045,0.28012048192771083,2023Q3,,,,,
variant_id+ceyrek,L2_K2_F0,,368,-0.25529250613099597,-93.9476422562065,-2033.705036594564,0.3641304347826087,2023Q4,,,,,
variant_id+ceyrek,L2_K2_F0,,333,-0.18615150807107356,-61.9884521876675,-538.6562997733528,0.3813813813813814,2024Q1,,,,,
variant_id+ceyrek,L2_K2_F0,,373,-0.16921251308187285,-63.11626737953858,-258.63473727231855,0.38337801608579086,2024Q2,,,,,
variant_id+ceyrek,L2_K2_F0,,349,-0.2583285370622218,-90.15665943471541,-91.89181623223179,0.34097421203438394,2024Q3,,,,,
variant_id+ceyrek,L2_K2_F0,,312,-0.25174516425065097,-78.54449124620311,-10.611974011468025,0.33653846153846156,2024Q4,,,,,
variant_id+ceyrek,L2_K2_F0,,232,-0.0800845238781274,-18.579609539725556,-0.4523619103301003,0.3922413793103448,2025Q1,,,,,
variant_id+ceyrek,L2_K2_F0,,51,-0.19240100307480673,-9.812451156815143,-0.35679356278460084,0.35294117647058826,2025Q2,,,,,
variant_id+ceyrek,L2_K2_F1,,62,-0.10090555563989269,-6.2561444496733465,-156.36805727875281,0.4032258064516129,2023Q1,,,,,
variant_id+ceyrek,L2_K2_F1,,123,-0.3062620617781133,-37.67023359870794,-941.5413849840309,0.34959349593495936,2023Q2,,,,,
variant_id+ceyrek,L2_K2_F1,,144,-0.4322662645759239,-62.24634209893304,-1555.5083415350205,0.2916666666666667,2023Q3,,,,,
variant_id+ceyrek,L2_K2_F1,,149,-0.29918012086705087,-44.57783800919058,-1114.2030106274894,0.3691275167785235,2023Q4,,,,,
variant_id+ceyrek,L2_K2_F1,,150,-0.2197539945456937,-32.963099181854055,-825.5550634675691,0.36666666666666664,2024Q1,,,,,
variant_id+ceyrek,L2_K2_F1,,154,-0.24344994731062153,-37.491291885835714,-936.880394199087,0.35064935064935066,2024Q2,,,,,
variant_id+ceyrek,L2_K2_F1,,139,-0.22059485625131475,-30.662685018932752,-766.2453107044753,0.3669064748201439,2024Q3,,,,,
variant_id+ceyrek,L2_K2_F1,,178,-0.30360290400726436,-54.04131691329305,-1349.5807204235302,0.3089887640449438,2024Q4,,,,,
variant_id+ceyrek,L2_K2_F1,,126,-0.35945400323648485,-45.29120440779709,-1030.9561451260174,0.2857142857142857,2025Q1,,,,,
variant_id+ceyrek,L2_K2_F1,,31,-0.16680017811074582,-5.17080552143312,-92.02683481261045,0.3870967741935484,2025Q2,,,,,
variant_id+ceyrek,L2_K3_F0,,17,-0.3894440850527597,-6.6205494458969145,-165.50570851473503,0.23529411764705882,2023Q1,,,,,
variant_id+ceyrek,L2_K3_F0,,51,-0.3928640613210007,-20.036067127371037,-500.57438811980944,0.27450980392156865,2023Q2,,,,,
variant_id+ceyrek,L2_K3_F0,,38,-0.6324803269345965,-24.03425242351467,-600.3192081139905,0.18421052631578946,2023Q3,,,,,
variant_id+ceyrek,L2_K3_F0,,47,-0.2767877022732221,-13.009022006841438,-324.5207354569095,0.2978723404255319,2023Q4,,,,,
variant_id+ceyrek,L2_K3_F0,,40,-0.139289257912077,-5.57157031648308,-140.2824856360667,0.375,2024Q1,,,,,
variant_id+ceyrek,L2_K3_F0,,38,-0.15707687572663134,-5.968921277611991,-148.84264187189814,0.39473684210526316,2024Q2,,,,,
variant_id+ceyrek,L2_K3_F0,,41,-0.0058674804028472655,-0.2405666965167379,-5.69543580743278,0.43902439024390244,2024Q3,,,,,
variant_id+ceyrek,L2_K3_F0,,36,-0.13463937705486742,-4.8470175739752275,-121.29042128384584,0.3333333333333333,2024Q4,,,,,
variant_id+ceyrek,L2_K3_F0,,31,-0.2381360404117014,-7.382217252762743,-183.74402199840213,0.2903225806451613,2025Q1,,,,,
variant_id+ceyrek,L2_K3_F0,,11,-0.029217759507822235,-0.32139535458604457,-7.899037333528359,0.45454545454545453,2025Q2,,,,,
variant_id+ceyrek,L2_K3_F1,,9,-0.44421865886367645,-3.997967929773088,-99.90670261537245,0.2222222222222222,2023Q1,,,,,
variant_id+ceyrek,L2_K3_F1,,16,-0.4001011099343079,-6.401617758948927,-160.08295399315276,0.25,2023Q2,,,,,
variant_id+ceyrek,L2_K3_F1,,16,-0.6010222600907918,-9.61635616145267,-240.3829426380534,0.1875,2023Q3,,,,,
variant_id+ceyrek,L2_K3_F1,,14,-0.5583113287896968,-7.816358603055755,-194.9879316972668,0.14285714285714285,2023Q4,,,,,
variant_id+ceyrek,L2_K3_F1,,17,-0.13728414294233407,-2.3338304300196793,-58.602726075862876,0.29411764705882354,2024Q1,,,,,
variant_id+ceyrek,L2_K3_F1,,17,-0.053685523440888235,-0.9126538984951,-22.33299875451006,0.4117647058823529,2024Q2,,,,,
variant_id+ceyrek,L2_K3_F1,,16,-0.28393929430840814,-4.54302870893453,-113.14206429632011,0.3125,2024Q3,,,,,
variant_id+ceyrek,L2_K3_F1,,11,0.49898345845054165,5.488818042955958,136.56566044000039,0.6363636363636364,2024Q4,,,,,
variant_id+ceyrek,L2_K3_F1,,15,-0.10752324103856005,-1.6128486155784008,-40.14753733942032,0.3333333333333333,2025Q1,,,,,
variant_id+ceyrek,L2_K3_F1,,8,-0.009577212260923888,-0.0766176980873911,-1.6958211735283122,0.5,2025Q2,,,,,
variant_id+ceyrek,L2_K4_F0,,4,-0.006769857577485938,-0.027079430309943753,-0.6037449800003998,0.5,2023Q1,,,,,
variant_id+ceyrek,L2_K4_F0,,9,0.08514129597092096,0.7662716637382887,19.166949602099695,0.5555555555555556,2023Q2,,,,,
variant_id+ceyrek,L2_K4_F0,,5,-0.609976624460756,-3.04988312230378,-76.19257261548788,0.2,2023Q3,,,,,
variant_id+ceyrek,L2_K4_F0,,5,0.1644923005768888,0.822461502884444,20.731024649053477,0.6,2023Q4,,,,,
variant_id+ceyrek,L2_K4_F0,,8,-0.1581204311108126,-1.2649634488865007,-32.22744442444706,0.5,2024Q1,,,,,
variant_id+ceyrek,L2_K4_F0,,6,0.25621291905386234,1.537277514323174,38.317666627268025,0.5,2024Q2,,,,,
variant_id+ceyrek,L2_K4_F0,,3,0.6927034193829096,2.0781102581487287,51.91884489256013,0.6666666666666666,2024Q3,,,,,
variant_id+ceyrek,L2_K4_F0,,5,0.3406879936515742,1.7034399682578711,42.61251168800018,0.4,2024Q4,,,,,
variant_id+ceyrek,L2_K4_F0,,9,-0.7409112606560986,-6.668201345904888,-166.4397537035517,0.1111111111111111,2025Q1,,,,,
variant_id+ceyrek,L2_K4_F0,,1,-1.0441346938775316,-1.0441346938775316,-26.092926,0.0,2025Q2,,,,,
variant_id+ceyrek,L2_K4_F1,,3,-0.009439548665404788,-0.028318645996214364,-0.6347129800003088,0.3333333333333333,2023Q1,,,,,
variant_id+ceyrek,L2_K4_F1,,4,-0.1407774937106912,-0.5631099748427648,-14.07761414200025,0.5,2023Q2,,,,,
variant_id+ceyrek,L2_K4_F1,,3,-0.6557529324751622,-1.9672587974254867,-49.13251483999987,0.3333333333333333,2023Q3,,,,,
variant_id+ceyrek,L2_K4_F1,,2,0.10287913018488581,0.20575826036977163,5.323561920000259,0.5,2023Q4,,,,,
variant_id+ceyrek,L2_K4_F1,,5,-0.44850628936032955,-2.2425314468016477,-56.637717785536964,0.2,2024Q1,,,,,
variant_id+ceyrek,L2_K4_F1,,4,0.890190864194543,3.560763456778172,88.89967250815195,0.75,2024Q2,,,,,
variant_id+ceyrek,L2_K4_F1,,1,1.72946870229009,1.72946870229009,43.234521132000125,1.0,2024Q3,,,,,
variant_id+ceyrek,L2_K4_F1,,1,1.6254195266272204,1.6254195266272204,40.63301752800016,1.0,2024Q4,,,,,
variant_id+ceyrek,L2_K4_F1,,4,-0.39151141896968583,-1.5660456758787433,-39.12156266506768,0.25,2025Q1,,,,,
variant_id+ceyrek,L3_K1_F0,,741,-0.3275385946294083,-242.70609862039157,-6065.994738722945,0.34143049932523617,2023Q1,,,,,
variant_id+ceyrek,L3_K1_F0,,1409,-0.4159614274887117,-586.0896513315947,-3924.8903062675777,0.31866572036905605,2023Q2,,,,,
variant_id+ceyrek,L3_K1_F0,,859,-0.4037709471716505,-346.8392436204478,-8.93263049444831,0.33643771827706637,2023Q3,,,,,
variant_id+ceyrek,L3_K1_F0,,141,-0.4062258989771872,-57.277851755783395,-0.10865428090929685,0.3120567375886525,2023Q4,,,,,
variant_id+ceyrek,L3_K1_F0,,77,-0.42275170036974447,-32.551880928470325,-0.0282325369625984,0.24675324675324675,2024Q1,,,,,
variant_id+ceyrek,L3_K1_F0,,27,-0.32190282328255715,-8.691376228629043,-0.0056124076599994,0.3333333333333333,2024Q2,,,,,
variant_id+ceyrek,L3_K1_F0,,49,-0.39926939777972165,-19.56420049120636,-0.011126782837699602,0.30612244897959184,2024Q3,,,,,
variant_id+ceyrek,L3_K1_F0,,1,-1.056358139534891,-1.056358139534891,-0.000454234,0.0,2024Q4,,,,,
variant_id+ceyrek,L3_K1_F0,,46,-0.280164557190402,-12.887569630758492,-0.004717341210098995,0.34782608695652173,2025Q1,,,,,
variant_id+ceyrek,L3_K1_F0,,12,-0.0028094562260562173,-0.03371347471267461,0.0011043544496000001,0.5,2025Q2,,,,,
variant_id+ceyrek,L3_K1_F1,,341,-0.3333343830831349,-113.66702463134901,-2840.4684594148794,0.33724340175953077,2023Q1,,,,,
variant_id+ceyrek,L3_K1_F1,,656,-0.4403462612294693,-288.86714736653187,-6375.653410275625,0.31097560975609756,2023Q2,,,,,
variant_id+ceyrek,L3_K1_F1,,666,-0.4801049013117102,-319.749864273599,-772.9971167585171,0.2927927927927928,2023Q3,,,,,
variant_id+ceyrek,L3_K1_F1,,561,-0.35202659160495703,-197.48691789038088,-9.860570869918421,0.35650623885918004,2023Q4,,,,,
variant_id+ceyrek,L3_K1_F1,,286,-0.30543297823078863,-87.35383177400556,-0.6432639996254971,0.35664335664335667,2024Q1,,,,,
variant_id+ceyrek,L3_K1_F1,,159,-0.41833723093043657,-66.51561971793942,-0.1708420243129989,0.31446540880503143,2024Q2,,,,,
variant_id+ceyrek,L3_K1_F1,,99,-0.2594695010472838,-25.687480603681095,-0.07029714007729991,0.37373737373737376,2024Q3,,,,,
variant_id+ceyrek,L3_K1_F1,,46,-0.37260319052937757,-17.13974676435137,-0.0203339304927987,0.2826086956521739,2024Q4,,,,,
variant_id+ceyrek,L3_K1_F1,,50,-0.16692775931571446,-8.346387965785723,-0.007772960099199399,0.4,2025Q1,,,,,
variant_id+ceyrek,L3_K1_F1,,8,-0.07156096486234181,-0.5724877188987345,-0.0008782277520000003,0.5,2025Q2,,,,,
variant_id+ceyrek,L3_K2_F0,,411,-0.2877791050297268,-118.27721216721771,-2956.4450239743287,0.3309002433090024,2023Q1,,,,,
variant_id+ceyrek,L3_K2_F0,,768,-0.24410937396227805,-187.47599920302955,-4685.794076823297,0.3684895833333333,2023Q2,,,,,
variant_id+ceyrek,L3_K2_F0,,820,-0.3947951923156897,-323.73205769886556,-2334.343885710051,0.3207317073170732,2023Q3,,,,,
variant_id+ceyrek,L3_K2_F0,,729,-0.28470615601172544,-207.55078773254783,-22.962988518045908,0.355281207133059,2023Q4,,,,,
variant_id+ceyrek,L3_K2_F0,,250,-0.19545141468777147,-48.862853671942865,-0.27235934542619594,0.368,2024Q1,,,,,
variant_id+ceyrek,L3_K2_F0,,86,-0.3351194381420655,-28.820271680217637,-0.08067208746029828,0.3023255813953488,2024Q2,,,,,
variant_id+ceyrek,L3_K2_F0,,87,-0.35818068049663754,-31.161719203207465,-0.0435756644342986,0.26436781609195403,2024Q3,,,,,
variant_id+ceyrek,L3_K2_F0,,67,-0.29204798295253637,-19.567214857819938,-0.0178440025950982,0.29850746268656714,2024Q4,,,,,
variant_id+ceyrek,L3_K2_F0,,40,-0.4652811543262853,-18.611246173051413,-0.0154991390379983,0.225,2025Q1,,,,,
variant_id+ceyrek,L3_K2_F0,,11,-0.38364866606998144,-4.220135326769796,-0.0027243997539999,0.2727272727272727,2025Q2,,,,,
variant_id+ceyrek,L3_K2_F1,,191,-0.29254206662623755,-55.875534725611374,-1396.830061485399,0.3403141361256545,2023Q1,,,,,
variant_id+ceyrek,L3_K2_F1,,353,-0.35754108340754737,-126.21200244286422,-3154.800227169733,0.32294617563739375,2023Q2,,,,,
variant_id+ceyrek,L3_K2_F1,,392,-0.399521733581349,-156.6125195638888,-3796.4539973477195,0.3163265306122449,2023Q3,,,,,
variant_id+ceyrek,L3_K2_F1,,371,-0.27593110715418884,-102.37044075420405,-1386.3656503612883,0.3611859838274933,2023Q4,,,,,
variant_id+ceyrek,L3_K2_F1,,405,-0.1747759540353127,-70.78426138430164,-194.6794121436116,0.38765432098765434,2024Q1,,,,,
variant_id+ceyrek,L3_K2_F1,,381,-0.32539635688514357,-123.9760119732397,-65.90769979047519,0.3123359580052493,2024Q2,,,,,
variant_id+ceyrek,L3_K2_F1,,229,-0.3616435288810239,-82.81636811375448,-4.100948741267602,0.30131004366812225,2024Q3,,,,,
variant_id+ceyrek,L3_K2_F1,,144,-0.3007979577411054,-43.314905914719176,-0.4834066962351975,0.3194444444444444,2024Q4,,,,,
variant_id+ceyrek,L3_K2_F1,,51,0.023260162922269102,1.1862683090357242,-0.025434998484399403,0.4117647058823529,2025Q1,,,,,
variant_id+ceyrek,L3_K2_F1,,15,-0.44216716855217947,-6.632507528282692,-0.079103550935,0.2,2025Q2,,,,,
variant_id+ceyrek,L3_K3_F0,,54,0.037261764646987716,2.0121352909373367,50.001185757468306,0.4444444444444444,2023Q1,,,,,
variant_id+ceyrek,L3_K3_F0,,100,-0.2226600509500067,-22.266005095000672,-556.1296802828441,0.36,2023Q2,,,,,
variant_id+ceyrek,L3_K3_F0,,104,-0.22944105519328575,-23.861869740101717,-596.2758678689542,0.3269230769230769,2023Q3,,,,,
variant_id+ceyrek,L3_K3_F0,,76,-0.16000894837919497,-12.160680076818817,-303.2208220788212,0.3815789473684211,2023Q4,,,,,
variant_id+ceyrek,L3_K3_F0,,90,-0.32250724068414066,-29.02565166157266,-725.6448261823841,0.3,2024Q1,,,,,
variant_id+ceyrek,L3_K3_F0,,110,-0.2411206752332754,-26.523274275660295,-660.3193681125123,0.36363636363636365,2024Q2,,,,,
variant_id+ceyrek,L3_K3_F0,,107,-0.09847346076032328,-10.53666030135459,-262.7368731960389,0.411214953271028,2024Q3,,,,,
variant_id+ceyrek,L3_K3_F0,,96,-0.13828186008684226,-13.275058568336858,-332.07613132452116,0.3645833333333333,2024Q4,,,,,
variant_id+ceyrek,L3_K3_F0,,92,-0.13188488263370668,-12.133409202301015,-305.6397273613046,0.391304347826087,2025Q1,,,,,
variant_id+ceyrek,L3_K3_F0,,12,-0.10098013979503494,-1.2117616775404192,-30.010488914863892,0.4166666666666667,2025Q2,,,,,
variant_id+ceyrek,L3_K3_F1,,23,0.08299472855426591,1.908878756748116,47.31311297301542,0.43478260869565216,2023Q1,,,,,
variant_id+ceyrek,L3_K3_F1,,42,-0.33072027192279546,-13.89025142075741,-346.72912239029716,0.30952380952380953,2023Q2,,,,,
variant_id+ceyrek,L3_K3_F1,,42,-0.1413487941171682,-5.936649352921064,-148.3542729715054,0.38095238095238093,2023Q3,,,,,
variant_id+ceyrek,L3_K3_F1,,30,0.01930887244405561,0.5792661733216683,14.925820992093932,0.43333333333333335,2023Q4,,,,,
variant_id+ceyrek,L3_K3_F1,,46,-0.38234864545871483,-17.588037691100883,-439.7693356916323,0.2391304347826087,2024Q1,,,,,
variant_id+ceyrek,L3_K3_F1,,40,-0.14641689410746755,-5.856675764298702,-145.7411669294661,0.375,2024Q2,,,,,
variant_id+ceyrek,L3_K3_F1,,44,-0.07377189000277316,-3.245963160122019,-80.86512626418352,0.4090909090909091,2024Q3,,,,,
variant_id+ceyrek,L3_K3_F1,,35,-0.13614691358852182,-4.765141975598264,-119.33565980502354,0.34285714285714286,2024Q4,,,,,
variant_id+ceyrek,L3_K3_F1,,40,-0.417198676619852,-16.68794706479408,-419.4190585854858,0.25,2025Q1,,,,,
variant_id+ceyrek,L3_K3_F1,,6,-0.567514693411912,-3.405088160471472,-84.58391302583993,0.3333333333333333,2025Q2,,,,,
variant_id+ceyrek,L3_K4_F0,,9,0.38480137308859813,3.4632123577973832,86.58407103582581,0.5555555555555556,2023Q1,,,,,
variant_id+ceyrek,L3_K4_F0,,17,-0.4376036352918345,-7.439261799961186,-185.4744724922716,0.23529411764705882,2023Q2,,,,,
variant_id+ceyrek,L3_K4_F0,,20,-0.18285403701902672,-3.6570807403805343,-91.2415725375341,0.4,2023Q3,,,,,
variant_id+ceyrek,L3_K4_F0,,9,0.7105501281976971,6.3949511537792745,159.78686159146378,0.7777777777777778,2023Q4,,,,,
variant_id+ceyrek,L3_K4_F0,,18,-0.06987020989968842,-1.2576637781943916,-32.44135572844634,0.4444444444444444,2024Q1,,,,,
variant_id+ceyrek,L3_K4_F0,,20,-0.42823122199760144,-8.564624439952029,-213.34050994956596,0.25,2024Q2,,,,,
variant_id+ceyrek,L3_K4_F0,,18,0.06592583742605566,1.1866650736690019,29.985759673470774,0.5,2024Q3,,,,,
variant_id+ceyrek,L3_K4_F0,,12,0.3061555888246317,3.67386706589558,91.10817076136067,0.5833333333333334,2024Q4,,,,,
variant_id+ceyrek,L3_K4_F0,,12,-0.6511963641092583,-7.8143563693111,-195.3144404687419,0.16666666666666666,2025Q1,,,,,
variant_id+ceyrek,L3_K4_F0,,1,1.825129341317358,1.825129341317358,45.62805101999994,1.0,2025Q2,,,,,
variant_id+ceyrek,L3_K4_F1,,4,0.927978820261939,3.711915281047756,92.79734316717011,0.75,2023Q1,,,,,
variant_id+ceyrek,L3_K4_F1,,8,-1.042245362930741,-8.337962903445929,-207.9822859441434,0.0,2023Q2,,,,,
variant_id+ceyrek,L3_K4_F1,,13,-0.11286537732443534,-1.4672499052176595,-36.504870374965634,0.46153846153846156,2023Q3,,,,,
variant_id+ceyrek,L3_K4_F1,,3,1.5076136699170302,4.52284100975109,112.9893431504,1.0,2023Q4,,,,,
variant_id+ceyrek,L3_K4_F1,,8,-0.3309007572674534,-2.647206058139627,-66.74840502553693,0.25,2024Q1,,,,,
variant_id+ceyrek,L3_K4_F1,,5,-0.6176854461352758,-3.0884272306763787,-77.08241388000059,0.2,2024Q2,,,,,
variant_id+ceyrek,L3_K4_F1,,6,0.3691580384963362,2.2149482309780173,55.30432100072778,0.5,2024Q3,,,,,
variant_id+ceyrek,L3_K4_F1,,4,-0.37451114899407445,-1.4980445959762978,-37.43697246887946,0.25,2024Q4,,,,,
variant_id+ceyrek,L3_K4_F1,,6,-0.5606766534905295,-3.364059920943177,-84.55599849216301,0.16666666666666666,2025Q1,,,,,
variant_id+ceyrek,L4_K1_F0,,58,-0.2590296105891026,-15.023717414167953,-376.0556236263689,0.39655172413793105,2023Q1,,,,,
variant_id+ceyrek,L4_K1_F0,,99,-0.18022410738552203,-17.84218663116668,-445.8283109749258,0.43434343434343436,2023Q2,,,,,
variant_id+ceyrek,L4_K1_F0,,120,-0.45692135917831644,-54.83056310139797,-1370.5941428051144,0.31666666666666665,2023Q3,,,,,
variant_id+ceyrek,L4_K1_F0,,89,-0.5347406217200232,-47.59191533308206,-1189.4364877658493,0.25842696629213485,2023Q4,,,,,
variant_id+ceyrek,L4_K1_F0,,101,-0.42701000954208257,-43.12801096375034,-1076.918322893376,0.27722772277227725,2024Q1,,,,,
variant_id+ceyrek,L4_K1_F0,,98,-0.2903624814723871,-28.455523184293934,-710.7564029512037,0.37755102040816324,2024Q2,,,,,
variant_id+ceyrek,L4_K1_F0,,94,-0.32420084057797444,-30.474879014329595,-761.5413951604511,0.3404255319148936,2024Q3,,,,,
variant_id+ceyrek,L4_K1_F0,,81,-0.18939193383778602,-15.340746640860667,-382.4606863577771,0.38271604938271603,2024Q4,,,,,
variant_id+ceyrek,L4_K1_F0,,89,-0.36823536218915826,-32.77294723483509,-810.9657450588335,0.3146067415730337,2025Q1,,,,,
variant_id+ceyrek,L4_K1_F0,,10,-0.47986128887625307,-4.798612888762531,-120.48263045716712,0.3,2025Q2,,,,,
variant_id+ceyrek,L4_K1_F1,,27,-0.28688225417411856,-7.745820862701201,-193.79959081398206,0.37037037037037035,2023Q1,,,,,
variant_id+ceyrek,L4_K1_F1,,49,0.10298852538806612,5.04643774401524,126.04712062618053,0.5714285714285714,2023Q2,,,,,
variant_id+ceyrek,L4_K1_F1,,54,-0.3764589364881394,-20.328782570359525,-508.0813929154203,0.37037037037037035,2023Q3,,,,,
variant_id+ceyrek,L4_K1_F1,,45,-0.5297342820451207,-23.83804269203043,-595.6673085741784,0.28888888888888886,2023Q4,,,,,
variant_id+ceyrek,L4_K1_F1,,51,-0.5270867442278211,-26.881423955618878,-671.067813444096,0.23529411764705882,2024Q1,,,,,
variant_id+ceyrek,L4_K1_F1,,43,-0.2924085951691939,-12.573569592275337,-314.2825437531111,0.3953488372093023,2024Q2,,,,,
variant_id+ceyrek,L4_K1_F1,,42,-0.07484679961748059,-3.1435655839341847,-78.6303832874083,0.4523809523809524,2024Q3,,,,,
variant_id+ceyrek,L4_K1_F1,,37,-0.33131759432264773,-12.258750989937965,-305.97477049399754,0.32432432432432434,2024Q4,,,,,
variant_id+ceyrek,L4_K1_F1,,51,-0.28744549621524534,-14.659720306977512,-365.5177573428959,0.35294117647058826,2025Q1,,,,,
variant_id+ceyrek,L4_K1_F1,,5,-0.15068275137396675,-0.7534137568698338,-19.092560005167982,0.4,2025Q2,,,,,
variant_id+ceyrek,L4_K2_F0,,39,-0.5060004617469751,-19.73401800813203,-493.1084615659705,0.2564102564102564,2023Q1,,,,,
variant_id+ceyrek,L4_K2_F0,,52,-0.433098455973729,-22.521119710633908,-562.9130543575814,0.2692307692307692,2023Q2,,,,,
variant_id+ceyrek,L4_K2_F0,,65,-0.5533088243829363,-35.96507358489086,-898.8785650953846,0.26153846153846155,2023Q3,,,,,
variant_id+ceyrek,L4_K2_F0,,66,-0.4592723052123686,-30.311972144016327,-757.6194035288793,0.30303030303030304,2023Q4,,,,,
variant_id+ceyrek,L4_K2_F0,,77,-0.20561177490754864,-15.832106667881245,-395.6111955585078,0.38961038961038963,2024Q1,,,,,
variant_id+ceyrek,L4_K2_F0,,68,-0.2250836028696514,-15.305684995136295,-381.89711841745225,0.35294117647058826,2024Q2,,,,,
variant_id+ceyrek,L4_K2_F0,,65,-0.21645924913606207,-14.069851193844034,-350.72372532475697,0.36923076923076925,2024Q3,,,,,
variant_id+ceyrek,L4_K2_F0,,85,-0.06743038111886873,-5.7315823951038425,-142.5589788043899,0.38823529411764707,2024Q4,,,,,
variant_id+ceyrek,L4_K2_F0,,53,-0.21690576362694525,-11.496005472228099,-287.12035154507873,0.33962264150943394,2025Q1,,,,,
variant_id+ceyrek,L4_K2_F0,,12,-0.294354234990997,-3.532250819891964,-88.60343898298345,0.3333333333333333,2025Q2,,,,,
variant_id+ceyrek,L4_K2_F1,,15,-0.49691717359393917,-7.453757603909088,-186.21105609741028,0.26666666666666666,2023Q1,,,,,
variant_id+ceyrek,L4_K2_F1,,21,-0.6933542658638816,-14.560439583141514,-363.9812527958375,0.19047619047619047,2023Q2,,,,,
variant_id+ceyrek,L4_K2_F1,,33,-0.37308842673682463,-12.311918082315213,-307.64909793562055,0.3333333333333333,2023Q3,,,,,
variant_id+ceyrek,L4_K2_F1,,29,-0.42111560018063715,-12.212352405238477,-305.1655301587583,0.3448275862068966,2023Q4,,,,,
variant_id+ceyrek,L4_K2_F1,,36,-0.02561141743496513,-0.9220110276587448,-23.39232946137139,0.5,2024Q1,,,,,
variant_id+ceyrek,L4_K2_F1,,33,-0.19524537742886422,-6.443097455152519,-161.1704127713415,0.3333333333333333,2024Q2,,,,,
variant_id+ceyrek,L4_K2_F1,,23,-0.2772803186389183,-6.37744732869512,-159.36391743202202,0.34782608695652173,2024Q3,,,,,
variant_id+ceyrek,L4_K2_F1,,34,-0.21423318412112768,-7.2839282601183415,-180.99955612527265,0.3235294117647059,2024Q4,,,,,
variant_id+ceyrek,L4_K2_F1,,18,-0.187120740058518,-3.368173321053324,-83.58721859546311,0.3333333333333333,2025Q1,,,,,
variant_id+ceyrek,L4_K2_F1,,6,0.009890944203610252,0.059345665221661514,1.4363476130161175,0.5,2025Q2,,,,,
variant_id+ceyrek,L4_K3_F0,,4,0.26663781885914056,1.0665512754365623,26.65182275902968,0.75,2023Q1,,,,,
variant_id+ceyrek,L4_K3_F0,,8,0.17071342761539784,1.3657074209231828,34.22849908352779,0.5,2023Q2,,,,,
variant_id+ceyrek,L4_K3_F0,,6,-0.56660119352469,-3.3996071611481398,-85.00999987141027,0.16666666666666666,2023Q3,,,,,
variant_id+ceyrek,L4_K3_F0,,1,0.2146136956521746,0.2146136956521746,5.360620890000011,1.0,2023Q4,,,,,
variant_id+ceyrek,L4_K3_F0,,4,-0.6390890209204844,-2.5563560836819375,-63.84492588999978,0.25,2024Q1,,,,,
variant_id+ceyrek,L4_K3_F0,,9,-0.118792942456944,-1.069136482112496,-26.403586707223486,0.3333333333333333,2024Q2,,,,,
variant_id+ceyrek,L4_K3_F0,,9,0.9418571960214392,8.476714764192954,211.54330171769433,0.8888888888888888,2024Q3,,,,,
variant_id+ceyrek,L4_K3_F0,,8,0.4342623082475767,3.474098465980614,86.2878481536068,0.625,2024Q4,,,,,
variant_id+ceyrek,L4_K3_F0,,6,-0.4943891428293443,-2.966334856976066,-74.03142350002102,0.16666666666666666,2025Q1,,,,,
variant_id+ceyrek,L4_K3_F1,,1,-1.0383041666666806,-1.0383041666666806,-25.95594288000029,0.0,2023Q1,,,,,
variant_id+ceyrek,L4_K3_F1,,4,0.22636496262574074,0.905459850502963,22.685760989999896,0.5,2023Q2,,,,,
variant_id+ceyrek,L4_K3_F1,,4,-0.3637650218659858,-1.4550600874639432,-36.399083993769935,0.25,2023Q3,,,,,
variant_id+ceyrek,L4_K3_F1,,3,-1.028360599322551,-3.0850817979676535,-77.06148256999982,0.0,2024Q1,,,,,
variant_id+ceyrek,L4_K3_F1,,3,-0.09292651804910117,-0.2787795541473035,-6.658178830000317,0.3333333333333333,2024Q2,,,,,
variant_id+ceyrek,L4_K3_F1,,7,0.9944691673582801,6.961284171507961,173.6799687003622,0.8571428571428571,2024Q3,,,,,
variant_id+ceyrek,L4_K3_F1,,3,-0.18538488402384093,-0.5561546520715228,-14.28348700999942,0.3333333333333333,2024Q4,,,,,
variant_id+ceyrek,L4_K3_F1,,6,-0.4943891428293443,-2.966334856976066,-74.03142350002102,0.16666666666666666,2025Q1,,,,,
variant_id+ceyrek,L4_K4_F0,,2,0.2117851529364959,0.4235703058729918,10.591090298336194,0.5,2023Q1,,,,,
variant_id+ceyrek,L4_K4_F0,,1,-1.0209563909774475,-1.0209563909774475,-25.514414880000064,0.0,2023Q3,,,,,
variant_id+ceyrek,L4_K4_F0,,1,-1.0195559633027511,-1.0195559633027511,-25.482475880000024,0.0,2024Q1,,,,,
variant_id+ceyrek,L4_K4_F0,,2,-0.4337763158007205,-0.867552631601441,-21.615156203719913,0.5,2024Q2,,,,,
variant_id+ceyrek,L4_K4_F0,,4,1.064466719619326,4.257866878477304,106.33183944728202,1.0,2024Q3,,,,,
variant_id+ceyrek,L4_K4_F0,,1,0.9943499226006168,0.9943499226006168,24.79471192999997,1.0,2024Q4,,,,,
variant_id+ceyrek,L4_K4_F0,,1,-1.0094798000540537,-1.0094798000540537,-25.211758006349992,0.0,2025Q1,,,,,
variant_id+ceyrek,L4_K4_F1,,1,-1.0459850000000177,-1.0459850000000177,-26.14544105999997,0.0,2023Q1,,,,,
variant_id+ceyrek,L4_K4_F1,,1,-1.0209563909774475,-1.0209563909774475,-25.514414880000064,0.0,2023Q3,,,,,
variant_id+ceyrek,L4_K4_F1,,1,-1.0195559633027511,-1.0195559633027511,-25.482475880000024,0.0,2024Q1,,,,,
variant_id+ceyrek,L4_K4_F1,,1,-1.0447013157894784,-1.0447013157894784,-26.042314399999988,0.0,2024Q2,,,,,
variant_id+ceyrek,L4_K4_F1,,2,1.6579764146371008,3.3159528292742015,82.81412713200012,1.0,2024Q3,,,,,
variant_id+ceyrek,L4_K4_F1,,1,-1.0094798000540537,-1.0094798000540537,-25.211758006349992,0.0,2025Q1,,,,,
variant_id+symbol,L1_K1_F0,,251,-0.4034804018889419,-101.27358087412442,-949.8185161093932,0.30677290836653387,,ADA,,,,
variant_id+symbol,L1_K1_F0,,220,-0.33660513585753443,-74.05312988865758,-1142.0864307294535,0.32727272727272727,,BCH,,,,
variant_id+symbol,L1_K1_F0,,202,-0.35671768756633043,-72.05697288839875,-527.4493986109856,0.3564356435643564,,BNB,,,,
variant_id+symbol,L1_K1_F0,,210,-0.1771917406696686,-37.21026554063041,-409.34893990736134,0.3952380952380952,,DOGE,,,,
variant_id+symbol,L1_K1_F0,,194,-0.1507814195248639,-29.2515953878236,-444.17611380454593,0.42783505154639173,,ETH,,,,
variant_id+symbol,L1_K1_F0,,322,-0.3888344945198879,-125.2047072354039,-1006.6322316870101,0.2981366459627329,,ICP,,,,
variant_id+symbol,L1_K1_F0,,273,-0.17558838477000974,-47.93562904221266,-372.7181609131296,0.4139194139194139,,LTC,,,,
variant_id+symbol,L1_K1_F0,,201,-0.35528438387387107,-71.41216115864809,-1191.6044933975088,0.31840796019900497,,NEAR,,,,
variant_id+symbol,L1_K1_F0,,195,-0.2793488997669201,-54.473035454549425,-846.2847603712582,0.3435897435897436,,SOL,,,,
variant_id+symbol,L1_K1_F0,,240,-0.5193746940638766,-124.64992657533038,-1171.4171976180246,0.2791666666666667,,TRX,,,,
variant_id+symbol,L1_K1_F0,,264,-0.3760796467791314,-99.28502674969069,-867.1429300024541,0.32575757575757575,,XLM,,,,
variant_id+symbol,L1_K1_F0,,255,-0.33452842715414866,-85.3047489243079,-1071.143108545109,0.34509803921568627,,XRP,,,,
variant_id+symbol,L1_K1_F1,,101,-0.41408698501037616,-41.82278548604799,-1058.1565772661588,0.3069306930693069,,ADA,,,,
variant_id+symbol,L1_K1_F1,,122,-0.36692041927689817,-44.76429115178158,-1101.6043385048154,0.319672131147541,,BCH,,,,
variant_id+symbol,L1_K1_F1,,101,-0.36151134485134484,-36.51264582998583,-877.9255021851609,0.33663366336633666,,BNB,,,,
variant_id+symbol,L1_K1_F1,,114,-0.06805579916361504,-7.758361104652114,-162.1053469680202,0.4298245614035088,,DOGE,,,,
variant_id+symbol,L1_K1_F1,,116,-0.11738250907915954,-13.616371053182506,-340.74820917757387,0.4396551724137931,,ETH,,,,
variant_id+symbol,L1_K1_F1,,84,-0.3623546409720993,-30.43778984165634,-733.2105673049343,0.30952380952380953,,ICP,,,,
variant_id+symbol,L1_K1_F1,,109,-0.3250568915581522,-35.43120117983859,-860.5523834654911,0.3577981651376147,,LTC,,,,
variant_id+symbol,L1_K1_F1,,96,-0.3993799607092409,-38.34047622808713,-919.6524048071897,0.2916666666666667,,NEAR,,,,
variant_id+symbol,L1_K1_F1,,97,-0.21238370489541183,-20.60121937485495,-527.8698945026532,0.3711340206185567,,SOL,,,,
variant_id+symbol,L1_K1_F1,,108,-0.5899019849747499,-63.70941437727299,-1410.8096112206458,0.24074074074074073,,TRX,,,,
variant_id+symbol,L1_K1_F1,,87,-0.19405316203070033,-16.882625096670928,-432.71824235790126,0.40229885057471265,,XLM,,,,
variant_id+symbol,L1_K1_F1,,95,-0.2699697331337797,-25.647124647709074,-603.012984385935,0.3684210526315789,,XRP,,,,
variant_id+symbol,L1_K2_F0,,206,-0.23363050796843896,-48.127884641498426,-1154.0807756913769,0.3446601941747573,,ADA,,,,
variant_id+symbol,L1_K2_F0,,185,0.002198172423927423,0.4066618984265733,7.54780630934353,0.44324324324324327,,BCH,,,,
variant_id+symbol,L1_K2_F0,,183,-0.1256890322235801,-23.001092896915157,-410.74009833258447,0.453551912568306,,BNB,,,,
variant_id+symbol,L1_K2_F0,,183,-0.06122520962162402,-11.204213360757196,-235.45837145112262,0.4207650273224044,,DOGE,,,,
variant_id+symbol,L1_K2_F0,,149,-0.1542352766512335,-22.98105622103379,-546.0477502122171,0.3825503355704698,,ETH,,,,
variant_id+symbol,L1_K2_F0,,213,-0.2509282776463013,-53.44772313866218,-1246.3396484998673,0.3333333333333333,,ICP,,,,
variant_id+symbol,L1_K2_F0,,180,-0.12964941030220953,-23.336893854397715,-548.3402188229093,0.4,,LTC,,,,
variant_id+symbol,L1_K2_F0,,194,-0.17524931581259692,-33.9983672676438,-864.3756880602402,0.36597938144329895,,NEAR,,,,
variant_id+symbol,L1_K2_F0,,180,-0.1847494360772095,-33.25489849389771,-801.0044408755031,0.34444444444444444,,SOL,,,,
variant_id+symbol,L1_K2_F0,,174,-0.4668788046677098,-81.2369120121815,-1787.586793568891,0.29310344827586204,,TRX,,,,
variant_id+symbol,L1_K2_F0,,189,-0.21910149228710765,-41.410182042263344,-926.4507905416737,0.3544973544973545,,XLM,,,,
variant_id+symbol,L1_K2_F0,,158,-0.2701920201536027,-42.69033918426923,-1034.8360455023255,0.34810126582278483,,XRP,,,,
variant_id+symbol,L1_K2_F1,,50,-0.1384559757729847,-6.922798788649235,-173.0775726054487,0.38,,ADA,,,,
variant_id+symbol,L1_K2_F1,,55,-0.008780480516775095,-0.4829264284226302,-11.998811545615041,0.41818181818181815,,BCH,,,,
variant_id+symbol,L1_K2_F1,,50,-0.09859747853079184,-4.929873926539592,-123.4936258234552,0.46,,BNB,,,,
variant_id+symbol,L1_K2_F1,,50,-0.0997234311799885,-4.986171558999425,-122.98131158832227,0.4,,DOGE,,,,
variant_id+symbol,L1_K2_F1,,43,-0.2732188914350142,-11.74841233170561,-292.67473022975,0.3023255813953488,,ETH,,,,
variant_id+symbol,L1_K2_F1,,66,-0.27803869906305406,-18.350554138161566,-458.75098594694697,0.30303030303030304,,ICP,,,,
variant_id+symbol,L1_K2_F1,,53,-0.024743713732070193,-1.3114168277997202,-32.77506913827778,0.4339622641509434,,LTC,,,,
variant_id+symbol,L1_K2_F1,,48,-0.3124619280113857,-14.998172544546515,-374.7214572607505,0.2916666666666667,,NEAR,,,,
variant_id+symbol,L1_K2_F1,,52,-0.27419586573055005,-14.258185017988602,-356.5198797790236,0.3076923076923077,,SOL,,,,
variant_id+symbol,L1_K2_F1,,48,-0.3013284083395165,-14.463763600296792,-361.5393479536392,0.375,,TRX,,,,
variant_id+symbol,L1_K2_F1,,62,-0.35141272146328617,-21.787588730723744,-544.5657065097436,0.3064516129032258,,XLM,,,,
variant_id+symbol,L1_K2_F1,,45,-0.544658305065058,-24.509623727927607,-612.5864758586858,0.24444444444444444,,XRP,,,,
variant_id+symbol,L1_K3_F0,,15,-0.36477516111955566,-5.471627416793335,-136.76149516002903,0.26666666666666666,,ADA,,,,
variant_id+symbol,L1_K3_F0,,25,-0.00011759678262230899,-0.002939919565557725,-0.1985464569018589,0.44,,BCH,,,,
variant_id+symbol,L1_K3_F0,,14,-0.0027895312373452663,-0.03905343732283373,-1.10576528536399,0.42857142857142855,,BNB,,,,
variant_id+symbol,L1_K3_F0,,19,-0.48785151677089106,-9.26917881864693,-230.57390566588055,0.2631578947368421,,DOGE,,,,
variant_id+symbol,L1_K3_F0,,19,0.02735536644454294,0.5197519624463158,12.88931230012292,0.47368421052631576,,ETH,,,,
variant_id+symbol,L1_K3_F0,,23,-0.31898029950475304,-7.33654688860932,-183.40650478225976,0.30434782608695654,,ICP,,,,
variant_id+symbol,L1_K3_F0,,20,-0.056536234730069815,-1.1307246946013962,-28.290071782601323,0.5,,LTC,,,,
variant_id+symbol,L1_K3_F0,,24,-0.13366905670224907,-3.2080573608539775,-79.92412439768073,0.375,,NEAR,,,,
variant_id+symbol,L1_K3_F0,,25,-0.35330242530589906,-8.832560632647477,-220.2945042726343,0.32,,SOL,,,,
variant_id+symbol,L1_K3_F0,,27,-0.263289362444437,-7.108812785999799,-177.71502652685592,0.37037037037037035,,TRX,,,,
variant_id+symbol,L1_K3_F0,,32,-0.41051483798771615,-13.136474815606917,-328.3745892000042,0.34375,,XLM,,,,
variant_id+symbol,L1_K3_F0,,10,-0.036791631617404376,-0.36791631617404374,-9.205951885790022,0.4,,XRP,,,,
variant_id+symbol,L1_K3_F1,,2,-0.3317856074051436,-0.6635712148102872,-16.58707332900019,0.5,,ADA,,,,
variant_id+symbol,L1_K3_F1,,9,-0.31865761967970035,-2.8679185771173032,-71.72397412472118,0.2222222222222222,,BCH,,,,
variant_id+symbol,L1_K3_F1,,2,-0.2639784285788963,-0.5279568571577926,-13.094533093935947,0.5,,BNB,,,,
variant_id+symbol,L1_K3_F1,,6,-0.6401456699803362,-3.8408740198820173,-95.5935048365806,0.3333333333333333,,DOGE,,,,
variant_id+symbol,L1_K3_F1,,7,-0.3362123104787124,-2.353486173350987,-58.786737389360866,0.2857142857142857,,ETH,,,,
variant_id+symbol,L1_K3_F1,,8,-0.37957965058005816,-3.0366372046404653,-75.91337193193083,0.375,,ICP,,,,
variant_id+symbol,L1_K3_F1,,5,-0.5981440083108753,-2.990720041554377,-74.73154607905349,0.2,,LTC,,,,
variant_id+symbol,L1_K3_F1,,5,-0.1349912115550038,-0.674956057775019,-16.901960541039916,0.4,,NEAR,,,,
variant_id+symbol,L1_K3_F1,,5,-0.6883487347477582,-3.4417436737387908,-85.81716904919992,0.0,,SOL,,,,
variant_id+symbol,L1_K3_F1,,4,-0.3042622237299928,-1.2170488949199711,-30.41859965999981,0.5,,TRX,,,,
variant_id+symbol,L1_K3_F1,,12,-0.2215305230328736,-2.6583662763944833,-66.41991670059313,0.5,,XLM,,,,
variant_id+symbol,L1_K3_F1,,2,-0.763056891872326,-1.526113783744652,-38.14677411398179,0.0,,XRP,,,,
variant_id+symbol,L1_K4_F0,,3,-0.24191153719477573,-0.7257346115843272,-18.147178804110037,0.6666666666666666,,ADA,,,,
variant_id+symbol,L1_K4_F0,,7,0.5815759888741532,4.071031922119072,101.66672779502217,0.7142857142857143,,BCH,,,,
variant_id+symbol,L1_K4_F0,,3,0.1013671302657962,0.3041013907973886,7.584649664000196,0.3333333333333333,,BNB,,,,
variant_id+symbol,L1_K4_F0,,3,0.5120980733464391,1.5362942200393173,38.3290576217598,0.6666666666666666,,DOGE,,,,
variant_id+symbol,L1_K4_F0,,2,1.4983540471938297,2.9967080943876594,74.06296361299408,1.0,,ETH,,,,
variant_id+symbol,L1_K4_F0,,5,0.09658001362547419,0.48290006812737096,12.064069568556882,0.4,,ICP,,,,
variant_id+symbol,L1_K4_F0,,6,0.22766416655133725,1.3659849993080235,34.12310458569633,0.8333333333333334,,LTC,,,,
variant_id+symbol,L1_K4_F0,,4,-0.35982795666019507,-1.4393118266407803,-35.925759024880364,0.25,,NEAR,,,,
variant_id+symbol,L1_K4_F0,,6,-0.4767796650048252,-2.860677990028951,-71.20974780865592,0.16666666666666666,,SOL,,,,
variant_id+symbol,L1_K4_F0,,4,-0.5971155312569111,-2.3884621250276443,-59.69755857031898,0.25,,TRX,,,,
variant_id+symbol,L1_K4_F0,,1,-1.0288029411764648,-1.0288029411764648,-25.716781359999857,0.0,,XLM,,,,
variant_id+symbol,L1_K4_F0,,1,1.7077620000000282,1.7077620000000282,42.69405000000027,1.0,,XRP,,,,
variant_id+symbol,L1_K4_F1,,1,-1.0287070833333396,-1.0287070833333396,-25.716031152000102,0.0,,ADA,,,,
variant_id+symbol,L1_K4_F1,,2,0.3980629865316263,0.7961259730632526,19.892329058678282,0.5,,BCH,,,,
variant_id+symbol,L1_K4_F1,,1,0.1420665722929916,0.1420665722929916,3.5241033922999545,1.0,,DOGE,,,,
variant_id+symbol,L1_K4_F1,,1,1.521081094646519,1.521081094646519,37.58074217299382,1.0,,ETH,,,,
variant_id+symbol,L1_K4_F1,,2,0.3472553511450416,0.6945107022900832,17.360571132000047,0.5,,ICP,,,,
variant_id+symbol,L1_K4_F1,,1,-1.030408749999988,-1.030408749999988,-25.76021875000007,0.0,,LTC,,,,
variant_id+symbol,L1_K4_F1,,1,-1.0215680473372728,-1.0215680473372728,-25.37881499999984,0.0,,SOL,,,,
variant_id+symbol,L2_K1_F0,,319,-0.43297024967788805,-138.1175096472463,-798.510022578175,0.31347962382445144,,ADA,,,,
variant_id+symbol,L2_K1_F0,,218,-0.1936247815878921,-42.210202386160475,-413.77813916865017,0.39908256880733944,,BCH,,,,
variant_id+symbol,L2_K1_F0,,185,-0.4305505729611899,-79.65185599782014,-946.4689678568392,0.33513513513513515,,BNB,,,,
variant_id+symbol,L2_K1_F0,,205,-0.43091011333713314,-88.3365732341123,-944.5780194506218,0.28780487804878047,,DOGE,,,,
variant_id+symbol,L2_K1_F0,,226,-0.33829080922974525,-76.45372288592243,-848.816628051674,0.3407079646017699,,ETH,,,,
variant_id+symbol,L2_K1_F0,,413,-0.38813947722097736,-160.30160409226366,-1089.680484937225,0.288135593220339,,ICP,,,,
variant_id+symbol,L2_K1_F0,,285,-0.37084432241305265,-105.69063188772,-844.9200227444745,0.3368421052631579,,LTC,,,,
variant_id+symbol,L2_K1_F0,,174,-0.39293412421881907,-68.37053761407452,-927.1537471816889,0.3390804597701149,,NEAR,,,,
variant_id+symbol,L2_K1_F0,,178,-0.18715949933117482,-33.31439088094912,-376.97778277577845,0.4101123595505618,,SOL,,,,
variant_id+symbol,L2_K1_F0,,218,-0.46795587478113343,-102.01438070228708,-907.718428835252,0.3211009174311927,,TRX,,,,
variant_id+symbol,L2_K1_F0,,245,-0.37598595137723745,-92.11655808742317,-1058.7022768825154,0.34285714285714286,,XLM,,,,
variant_id+symbol,L2_K1_F0,,294,-0.4170902370956772,-122.6245297061291,-842.6114665479492,0.30952380952380953,,XRP,,,,
variant_id+symbol,L2_K1_F1,,182,-0.4152669558293669,-75.57858596094478,-1074.6097248868327,0.3076923076923077,,ADA,,,,
variant_id+symbol,L2_K1_F1,,209,-0.20493104183875246,-42.830587744299265,-560.7981514728806,0.4019138755980861,,BCH,,,,
variant_id+symbol,L2_K1_F1,,162,-0.4547767475007158,-73.67383309511595,-1096.799643181473,0.32098765432098764,,BNB,,,,
variant_id+symbol,L2_K1_F1,,168,-0.27665586941119685,-46.47818606108107,-726.2001634155293,0.35714285714285715,,DOGE,,,,
variant_id+symbol,L2_K1_F1,,171,-0.40223226541383145,-68.78171738576518,-1147.6599803887275,0.32748538011695905,,ETH,,,,
variant_id+symbol,L2_K1_F1,,155,-0.25475204249236044,-39.48656658631587,-464.673656589038,0.3419354838709677,,ICP,,,,
variant_id+symbol,L2_K1_F1,,199,-0.38880983098281985,-77.37315636558115,-1029.764693683544,0.3165829145728643,,LTC,,,,
variant_id+symbol,L2_K1_F1,,167,-0.2588168633252022,-43.222416175308766,-314.3670112112077,0.3532934131736527,,NEAR,,,,
variant_id+symbol,L2_K1_F1,,170,-0.35515595421600693,-60.376512216721174,-1071.2264912877447,0.3176470588235294,,SOL,,,,
variant_id+symbol,L2_K1_F1,,168,-0.5088494275687756,-85.4867038315543,-940.2622803508701,0.2916666666666667,,TRX,,,,
variant_id+symbol,L2_K1_F1,,193,-0.4140849804176428,-79.91840122060506,-643.2234698616098,0.3160621761658031,,XLM,,,,
variant_id+symbol,L2_K1_F1,,191,-0.46930563376618234,-89.63737604934083,-928.480694786448,0.28272251308900526,,XRP,,,,
variant_id+symbol,L2_K2_F0,,259,-0.20262582966696044,-52.48008988374276,-864.8752636468072,0.37065637065637064,,ADA,,,,
variant_id+symbol,L2_K2_F0,,221,-0.2681816107155709,-59.26813596814117,-528.6269163540543,0.3212669683257919,,BCH,,,,
variant_id+symbol,L2_K2_F0,,216,-0.28798018823272786,-62.20372065826922,-727.4209413680937,0.35185185185185186,,BNB,,,,
variant_id+symbol,L2_K2_F0,,190,-0.329886920376141,-62.67851487146679,-921.6590150081312,0.3105263157894737,,DOGE,,,,
variant_id+symbol,L2_K2_F0,,175,-0.17329665122008245,-30.32691396351443,-503.3942321563163,0.4057142857142857,,ETH,,,,
variant_id+symbol,L2_K2_F0,,288,-0.27891834587470427,-80.32848361191483,-1144.634953071464,0.3194444444444444,,ICP,,,,
variant_id+symbol,L2_K2_F0,,262,-0.21860373211710338,-57.27417781468108,-991.2240164373253,0.36259541984732824,,LTC,,,,
variant_id+symbol,L2_K2_F0,,287,-0.2338649036024281,-67.11922733389686,-1080.0809369406306,0.34843205574912894,,NEAR,,,,
variant_id+symbol,L2_K2_F0,,193,-0.12764528552612553,-24.635540106542226,-755.9769916042026,0.39896373056994816,,SOL,,,,
variant_id+symbol,L2_K2_F0,,220,-0.4323916437237885,-95.12616161923347,-1167.2836734024083,0.3090909090909091,,TRX,,,,
variant_id+symbol,L2_K2_F0,,251,-0.21484949448006704,-53.927223114496826,-760.9662927388781,0.3705179282868526,,XLM,,,,
variant_id+symbol,L2_K2_F0,,232,-0.2303008598359693,-53.429799481944876,-552.4282804996022,0.3577586206896552,,XRP,,,,
variant_id+symbol,L2_K2_F1,,108,-0.23709240205250323,-25.605979421670348,-646.0660785979982,0.3425925925925926,,ADA,,,,
variant_id+symbol,L2_K2_F1,,96,-0.25413363562217245,-24.396829019728553,-584.3865502293951,0.3333333333333333,,BCH,,,,
variant_id+symbol,L2_K2_F1,,109,-0.2585684574808002,-28.183961865407223,-654.8524655251724,0.3761467889908257,,BNB,,,,
variant_id+symbol,L2_K2_F1,,94,-0.2647852387197836,-24.88981243965966,-619.3856861073393,0.3404255319148936,,DOGE,,,,
variant_id+symbol,L2_K2_F1,,102,-0.26814215690132237,-27.350500003934883,-681.6541730455974,0.37254901960784315,,ETH,,,,
variant_id+symbol,L2_K2_F1,,132,-0.3384230129572813,-44.67183771036113,-1139.4857383149372,0.30303030303030304,,ICP,,,,
variant_id+symbol,L2_K2_F1,,114,-0.36872180827329615,-42.03428614315576,-1039.1504538877455,0.2894736842105263,,LTC,,,,
variant_id+symbol,L2_K2_F1,,123,-0.23313799128418913,-28.675972927955264,-716.8377934547522,0.34959349593495936,,NEAR,,,,
variant_id+symbol,L2_K2_F1,,95,-0.06179151641164417,-5.870194059106196,-147.34843255208517,0.43157894736842106,,SOL,,,,
variant_id+symbol,L2_K2_F1,,82,-0.4560649013869996,-37.39732191373397,-874.8084066320667,0.3048780487804878,,TRX,,,,
variant_id+symbol,L2_K2_F1,,103,-0.2586029249050518,-26.63610126522034,-664.2566417051102,0.3592233009708738,,XLM,,,,
variant_id+symbol,L2_K2_F1,,98,-0.4148792277114015,-40.65816431571735,-1000.6328431063838,0.29591836734693877,,XRP,,,,
variant_id+symbol,L2_K3_F0,,25,0.04896723150521161,1.2241807876302901,30.53246721687753,0.44,,ADA,,,,
variant_id+symbol,L2_K3_F0,,41,-0.0035960387338182967,-0.14743758808655016,-3.727922086792148,0.4146341463414634,,BCH,,,,
variant_id+symbol,L2_K3_F0,,25,-0.08054681292984833,-2.0136703232462083,-50.55030802245173,0.4,,BNB,,,,
variant_id+symbol,L2_K3_F0,,30,-0.13652174791269633,-4.09565243738089,-102.89395368684166,0.36666666666666664,,DOGE,,,,
variant_id+symbol,L2_K3_F0,,32,-0.8331938414939776,-26.662202927807282,-663.0978133700347,0.09375,,ETH,,,,
variant_id+symbol,L2_K3_F0,,28,-0.5638457292276481,-15.787680418374146,-394.67022739041005,0.17857142857142858,,ICP,,,,
variant_id+symbol,L2_K3_F0,,23,-0.21664154340902145,-4.982755498407493,-124.47750918171944,0.34782608695652173,,LTC,,,,
variant_id+symbol,L2_K3_F0,,32,-0.1550374868746293,-4.961199579988137,-123.97268141686003,0.34375,,NEAR,,,,
variant_id+symbol,L2_K3_F0,,25,-0.18775018356247755,-4.693754589061939,-118.11357271170034,0.36,,SOL,,,,
variant_id+symbol,L2_K3_F0,,19,-0.29609980329466107,-5.62589626259856,-140.59716536618635,0.3684210526315789,,TRX,,,,
variant_id+symbol,L2_K3_F0,,32,-0.22538331738529654,-7.212266156329489,-180.33770011670785,0.34375,,XLM,,,,
variant_id+symbol,L2_K3_F0,,38,-0.3440327495239337,-13.07324448190948,-326.7676980037917,0.2631578947368421,,XRP,,,,
variant_id+symbol,L2_K3_F1,,9,-0.25802525210957555,-2.32222726898618,-58.053105762118975,0.3333333333333333,,ADA,,,,
variant_id+symbol,L2_K3_F1,,17,0.08682567495591928,1.4760364742506278,36.91171524106223,0.4117647058823529,,BCH,,,,
variant_id+symbol,L2_K3_F1,,10,-0.31290463793795853,-3.1290463793795853,-78.33694622115185,0.3,,BNB,,,,
variant_id+symbol,L2_K3_F1,,14,-0.07632211895294709,-1.0685096653412594,-26.743278409440613,0.42857142857142855,,DOGE,,,,
variant_id+symbol,L2_K3_F1,,14,-0.9672578615609355,-13.541610061853097,-336.6215517407726,0.0,,ETH,,,,
variant_id+symbol,L2_K3_F1,,10,-0.21964158688712426,-2.1964158688712425,-54.90730359108822,0.3,,ICP,,,,
variant_id+symbol,L2_K3_F1,,9,-0.7230717146230398,-6.507645431607358,-162.63129403557687,0.1111111111111111,,LTC,,,,
variant_id+symbol,L2_K3_F1,,13,0.20140674697244923,2.61828771064184,64.96898686216026,0.46153846153846156,,NEAR,,,,
variant_id+symbol,L2_K3_F1,,12,0.0735346048684757,0.8824152584217084,21.460288078879106,0.4166666666666667,,SOL,,,,
variant_id+symbol,L2_K3_F1,,6,-0.1310392928103887,-0.7862357568623322,-19.651564029999882,0.5,,TRX,,,,
variant_id+symbol,L2_K3_F1,,11,-0.1497815749524541,-1.647597324476995,-41.113942660000426,0.36363636363636365,,XLM,,,,
variant_id+symbol,L2_K3_F1,,14,-0.399993817666122,-5.599913447325708,-139.9980218754389,0.21428571428571427,,XRP,,,,
variant_id+symbol,L2_K4_F0,,4,0.7077241544669893,2.8308966178679573,70.75966630743027,0.75,,ADA,,,,
variant_id+symbol,L2_K4_F0,,7,-0.43375053054471163,-3.0362537138129815,-75.85637128088446,0.2857142857142857,,BCH,,,,
variant_id+symbol,L2_K4_F0,,5,-0.001405699087581569,-0.007028495437907845,-0.19529099999986244,0.6,,BNB,,,,
variant_id+symbol,L2_K4_F0,,5,-0.5246765293313822,-2.623382646656911,-65.44797175088021,0.4,,DOGE,,,,
variant_id+symbol,L2_K4_F0,,1,-1.0223704109589018,-1.0223704109589018,-25.37523359999994,0.0,,ETH,,,,
variant_id+symbol,L2_K4_F0,,7,-0.09549394947785417,-0.6684576463449792,-16.708966401023147,0.42857142857142855,,ICP,,,,
variant_id+symbol,L2_K4_F0,,4,-0.30712245868470267,-1.2284898347388107,-30.707489975488237,0.25,,LTC,,,,
variant_id+symbol,L2_K4_F0,,3,0.8011466097893617,2.403439829368085,59.40430890244016,0.6666666666666666,,NEAR,,,,
variant_id+symbol,L2_K4_F0,,4,-0.5813291919510559,-2.3253167678042237,-57.95884429589972,0.25,,SOL,,,,
variant_id+symbol,L2_K4_F0,,4,-0.19099015418882426,-0.763960616755297,-19.08646660730811,0.5,,TRX,,,,
variant_id+symbol,L2_K4_F0,,7,0.5648227966053191,3.9537595762372337,98.8010465199996,0.5714285714285714,,XLM,,,,
variant_id+symbol,L2_K4_F0,,4,-0.6648842562233499,-2.6595370248933996,-66.43783108289185,0.0,,XRP,,,,
variant_id+symbol,L2_K4_F1,,3,0.6482944306419757,1.9448832919259271,48.61659846815219,0.6666666666666666,,ADA,,,,
variant_id+symbol,L2_K4_F1,,4,0.013311671526844926,0.053246686107379704,1.3557074999997099,0.5,,BCH,,,,
variant_id+symbol,L2_K4_F1,,2,0.41079112500000725,0.8215822500000145,20.538270600000352,1.0,,BNB,,,,
variant_id+symbol,L2_K4_F1,,2,-0.821524354020783,-1.643048708041566,-40.9559733000003,0.0,,DOGE,,,,
variant_id+symbol,L2_K4_F1,,1,-1.0223704109589018,-1.0223704109589018,-25.37523359999994,0.0,,ETH,,,,
variant_id+symbol,L2_K4_F1,,4,0.3220443469050061,1.2881773876200244,32.203070669923484,0.5,,ICP,,,,
variant_id+symbol,L2_K4_F1,,1,-1.0557254545454642,-1.0557254545454642,-26.390497050000103,0.0,,LTC,,,,
variant_id+symbol,L2_K4_F1,,2,1.7094003591794547,3.4188007183589093,84.74873205254013,1.0,,NEAR,,,,
variant_id+symbol,L2_K4_F1,,1,-1.0484113888888833,-1.0484113888888833,-26.193510139999823,0.0,,SOL,,,,
variant_id+symbol,L2_K4_F1,,2,-1.0383937273550807,-2.0767874547101615,-51.90482877999983,0.0,,TRX,,,,
variant_id+symbol,L2_K4_F1,,4,0.2714658540218373,1.0858634160873493,27.12893475999963,0.5,,XLM,,,,
variant_id+symbol,L2_K4_F1,,1,-1.0120649278342304,-1.0120649278342304,-25.284620505068062,0.0,,XRP,,,,
variant_id+symbol,L3_K1_F0,,340,-0.5109482625803156,-173.7224092773073,-1066.1617080523213,0.2852941176470588,,ADA,,,,
variant_id+symbol,L3_K1_F0,,222,-0.23107915491249031,-51.29957239057285,-660.6029024473321,0.3783783783783784,,BCH,,,,
variant_id+symbol,L3_K1_F0,,233,-0.5266769469044307,-122.71572862873234,-1356.4322689694802,0.2918454935622318,,BNB,,,,
variant_id+symbol,L3_K1_F0,,252,-0.32645274138312996,-82.26609082854876,-887.6552151054004,0.36507936507936506,,DOGE,,,,
variant_id+symbol,L3_K1_F0,,206,-0.4062961740953485,-83.69701186364179,-710.3861291329306,0.30097087378640774,,ETH,,,,
variant_id+symbol,L3_K1_F0,,604,-0.3532860894794213,-213.38479804557048,-474.78434913069793,0.3211920529801324,,ICP,,,,
variant_id+symbol,L3_K1_F0,,283,-0.3630326507872681,-102.73824017279688,-665.8170595517049,0.3392226148409894,,LTC,,,,
variant_id+symbol,L3_K1_F0,,230,-0.4640066690317836,-106.72153387731024,-838.218588393709,0.3130434782608696,,NEAR,,,,
variant_id+symbol,L3_K1_F0,,220,-0.3246629185066267,-71.42584207145788,-496.7504473399269,0.35,,SOL,,,,
variant_id+symbol,L3_K1_F0,,251,-0.4714289702566345,-118.32867153441526,-1338.4572617498002,0.3147410358565737,,TRX,,,,
variant_id+symbol,L3_K1_F0,,241,-0.38607349178883965,-93.04371152111035,-932.0651445824426,0.3360995850622407,,XLM,,,,
variant_id+symbol,L3_K1_F0,,280,-0.3155511928930899,-88.35433401006517,-572.6442942583549,0.35,,XRP,,,,
variant_id+symbol,L3_K1_F1,,319,-0.4864503045493318,-155.17764715123684,-938.0631493500005,0.29153605015673983,,ADA,,,,
variant_id+symbol,L3_K1_F1,,224,-0.2758673333364143,-61.7942826673568,-953.4315014563192,0.35714285714285715,,BCH,,,,
variant_id+symbol,L3_K1_F1,,194,-0.5619332405074222,-109.01504865843991,-988.1543151443989,0.28350515463917525,,BNB,,,,
variant_id+symbol,L3_K1_F1,,209,-0.29055625604050106,-60.72625751246472,-802.9557043808084,0.3827751196172249,,DOGE,,,,
variant_id+symbol,L3_K1_F1,,180,-0.45205651852859774,-81.3701733351476,-1033.9672744067134,0.29444444444444445,,ETH,,,,
variant_id+symbol,L3_K1_F1,,428,-0.3311372980380682,-141.7267635602932,-768.4501125194288,0.32009345794392524,,ICP,,,,
variant_id+symbol,L3_K1_F1,,268,-0.3492960979986729,-93.61135426364433,-608.3418799787862,0.35447761194029853,,LTC,,,,
variant_id+symbol,L3_K1_F1,,137,-0.4736172624058515,-64.88556494960166,-824.8534759983382,0.30656934306569344,,NEAR,,,,
variant_id+symbol,L3_K1_F1,,185,-0.3058023785671457,-56.57344003492196,-722.7631951996398,0.3621621621621622,,SOL,,,,
variant_id+symbol,L3_K1_F1,,220,-0.5153439201608486,-113.3756624353867,-1247.4052425032537,0.29545454545454547,,TRX,,,,
variant_id+symbol,L3_K1_F1,,218,-0.3781148276173522,-82.42903242058279,-715.6661502570164,0.3394495412844037,,XLM,,,,
variant_id+symbol,L3_K1_F1,,290,-0.3610389024739523,-104.70128171744616,-395.8409444065968,0.3413793103448276,,XRP,,,,
variant_id+symbol,L3_K2_F0,,288,-0.26784161747343077,-77.13838583234806,-808.1507898985631,0.3645833333333333,,ADA,,,,
variant_id+symbol,L3_K2_F0,,250,-0.25471650778589416,-63.679126946473545,-950.9772451245598,0.352,,BCH,,,,
variant_id+symbol,L3_K2_F0,,233,-0.3472871456228202,-80.9179049301171,-761.7910373034138,0.36909871244635195,,BNB,,,,
variant_id+symbol,L3_K2_F0,,180,-0.1770532955423301,-31.869593197619416,-661.3603227579016,0.3888888888888889,,DOGE,,,,
variant_id+symbol,L3_K2_F0,,173,-0.1901580074468657,-32.897335288307765,-62.8081112169163,0.3872832369942196,,ETH,,,,
variant_id+symbol,L3_K2_F0,,644,-0.2879611863655288,-185.44700401940057,-610.664580428915,0.31521739130434784,,ICP,,,,
variant_id+symbol,L3_K2_F0,,292,-0.33387009419532326,-97.49006750503439,-746.0558244145142,0.3287671232876712,,LTC,,,,
variant_id+symbol,L3_K2_F0,,229,-0.3740085499446875,-85.64795793733344,-1252.8566874399587,0.314410480349345,,NEAR,,,,
variant_id+symbol,L3_K2_F0,,220,-0.2811751458114188,-61.858532078512134,-1017.0995031862842,0.34545454545454546,,SOL,,,,
variant_id+symbol,L3_K2_F0,,219,-0.409906701660545,-89.76956766365936,-1216.8602900171495,0.3287671232876712,,TRX,,,,
variant_id+symbol,L3_K2_F0,,265,-0.3513300458565918,-93.10246215199682,-891.8807022612192,0.32452830188679244,,XLM,,,,
variant_id+symbol,L3_K2_F0,,276,-0.3205128991444463,-88.46156016386718,-1019.4735556150351,0.33695652173913043,,XRP,,,,
variant_id+symbol,L3_K2_F1,,250,-0.16576026234148608,-41.44006558537152,-486.89108019826335,0.388,,ADA,,,,
variant_id+symbol,L3_K2_F1,,197,-0.27437982226881147,-54.052824986955855,-697.2962552834771,0.3197969543147208,,BCH,,,,
variant_id+symbol,L3_K2_F1,,186,-0.493389458332092,-91.77043924976911,-1357.740751112033,0.27956989247311825,,BNB,,,,
variant_id+symbol,L3_K2_F1,,144,-0.23343130211098823,-33.614107503982304,-391.4571524830215,0.3611111111111111,,DOGE,,,,
variant_id+symbol,L3_K2_F1,,154,-0.14640678391082285,-22.54664472226672,-620.6375509518773,0.4155844155844156,,ETH,,,,
variant_id+symbol,L3_K2_F1,,330,-0.2521004002043286,-83.19313206742844,-932.1686185386749,0.3303030303030303,,ICP,,,,
variant_id+symbol,L3_K2_F1,,252,-0.3888189626495658,-97.98237858769058,-978.4964136302771,0.29365079365079366,,LTC,,,,
variant_id+symbol,L3_K2_F1,,198,-0.2938997245811197,-58.19214546706169,-885.4669351060479,0.3333333333333333,,NEAR,,,,
variant_id+symbol,L3_K2_F1,,176,-0.22575485246030347,-39.73285403301341,-736.5106654052086,0.3409090909090909,,SOL,,,,
variant_id+symbol,L3_K2_F1,,187,-0.37456507464564975,-70.0436689587365,-877.2148886628622,0.37433155080213903,,TRX,,,,
variant_id+symbol,L3_K2_F1,,234,-0.3721072783279901,-87.0731031287497,-883.6355073714818,0.32051282051282054,,XLM,,,,
variant_id+symbol,L3_K2_F1,,224,-0.3918166062535918,-87.76691980080457,-1152.2101235419238,0.3125,,XRP,,,,
variant_id+symbol,L3_K3_F0,,65,-0.03369513563148482,-2.1901838160465132,-54.77052908608724,0.4153846153846154,,ADA,,,,
variant_id+symbol,L3_K3_F0,,85,-0.19682170825752615,-16.729845201889724,-417.87010528223175,0.35294117647058826,,BCH,,,,
variant_id+symbol,L3_K3_F0,,72,-0.2403287171313312,-17.303667633455845,-432.19974748833044,0.3611111111111111,,BNB,,,,
variant_id+symbol,L3_K3_F0,,73,-0.25326093147996004,-18.488047998037082,-462.2809063826519,0.3424657534246575,,DOGE,,,,
variant_id+symbol,L3_K3_F0,,70,-0.2792390025156862,-19.54673017609803,-485.54287349139656,0.32857142857142857,,ETH,,,,
variant_id+symbol,L3_K3_F0,,68,-0.20115702200572083,-13.678677496389017,-341.95815616207545,0.3382352941176471,,ICP,,,,
variant_id+symbol,L3_K3_F0,,62,-0.23818704039985625,-14.767596504791088,-369.08847893362343,0.3870967741935484,,LTC,,,,
variant_id+symbol,L3_K3_F0,,73,-0.04501405247281574,-3.2860258305155488,-81.7429019431394,0.3835616438356164,,NEAR,,,,
variant_id+symbol,L3_K3_F0,,75,-0.007585635946796826,-0.568922696009762,-16.246835436480524,0.44,,SOL,,,,
variant_id+symbol,L3_K3_F0,,66,-0.27786334642177435,-18.338980863837108,-458.431084710603,0.3484848484848485,,TRX,,,,
variant_id+symbol,L3_K3_F0,,74,-0.21449760234910545,-15.872822573833803,-396.71686136672037,0.35135135135135137,,XLM,,,,
variant_id+symbol,L3_K3_F0,,58,-0.1415643882214859,-8.210734516846182,-205.20411928143602,0.3793103448275862,,XRP,,,,
variant_id+symbol,L3_K3_F1,,25,-0.37377779470566674,-9.344444867641668,-233.57954071367743,0.28,,ADA,,,,
variant_id+symbol,L3_K3_F1,,39,-0.33107999761652335,-12.91211990704441,-322.53716700441817,0.2564102564102564,,BCH,,,,
variant_id+symbol,L3_K3_F1,,25,-0.6943444799767517,-17.358611999418795,-433.6389378576252,0.16,,BNB,,,,
variant_id+symbol,L3_K3_F1,,28,-0.10541838540002199,-2.9517147912006156,-76.17079481951225,0.39285714285714285,,DOGE,,,,
variant_id+symbol,L3_K3_F1,,36,-0.41421965442706016,-14.911907559374166,-370.476154032086,0.25,,ETH,,,,
variant_id+symbol,L3_K3_F1,,29,0.00761067713917295,0.22070963703601554,5.510892874858069,0.41379310344827586,,ICP,,,,
variant_id+symbol,L3_K3_F1,,29,-0.2088040926508412,-6.055318686874395,-151.3884053933934,0.41379310344827586,,LTC,,,,
variant_id+symbol,L3_K3_F1,,34,0.25751047794799,8.75535625023166,218.4878028979801,0.5,,NEAR,,,,
variant_id+symbol,L3_K3_F1,,24,0.2764683504677562,6.635240411226149,165.04615380705874,0.5,,SOL,,,,
variant_id+symbol,L3_K3_F1,,23,-0.45553137479940864,-10.477221620386398,-261.87585873804346,0.30434782608695654,,TRX,,,,
variant_id+symbol,L3_K3_F1,,32,-0.18593911415991776,-5.950051653117368,-148.57720729650848,0.34375,,XLM,,,,
variant_id+symbol,L3_K3_F1,,24,-0.18906353639292148,-4.537524873430115,-113.35950542295691,0.3333333333333333,,XRP,,,,
variant_id+symbol,L3_K4_F0,,14,0.5544075138276423,7.761705193586993,194.0264623227288,0.7142857142857143,,ADA,,,,
variant_id+symbol,L3_K4_F0,,14,-0.4371357323973241,-6.1199002535625375,-152.88675868526667,0.21428571428571427,,BCH,,,,
variant_id+symbol,L3_K4_F0,,9,0.24570087821625186,2.211307903946267,55.25447854128076,0.5555555555555556,,BNB,,,,
variant_id+symbol,L3_K4_F0,,13,-0.533592097585288,-6.936697268608745,-173.01730533381976,0.23076923076923078,,DOGE,,,,
variant_id+symbol,L3_K4_F0,,10,-0.48475598775649853,-4.8475598775649855,-120.74348037915138,0.2,,ETH,,,,
variant_id+symbol,L3_K4_F0,,11,0.19857974646736015,2.1843772111409616,54.60714846752618,0.5454545454545454,,ICP,,,,
variant_id+symbol,L3_K4_F0,,16,-0.6962508028150497,-11.140012845040795,-278.470960982331,0.1875,,LTC,,,,
variant_id+symbol,L3_K4_F0,,7,0.1352309151739716,0.9466164062178011,23.115416546189948,0.42857142857142855,,NEAR,,,,
variant_id+symbol,L3_K4_F0,,15,0.24250975495594276,3.6376463243391415,90.5905694400684,0.5333333333333333,,SOL,,,,
variant_id+symbol,L3_K4_F0,,7,-0.18348789347929406,-1.2844152543550584,-32.10688632897264,0.42857142857142855,,TRX,,,,
variant_id+symbol,L3_K4_F0,,10,-0.03592620180152641,-0.35926201801526414,-9.039404468408225,0.5,,XLM,,,,
variant_id+symbol,L3_K4_F0,,10,0.1757032342575578,1.7570323425755778,43.95128376571665,0.5,,XRP,,,,
variant_id+symbol,L3_K4_F1,,7,0.21077330138813105,1.4754131097169174,36.885660157170165,0.5714285714285714,,ADA,,,,
variant_id+symbol,L3_K4_F1,,6,-0.7729073291771417,-4.63744397506285,-115.8484366843621,0.0,,BCH,,,,
variant_id+symbol,L3_K4_F1,,2,-0.4548087797618997,-0.9096175595237994,-22.731021399999683,0.5,,BNB,,,,
variant_id+symbol,L3_K4_F1,,2,-1.0542436055840985,-2.108487211168197,-52.60463090000029,0.0,,DOGE,,,,
variant_id+symbol,L3_K4_F1,,6,-0.9196240731491483,-5.51774443889489,-137.34898729072398,0.0,,ETH,,,,
variant_id+symbol,L3_K4_F1,,4,0.7599959844905304,3.0399839379621216,75.99835618247587,0.75,,ICP,,,,
variant_id+symbol,L3_K4_F1,,8,-0.887966779849212,-7.103734238793696,-177.55970755452543,0.125,,LTC,,,,
variant_id+symbol,L3_K4_F1,,6,0.33016624011676093,1.9809974407005655,48.97287364619002,0.5,,NEAR,,,,
variant_id+symbol,L3_K4_F1,,6,0.7030099085657734,4.21805945139464,104.78689520000003,0.6666666666666666,,SOL,,,,
variant_id+symbol,L3_K4_F1,,2,-1.0438575383771949,-2.0877150767543897,-52.18547739999984,0.0,,TRX,,,,
variant_id+symbol,L3_K4_F1,,4,0.25047794241792604,1.0019117696717041,25.029906359199966,0.5,,XLM,,,,
variant_id+symbol,L3_K4_F1,,4,0.17378267453241708,0.6951306981296683,17.38463081718413,0.5,,XRP,,,,
variant_id+symbol,L4_K1_F0,,62,-0.2612306891273117,-16.196302725893325,-405.1653519363718,0.3870967741935484,,ADA,,,,
variant_id+symbol,L4_K1_F0,,89,-0.06869392841434896,-6.113759628877057,-153.0102941762671,0.43820224719101125,,BCH,,,,
variant_id+symbol,L4_K1_F0,,69,-0.49719049386441955,-34.30614407664495,-857.5404457351262,0.3188405797101449,,BNB,,,,
variant_id+symbol,L4_K1_F0,,84,-0.40315015244608,-33.86461280547072,-843.4445618943571,0.30952380952380953,,DOGE,,,,
variant_id+symbol,L4_K1_F0,,54,-0.13229115441437392,-7.143722338376192,-178.7451128458195,0.4444444444444444,,ETH,,,,
variant_id+symbol,L4_K1_F0,,77,-0.568021916065755,-43.73768753706314,-1093.4272424468293,0.2077922077922078,,ICP,,,,
variant_id+symbol,L4_K1_F0,,81,-0.3876178070771,-31.397042373245096,-784.8850769677072,0.32098765432098764,,LTC,,,,
variant_id+symbol,L4_K1_F0,,55,-0.20237635964592426,-11.130699780525834,-278.01681151096807,0.4,,NEAR,,,,
variant_id+symbol,L4_K1_F0,,64,-0.2905506916130539,-18.59524426323545,-463.4737608910242,0.359375,,SOL,,,,
variant_id+symbol,L4_K1_F0,,57,-0.4619250683226085,-26.329728894388683,-655.0026939117644,0.3333333333333333,,TRX,,,,
variant_id+symbol,L4_K1_F0,,83,-0.43456050950513164,-36.06852228892593,-901.8716617061976,0.3132530120481928,,XLM,,,,
variant_id+symbol,L4_K1_F0,,64,-0.39649430771875704,-25.37563569400045,-630.4567340286343,0.296875,,XRP,,,,
variant_id+symbol,L4_K1_F1,,31,-0.2750183838899423,-8.525569900588211,-213.1345673754107,0.3870967741935484,,ADA,,,,
variant_id+symbol,L4_K1_F1,,38,-0.1225662675305172,-4.657518166159654,-116.6135602251159,0.42105263157894735,,BCH,,,,
variant_id+symbol,L4_K1_F1,,38,-0.3583239786761012,-13.616311189691846,-340.40418598700865,0.39473684210526316,,BNB,,,,
variant_id+symbol,L4_K1_F1,,48,-0.36795516037678894,-17.661847698085868,-439.6212476765778,0.3333333333333333,,DOGE,,,,
variant_id+symbol,L4_K1_F1,,27,-0.12075982195427375,-3.260515192765391,-81.6682147832351,0.48148148148148145,,ETH,,,,
variant_id+symbol,L4_K1_F1,,34,-0.5562821229931699,-18.91359218176778,-472.83231505213666,0.20588235294117646,,ICP,,,,
variant_id+symbol,L4_K1_F1,,37,-0.03097168530362408,-1.145952356234091,-28.64876027491917,0.5135135135135135,,LTC,,,,
variant_id+symbol,L4_K1_F1,,28,-0.11488489247298542,-3.216776989243592,-80.55467823596909,0.42857142857142855,,NEAR,,,,
variant_id+symbol,L4_K1_F1,,32,-0.24040584565253492,-7.6929870608811175,-191.5814233955956,0.375,,SOL,,,,
variant_id+symbol,L4_K1_F1,,27,-0.4181829449668259,-11.290939514104299,-282.2421446801782,0.37037037037037035,,TRX,,,,
variant_id+symbol,L4_K1_F1,,36,-0.42203550921584676,-15.193278331770482,-379.7865087327024,0.3055555555555556,,XLM,,,,
variant_id+symbol,L4_K1_F1,,28,-0.4271915709070465,-11.961363985397302,-298.9793935852278,0.2857142857142857,,XRP,,,,
variant_id+symbol,L4_K2_F0,,46,-0.6260135443657175,-28.796623040823007,-719.7505946479882,0.1956521739130435,,ADA,,,,
variant_id+symbol,L4_K2_F0,,49,-0.1436734175519228,-7.039997460044218,-175.88421238281066,0.3877551020408163,,BCH,,,,
variant_id+symbol,L4_K2_F0,,54,-0.37235769350749837,-20.10731544940491,-502.5070072076539,0.3333333333333333,,BNB,,,,
variant_id+symbol,L4_K2_F0,,52,-0.19408669090191422,-10.09250792689954,-251.4312887612125,0.34615384615384615,,DOGE,,,,
variant_id+symbol,L4_K2_F0,,39,-0.22662813157296177,-8.838497131345509,-219.8374497492258,0.358974358974359,,ETH,,,,
variant_id+symbol,L4_K2_F0,,44,-0.27306566726487863,-12.01488935965466,-300.36869215407165,0.3181818181818182,,ICP,,,,
variant_id+symbol,L4_K2_F0,,57,-0.2623525481868149,-14.95409524664845,-373.8257874438946,0.3508771929824561,,LTC,,,,
variant_id+symbol,L4_K2_F0,,51,-0.24492709943244576,-12.491282071054734,-312.0259075856601,0.35294117647058826,,NEAR,,,,
variant_id+symbol,L4_K2_F0,,48,-0.36311742363701466,-17.429636334576703,-434.853304482363,0.2916666666666667,,SOL,,,,
variant_id+symbol,L4_K2_F0,,37,-0.41140082625040153,-15.221830571264857,-380.52482155281837,0.35135135135135137,,TRX,,,,
variant_id+symbol,L4_K2_F0,,57,-0.3693726622977026,-21.054241750969048,-526.2573312709137,0.2982456140350877,,XLM,,,,
variant_id+symbol,L4_K2_F0,,48,-0.1345572635223534,-6.458748649072962,-161.76789594237226,0.4166666666666667,,XRP,,,,
variant_id+symbol,L4_K2_F1,,19,-0.6359143073601188,-12.082371839842256,-302.04002544782173,0.21052631578947367,,ADA,,,,
variant_id+symbol,L4_K2_F1,,25,-0.032276585060790224,-0.8069146265197555,-20.17901293689216,0.4,,BCH,,,,
variant_id+symbol,L4_K2_F1,,17,-0.39471594424380674,-6.710171052144714,-167.837384219446,0.35294117647058826,,BNB,,,,
variant_id+symbol,L4_K2_F1,,26,-0.1214458377819852,-3.157591782331615,-77.87191887917237,0.38461538461538464,,DOGE,,,,
variant_id+symbol,L4_K2_F1,,17,-0.44664547929669784,-7.592973148043863,-189.14814020631644,0.29411764705882354,,ETH,,,,
variant_id+symbol,L4_K2_F1,,24,-0.026310628832774314,-0.6314550919865836,-15.789240168704275,0.4166666666666667,,ICP,,,,
variant_id+symbol,L4_K2_F1,,25,-0.36844459034544536,-9.211114758636134,-230.21471042652715,0.32,,LTC,,,,
variant_id+symbol,L4_K2_F1,,23,-0.27425972687912775,-6.307973718219938,-157.54843785128,0.34782608695652173,,NEAR,,,,
variant_id+symbol,L4_K2_F1,,14,0.09972322561711448,1.3961251586396028,34.78933380796266,0.5,,SOL,,,,
variant_id+symbol,L4_K2_F1,,20,-0.49295851247538264,-9.859170249507653,-246.43050731196914,0.35,,TRX,,,,
variant_id+symbol,L4_K2_F1,,21,-0.5384930304489851,-11.308353639428686,-282.71483748284993,0.23809523809523808,,XLM,,,,
variant_id+symbol,L4_K2_F1,,17,-0.27069497964935785,-4.601814654039083,-115.09914263706467,0.35294117647058826,,XRP,,,,
variant_id+symbol,L4_K3_F0,,7,0.05250693073238567,0.3675485151266997,9.190106251979298,0.42857142857142855,,ADA,,,,
variant_id+symbol,L4_K3_F0,,8,0.7071295350722686,5.657036280578149,141.25469947510396,0.75,,BCH,,,,
variant_id+symbol,L4_K3_F0,,4,-0.7660102828924937,-3.064041131569975,-76.5582996968323,0.25,,BNB,,,,
variant_id+symbol,L4_K3_F0,,4,-0.051314564826599296,-0.20525825930639718,-5.440660000000129,0.5,,DOGE,,,,
variant_id+symbol,L4_K3_F0,,4,-0.3304868299861824,-1.3219473199447296,-32.713751101609766,0.25,,ETH,,,,
variant_id+symbol,L4_K3_F0,,1,1.7112035460992907,1.7112035460992907,42.77889081000001,1.0,,ICP,,,,
variant_id+symbol,L4_K3_F0,,5,0.26558002422910265,1.3279001211455133,33.187866868016194,0.8,,LTC,,,,
variant_id+symbol,L4_K3_F0,,5,0.5267998048718987,2.6339990243594933,65.80069216635998,0.6,,NEAR,,,,
variant_id+symbol,L4_K3_F0,,5,0.49667472114488104,2.483373605724405,61.81797721602018,0.6,,SOL,,,,
variant_id+symbol,L4_K3_F0,,5,-0.05992697212032912,-0.29963486060164557,-7.4773337982499655,0.4,,TRX,,,,
variant_id+symbol,L4_K3_F0,,4,-1.0290027256943381,-4.116010902777353,-102.87429739999992,0.0,,XLM,,,,
variant_id+symbol,L4_K3_F0,,3,-0.1893058601888676,-0.5679175805666028,-14.183734155583494,0.3333333333333333,,XRP,,,,
variant_id+symbol,L4_K3_F1,,4,-0.40135089173809546,-1.6054035669523818,-40.13194914638083,0.25,,ADA,,,,
variant_id+symbol,L4_K3_F1,,4,0.31583906419332186,1.2633562567732874,31.56459038622982,0.5,,BCH,,,,
variant_id+symbol,L4_K3_F1,,2,-1.0411667288135638,-2.0823334576271275,-52.01364880000012,0.0,,BNB,,,,
variant_id+symbol,L4_K3_F1,,2,0.2240634870972701,0.4481269741945402,10.849235999999873,0.5,,DOGE,,,,
variant_id+symbol,L4_K3_F1,,3,-0.25390206828609047,-0.7617062048582715,-18.808790721609924,0.3333333333333333,,ETH,,,,
variant_id+symbol,L4_K3_F1,,1,1.7112035460992907,1.7112035460992907,42.77889081000001,1.0,,ICP,,,,
variant_id+symbol,L4_K3_F1,,3,0.17686889627215133,0.530606688816454,13.266515869952192,0.6666666666666666,,LTC,,,,
variant_id+symbol,L4_K3_F1,,4,0.9230674644232054,3.6922698576928217,92.24053066635989,0.75,,NEAR,,,,
variant_id+symbol,L4_K3_F1,,2,0.5109660807039413,1.0219321614078827,25.458743512019918,0.5,,SOL,,,,
variant_id+symbol,L4_K3_F1,,2,-1.048408292847486,-2.096816585694972,-52.40387224999941,0.0,,TRX,,,,
variant_id+symbol,L4_K3_F1,,3,-1.0321172850527696,-3.096351855158309,-77.39301780000012,0.0,,XLM,,,,
variant_id+symbol,L4_K3_F1,,1,-0.537854907975461,-0.537854907975461,-13.431097620000006,0.0,,XRP,,,,
variant_id+symbol,L4_K4_F0,,2,-0.42120363955735685,-0.8424072791147137,-21.05531768371995,0.5,,ADA,,,,
variant_id+symbol,L4_K4_F0,,2,0.7173075830363633,1.4346151660727267,35.7796819668239,1.0,,BCH,,,,
variant_id+symbol,L4_K4_F0,,1,1.72946870229009,1.72946870229009,43.234521132000125,1.0,,ICP,,,,
variant_id+symbol,L4_K4_F0,,2,-0.2596537926232275,-0.519307585246455,-12.981672601542101,0.5,,LTC,,,,
variant_id+symbol,L4_K4_F0,,3,-0.1558989962864735,-0.46769698885942046,-11.674466406349982,0.3333333333333333,,NEAR,,,,
variant_id+symbol,L4_K4_F0,,1,1.4695553058730095,1.4695553058730095,36.736531358336165,1.0,,TRX,,,,
variant_id+symbol,L4_K4_F0,,1,-1.0459850000000177,-1.0459850000000177,-26.14544105999997,0.0,,XLM,,,,
variant_id+symbol,L4_K4_F1,,1,-1.0195559633027511,-1.0195559633027511,-25.482475880000024,0.0,,ADA,,,,
variant_id+symbol,L4_K4_F1,,1,1.72946870229009,1.72946870229009,43.234521132000125,1.0,,ICP,,,,
variant_id+symbol,L4_K4_F1,,1,-1.0209563909774475,-1.0209563909774475,-25.514414880000064,0.0,,LTC,,,,
variant_id+symbol,L4_K4_F1,,3,-0.1558989962864735,-0.46769698885942046,-11.674466406349982,0.3333333333333333,,NEAR,,,,
variant_id+symbol,L4_K4_F1,,1,-1.0459850000000177,-1.0459850000000177,-26.14544105999997,0.0,,XLM,,,,
variant_id+side,L1_K1_F0,,1502,-0.31622045189717274,-474.9631187495534,-5171.544867015784,0.3382157123834887,,,LONG,,,
variant_id+side,L1_K1_F0,,1325,-0.3374699328077165,-447.14766097022436,-4828.27741468045,0.3471698113207547,,,SHORT,,,
variant_id+side,L1_K1_F1,,619,-0.3097229999151628,-191.71853694748577,-4613.99971026101,0.34248788368336025,,,LONG,,,
variant_id+side,L1_K1_F1,,611,-0.3008277715617909,-183.80576842425424,-4414.36635188547,0.35515548281505727,,,SHORT,,,
variant_id+side,L1_K2_F0,,1003,-0.18072094172360656,-181.2631045487774,-4115.404311522556,0.3848454636091725,,,LONG,,,
variant_id+side,L1_K2_F0,,1191,-0.19565054296080278,-233.0197966663161,-5432.308503726812,0.3635600335852225,,,SHORT,,,
variant_id+side,L1_K2_F1,,257,-0.13753073198420096,-35.345398119939645,-882.8803928658324,0.40077821011673154,,,LONG,,,
variant_id+side,L1_K2_F1,,365,-0.28329887534745585,-103.40408950182139,-2582.8045813738263,0.3178082191780822,,,SHORT,,,
variant_id+side,L1_K3_F0,,100,-0.24601802961820846,-24.601802961820844,-614.4564264862894,0.39,,,LONG,,,
variant_id+side,L1_K3_F0,,153,-0.20119175269643413,-30.782338162554424,-768.5047466295894,0.35947712418300654,,,SHORT,,,
variant_id+side,L1_K3_F1,,28,-0.5894063433276531,-16.503377613174287,-412.07957408168863,0.2857142857142857,,,LONG,,,
variant_id+side,L1_K3_F1,,39,-0.23835936312594513,-9.29601516191186,-232.05558676770903,0.358974358974359,,,SHORT,,,
variant_id+side,L1_K4_F0,,20,-0.09260876638692692,-1.8521753277385384,-46.22518316930099,0.5,,,LONG,,,
variant_id+side,L1_K4_F0,,25,0.23495874112236922,5.873968528059231,146.05278044936557,0.52,,,SHORT,,,
variant_id+side,L1_K4_F1,,4,-0.5909423219942751,-2.3637692879771004,-59.118538991022355,0.25,,,LONG,,,
variant_id+side,L1_K4_F1,,5,0.48737394991986915,2.436869749599346,60.62121984499445,0.6,,,SHORT,,,
variant_id+side,L2_K1_F0,,1592,-0.35427465057489593,-564.0052437152343,-4682.98493812032,0.3360552763819096,,,LONG,,,
variant_id+side,L2_K1_F0,,1368,-0.39853600395239325,-545.197253406874,-5316.931048890524,0.3230994152046784,,,SHORT,,,
variant_id+side,L2_K1_F1,,1083,-0.35222289544322877,-381.45739576501677,-4887.2039803875505,0.3250230840258541,,,LONG,,,
variant_id+side,L2_K1_F1,,1052,-0.38154624232663176,-401.3866469276166,-5110.861980728355,0.33174904942965777,,,SHORT,,,
variant_id+side,L2_K2_F0,,1342,-0.24055893733966785,-322.83009390983426,-5115.70973878581,0.3591654247391952,,,LONG,,,
variant_id+side,L2_K2_F0,,1452,-0.2589310568305856,-375.96789451801027,-4882.8617744421035,0.34366391184573003,,,SHORT,,,
variant_id+side,L2_K2_F1,,564,-0.20047714060391547,-113.06910730060832,-2748.4957653957267,0.375886524822695,,,LONG,,,
variant_id+side,L2_K2_F1,,692,-0.35159227425584155,-243.30185378504237,-6020.369497762857,0.31213872832369943,,,SHORT,,,
variant_id+side,L2_K3_F0,,172,-0.3477939060804774,-59.82055184584211,-1494.13506302799,0.29651162790697677,,,LONG,,,
variant_id+side,L2_K3_F0,,178,-0.1584889192680774,-28.211027629717776,-704.5390211086282,0.34831460674157305,,,SHORT,,,
variant_id+side,L2_K3_F1,,66,-0.37599997902939547,-24.8159986159401,-619.8370688763895,0.25757575757575757,,,LONG,,,
variant_id+side,L2_K3_F1,,73,-0.0959789471979381,-7.006463145449482,-174.87894926709725,0.3698630136986301,,,SHORT,,,
variant_id+side,L2_K4_F0,,27,-0.33763028670000256,-9.11601774090007,-228.02660922923877,0.25925925925925924,,,LONG,,,
variant_id+side,L2_K4_F0,,28,0.1417613073917833,3.9693166069699326,99.21716496473323,0.5714285714285714,,,SHORT,,,
variant_id+side,L2_K4_F1,,12,-0.14443421794954595,-1.7332106153945515,-43.68790660260481,0.3333333333333333,,,LONG,,,
variant_id+side,L2_K4_F1,,15,0.16582373470099657,2.4873560205149485,62.174557278152236,0.5333333333333333,,,SHORT,,,
variant_id+side,L3_K1_F0,,1882,-0.3748523219258093,-705.4720698643731,-6056.867962597234,0.3289054197662062,,,LONG,,,
variant_id+side,L3_K1_F0,,1480,-0.4069093745656461,-602.2258743571562,-3943.107406116867,0.325,,,SHORT,,,
variant_id+side,L3_K1_F1,,1434,-0.35769973480094425,-512.941419704554,-5052.652774440626,0.33472803347280333,,,LONG,,,
variant_id+side,L3_K1_F1,,1438,-0.4259006182211186,-612.4450890019685,-4947.2401711606735,0.3198887343532684,,,SHORT,,,
variant_id+side,L3_K2_F0,,1585,-0.30914106570136274,-489.9885891366599,-5395.273333742214,0.33753943217665616,,,LONG,,,
variant_id+side,L3_K2_F0,,1684,-0.29589721411995834,-498.2909085780098,-4604.705315922216,0.34382422802850354,,,SHORT,,,
variant_id+side,L3_K2_F1,,1138,-0.28394377643688334,-323.12801758517327,-4038.567765019833,0.3409490333919156,,,LONG,,,
variant_id+side,L3_K2_F1,,1394,-0.31870894297464647,-444.28026650665714,-5961.158177265315,0.3328550932568149,,,SHORT,,,
variant_id+side,L3_K3_F0,,390,-0.18583072109728307,-72.4739812279404,-1808.5862038317325,0.36923076923076925,,,LONG,,,
variant_id+side,L3_K3_F0,,451,-0.1696413615960295,-76.5082540798093,-1913.4663957330436,0.36807095343680707,,,SHORT,,,
variant_id+side,L3_K3_F1,,162,-0.17647776094805517,-28.589397273584936,-713.1947568685181,0.35185185185185186,,,LONG,,,
variant_id+side,L3_K3_F1,,186,-0.21665705584090952,-40.29821238640917,-1009.3639648298063,0.3387096774193548,,,SHORT,,,
variant_id+side,L3_K4_F0,,67,-0.07719229784102337,-5.171883955348566,-129.41461733442503,0.40298507462686567,,,LONG,,,
variant_id+side,L3_K4_F0,,69,-0.10169968376800112,-7.017278179992077,-175.30481976001388,0.42028985507246375,,,SHORT,,,
variant_id+side,L3_K4_F1,,30,-0.10149530655680258,-3.0448591967040777,-76.96503164372604,0.36666666666666664,,,LONG,,,
variant_id+side,L3_K4_F1,,27,-0.25586618133030103,-6.908386895918127,-172.2549072236651,0.3333333333333333,,,SHORT,,,
variant_id+side,L4_K1_F0,,436,-0.3321796337318556,-144.83032030708904,-3615.367361367624,0.3440366972477064,,,LONG,,,
variant_id+side,L4_K1_F0,,403,-0.3608654642668928,-145.4287820995578,-3629.6723866834423,0.337468982630273,,,SHORT,,,
variant_id+side,L4_K1_F1,,195,-0.3437755963869045,-67.03624129544639,-1674.621917007595,0.3435897435897436,,,LONG,,,
variant_id+side,L4_K1_F1,,209,-0.23971488646527872,-50.10041127124325,-1251.4450829964821,0.4019138755980861,,,SHORT,,,
variant_id+side,L4_K2_F0,,253,-0.30131967330565873,-76.23387734633165,-1904.4435209696887,0.33201581027667987,,,LONG,,,
variant_id+side,L4_K2_F0,,329,-0.29868020560920044,-98.26578764542694,-2454.590772211296,0.3343465045592705,,,SHORT,,,
variant_id+side,L4_K2_F1,,96,-0.18588378431481103,-17.84484329422186,-445.797944940879,0.40625,,,LONG,,,
variant_id+side,L4_K2_F1,,152,-0.3488745796568343,-53.02893610783882,-1324.2860788192022,0.3092105263157895,,,SHORT,,,
variant_id+side,L4_K3_F0,,27,0.18571717890579778,5.01436383045654,125.63394411544408,0.5555555555555556,,,LONG,,,
variant_id+side,L4_K3_F0,,28,-0.014575456863917582,-0.4081127921896923,-10.85178748024002,0.42857142857142855,,,SHORT,,,
variant_id+side,L4_K3_F1,,13,0.09721393368728697,1.2637811379347306,31.73759852036169,0.46153846153846156,,,LONG,,,
variant_id+side,L4_K3_F1,,18,-0.15426401284538757,-2.7767522312169763,-69.76146761379042,0.3333333333333333,,,SHORT,,,
variant_id+side,L4_K4_F0,,5,0.3087833446949341,1.5439167234746707,38.63908746989814,0.8,,,LONG,,,
variant_id+side,L4_K4_F0,,7,0.03061794250579267,0.2143255975405487,5.254749235650042,0.42857142857142855,,,SHORT,,,
variant_id+side,L4_K4_F1,,1,-1.0447013157894784,-1.0447013157894784,-26.042314399999988,0.0,,,LONG,,,
variant_id+side,L4_K4_F1,,6,-0.13000405417667804,-0.7800243250600682,-19.539962694349928,0.3333333333333333,,,SHORT,,,
L,,,7247,-0.2660074671127212,-1927.7561141658907,-33967.35218916298,0.3557334069270043,,,,L1,,
L,,,9716,-0.31612413403602263,-3071.462086293996,-41869.13162038231,0.33748456154796214,,,,L2,,
L,,,13417,-0.33008753729822304,-4428.784487930258,-45998.12360348991,0.3362897816203324,,,,L3,,
L,,,2178,-0.29832066241598043,-649.7424027420054,-16225.155217843236,0.3512396694214876,,,,L4,,
K,,,16629,-0.3626292520781555,-6030.161832807647,-69197.14535434001,0.33387455649768477,,,,,K1,
K,,,13497,-0.26741220749430755,-3609.262564550669,-57909.657474766165,0.3477068978291472,,,,,K2,
K,,,2084,-0.19952693865603172,-415.8141401591701,-10388.339469966706,0.3560460652591171,,,,,K3,
K,,,348,-0.06467400463983901,-22.506553614663975,-564.6203318055533,0.4224137931034483,,,,,K4,
F,,,20574,-0.301568868884844,-6204.477908436781,-78628.76380435034,0.3447069116360455,,,,,,F0
F,,,11984,-0.3232032028283853,-3873.2671826953697,-59430.99882652809,0.337283044058745,,,,,,F1
L+K,,,4057,-0.31985089600481087,-1297.6350850915178,-19028.188343842714,0.344343110672911,,,,L1,K1,
L+K,,,2816,-0.1963893426267239,-553.0323888368545,-13013.397789489027,0.36860795454545453,,,,L1,K2,
L+K,,,320,-0.2536985434358169,-81.18353389946141,-2027.0963339652765,0.3625,,,,L1,K3,
L+K,,,54,0.07583136411005442,4.094893661942939,101.33027813403666,0.5,,,,L1,K4,
L+K,,,5095,-0.3713535897575548,-1892.0465398147417,-19997.981948126748,0.329342492639843,,,,L2,K1,
L+K,,,4050,-0.2605355430897519,-1055.1689495134951,-18767.436776386498,0.34790123456790123,,,,L2,K2,
L+K,,,489,-0.24510028882811752,-119.85404123694947,-2993.390102280105,0.3210633946830266,,,,L2,K3,
L+K,,,82,-0.053567752790362674,-4.392555728809739,-110.32279358895812,0.4268292682926829,,,,L2,K4,
L+K,,,6234,-0.3902926616823953,-2433.084452928052,-19999.8683143154,0.3272377285851781,,,,L3,K1,
L+K,,,5801,-0.3026526084824169,-1755.6877818065002,-19999.70459194958,0.33890708498534733,,,,L3,K2,
L+K,,,1189,-0.1832378847499948,-217.86984496774383,-5444.611321263101,0.3616484440706476,,,,L3,K3,
L+K,,,193,-0.11472750377182822,-22.142408227962846,-553.9393759618301,0.39378238341968913,,,,L3,K4,
L+K,,,1243,-0.3277520152641484,-407.39575497333647,-10171.106748055145,0.3515687851971038,,,,L4,K1,
L+K,,,830,-0.2956306558961678,-245.37344439381928,-6129.118316941066,0.3373493975903614,,,,L4,K2,
L+K,,,86,0.035968371453309333,3.0932799449846025,76.75828754177532,0.45348837209302323,,,,L4,K3,
L+K,,,19,-0.003499122096543543,-0.06648331983432731,-1.6884403888017268,0.47368421052631576,,,,L4,K4,
