phase,variant_id,cost,closed,signals,fills,expectancy_net_R,CI,LCB,win_rate,PF_usdt,PF_R,net_USDT,return_pct,MDD_close_pct,underwater_longest_h,entry_fees,exit_fees,funding,ambiguous_exits,metrics_valid,full_weeks,weeks_with_trades,blocked,status,reason
DISCOVERY,L1_K1_F0,NORMAL,2827,3913,2827,-0.3261799716023268,"[-0.36675863851969676, -0.28211092015032446]",-0.36675863851969676,0.3424124513618677,0.5154905116920885,0.5133077633404243,-9999.822281696233,-99.99822281696233,99.99822281696225,0.0,451.6842075689998,451.6502230960005,11.334818968762889,6,True,113,113,"{""MARGIN_BLOCKED"": 1028, ""RISK_CAP_BLOCKED"": 43, ""POSITION_BLOCKED"": 13, ""PARTITION_TAIL_BLOCKED"": 2}",ELENDİ,NOT_POSITIVE
DISCOVERY,L1_K1_F0,STRESS,2064,3913,2064,-0.4418786082416945,"[-0.4760232737510378, -0.4027883134055075]",-0.4760232737510378,0.31443798449612403,0.3290612576614496,0.3374175700242059,-9999.957651073319,-99.99957651073319,99.9995765107334,0.0,252.72573587100044,252.73762042699977,10.8613452246792,1,True,113,110,"{""MARGIN_BLOCKED"": 1803, ""RISK_CAP_BLOCKED"": 33, ""POSITION_BLOCKED"": 11, ""PARTITION_TAIL_BLOCKED"": 2}",ELENDİ,NOT_POSITIVE
DISCOVERY,L1_K1_F1,NORMAL,1230,1242,1230,-0.30530431331035773,"[-0.3659161761304869, -0.24443450696722843]",-0.3659161761304869,0.348780487804878,0.54417930197076,0.5378083636937986,-9028.366062146479,-90.28366062146479,90.80407660946483,0.0,459.2765834300001,459.2509040759994,-16.800714640487907,1,True,113,113,"{""RISK_CAP_BLOCKED"": 10, ""PARTITION_TAIL_BLOCKED"": 2}",ELENDİ,NOT_POSITIVE
DISCOVERY,L1_K1_F1,STRESS,1230,1242,1230,-0.41388463265510783,"[-0.4647931913886312, -0.36018493921915884]",-0.4647931913886312,0.3252032520325203,0.3726455910950657,0.3649320736878074,-9968.261467838793,-99.68261467838792,99.69384956848795,0.0,289.00802726000006,289.0247312269999,-16.457099351792998,0,True,113,113,"{""RISK_CAP_BLOCKED"": 10, ""PARTITION_TAIL_BLOCKED"": 2}",ELENDİ,NOT_POSITIVE
DISCOVERY,L1_K2_F0,NORMAL,2194,2246,2194,-0.18882538797406268,"[-0.2370092100916915, -0.1355502945444124]",-0.2370092100916915,0.37329079307201457,0.7076055837981106,0.6939502373688426,-9547.712815249368,-95.47712815249368,96.26257637288981,29.25,572.0496403690005,572.1746868290015,46.7720319486285,1,True,113,113,"{""RISK_CAP_BLOCKED"": 42, ""POSITION_BLOCKED"": 9, ""PARTITION_TAIL_BLOCKED"": 1}",ELENDİ,NOT_POSITIVE
DISCOVERY,L1_K2_F0,STRESS,2057,2246,2057,-0.2945115418392076,"[-0.3399146689865857, -0.24369496130228602]",-0.3399146689865857,0.35585804569761786,0.5271679955512648,0.5222314645436329,-9999.33851818252,-99.9933851818252,99.9939699150518,0.0,316.6069551330009,316.8462570339993,26.245343984471024,1,True,113,113,"{""MARGIN_BLOCKED"": 164, ""RISK_CAP_BLOCKED"": 15, ""POSITION_BLOCKED"": 9, ""PARTITION_TAIL_BLOCKED"": 1}",ELENDİ,NOT_POSITIVE
DISCOVERY,L1_K2_F1,NORMAL,622,627,622,-0.22306991579061258,"[-0.3251012715989131, -0.12279669720880074]",-0.3251012715989131,0.3520900321543408,0.6482102557402709,0.6483157231133156,-3465.6849742396585,-34.65684974239658,35.824786911660404,133.0,176.98858394199962,177.1517068500001,-8.235363447653604,0,True,113,113,"{""RISK_CAP_BLOCKED"": 4, ""PARTITION_TAIL_BLOCKED"": 1}",ELENDİ,NOT_POSITIVE
DISCOVERY,L1_K2_F1,STRESS,622,627,622,-0.3311007624721245,"[-0.42139809106494525, -0.23999976121808728]",-0.42139809106494525,0.3360128617363344,0.48239112257150757,0.4824002060503863,-5141.4581558103855,-51.414581558103855,52.00322524670506,133.33333333333334,144.16187112999995,144.35326895499995,-7.542265725390297,0,True,113,113,"{""RISK_CAP_BLOCKED"": 4, ""PARTITION_TAIL_BLOCKED"": 1}",ELENDİ,NOT_POSITIVE
DISCOVERY,L1_K3_F0,NORMAL,253,258,253,-0.21890964871294574,"[-0.3589615878053807, -0.07413265486778463]",-0.3589615878053807,0.3715415019762846,0.6111843476800559,0.6113656066221316,-1382.9611731158789,-13.829611731158789,14.513713403777029,208.16666666666666,50.97604023000002,50.99027488900002,6.159292003121298,0,True,113,98,"{""RISK_CAP_BLOCKED"": 5}",ELENDİ,NOT_POSITIVE
DISCOVERY,L1_K3_F0,STRESS,253,258,253,-0.30412571744438494,"[-0.42882039244787, -0.17294868336497815]",-0.42882039244787,0.3438735177865613,0.46642649902669486,0.46640598447769543,-1920.5643007205786,-19.205643007205786,19.353596836573956,213.83333333333334,43.64201481300004,43.67435665499998,5.322590747419803,0,True,113,98,"{""RISK_CAP_BLOCKED"": 5}",ELENDİ,NOT_POSITIVE
DISCOVERY,L1_K3_F1,NORMAL,67,67,67,-0.38506556380725593,"[-0.5959927941723575, -0.14032345133395627]",-0.5959927941723575,0.3283582089552239,0.3669208932134257,0.36695945946943037,-644.1351608493978,-6.441351608493978,6.460796538296675,0.8333333333333334,13.683575698,13.665562302,-1.0461828493970002,0,True,113,51,{},KANIT YETERSİZ,SAMPLE_FLOOR
DISCOVERY,L1_K3_F1,STRESS,67,67,67,-0.4533198852623117,"[-0.6392039124995142, -0.23459980512045503]",-0.6392039124995142,0.29850746268656714,0.26092408282305757,0.26098510063035896,-758.1681144687631,-7.58168114468763,7.581681144687664,0.0,11.742819528000004,11.730198379,-0.9787665617629999,0,True,113,51,{},KANIT YETERSİZ,SAMPLE_FLOOR
DISCOVERY,L1_K4_F0,NORMAL,45,45,45,0.0893731822293487,"[-0.23257745229458535, 0.39953086265596827]",-0.23257745229458535,0.5111111111111111,1.2108104288798462,1.2120534017670945,99.82759728006458,0.9982759728006458,1.6353774899633637,10373.5,8.711418866000002,8.691797959999995,2.1067941060627997,0,True,113,35,{},KANIT YETERSİZ,SAMPLE_FLOOR
DISCOVERY,L1_K4_F0,STRESS,45,45,45,-0.01998951636389114,"[-0.30508803274538054, 0.2579369250906841]",-0.30508803274538054,0.4888888888888889,0.9515941317163877,0.9532533409423555,-23.258984681010997,-0.23258984681010997,1.6896311667715398,10842.833333333334,7.432775523999998,7.418310892999998,1.8378917359890004,0,True,113,35,{},KANIT YETERSİZ,SAMPLE_FLOOR
DISCOVERY,L1_K4_F1,NORMAL,9,9,9,0.008122273513582856,"[-0.7440758104087435, 0.8923458606786928]",-0.7440758104087435,0.4444444444444444,1.0131935157746506,1.0160225039360329,1.5026808539720946,0.015026808539720946,0.7309346511316812,2161.4166666666665,1.773382256,1.7613233020000003,0.11364641197200001,0,True,113,9,{},KANIT YETERSİZ,SAMPLE_FLOOR
DISCOVERY,L1_K4_F1,STRESS,9,9,9,-0.11513058852339017,"[-0.7733492217759097, 0.6511134863602142]",-0.7733492217759097,0.4444444444444444,0.772596376271529,0.775040254092384,-26.154568856028142,-0.26154568856028143,0.6855115132356495,8040.666666666667,1.551991026,1.5421801780000002,0.09192234797200002,0,True,113,9,{},KANIT YETERSİZ,SAMPLE_FLOOR
DISCOVERY,L2_K1_F0,NORMAL,2960,5153,2960,-0.3747305733520636,"[-0.42027269596768835, -0.33101191390740986]",-0.42027269596768835,0.33006756756756755,0.5057519986521455,0.4606432794466994,-9999.915987010843,-99.99915987010844,99.99919491044406,0.5,512.0566332809999,512.1235685329993,-13.966985196851592,7,True,113,113,"{""MARGIN_BLOCKED"": 2103, ""RISK_CAP_BLOCKED"": 53, ""POSITION_BLOCKED"": 29, ""PARTITION_TAIL_BLOCKED"": 8}",ELENDİ,NOT_POSITIVE
DISCOVERY,L2_K1_F0,STRESS,1969,5153,1969,-0.5002134390368729,"[-0.5563662902723977, -0.4497322901531506]",-0.5563662902723977,0.28593194514982223,0.3382791276955223,0.2859966456013602,-9999.968294184086,-99.99968294184086,99.99969428782573,0.0,296.86055637699917,296.91269707599974,-6.6918107310784,3,True,113,106,"{""MARGIN_BLOCKED"": 3120, ""RISK_CAP_BLOCKED"": 34, ""POSITION_BLOCKED"": 21, ""PARTITION_TAIL_BLOCKED"": 8, ""MAX_POSITIONS_BLOCKED"": 1}",ELENDİ,NOT_POSITIVE
DISCOVERY,L2_K1_F1,NORMAL,2135,2266,2135,-0.3666716827600156,"[-0.41429741220007427, -0.3192679698259286]",-0.41429741220007427,0.32833723653395785,0.47380841701979737,0.47152513261685736,-9998.065961115904,-99.98065961115904,99.98270124709423,0.0,476.89678295299916,476.91378478500076,-28.6967133779197,4,True,113,113,"{""MARGIN_BLOCKED"": 110, ""RISK_CAP_BLOCKED"": 18, ""PARTITION_TAIL_BLOCKED"": 2, ""POSITION_BLOCKED"": 1}",ELENDİ,NOT_POSITIVE
DISCOVERY,L2_K1_F1,STRESS,1700,2266,1700,-0.48969681321562486,"[-0.5388068047105381, -0.4354971820106171]",-0.5388068047105381,0.29470588235294115,0.2721628781623382,0.2891035952340637,-9999.72423664995,-99.9972423664995,99.99728075679951,0.0,265.80053892400014,265.8999652249994,-15.063642500953913,2,True,113,113,"{""MARGIN_BLOCKED"": 554, ""RISK_CAP_BLOCKED"": 8, ""PARTITION_TAIL_BLOCKED"": 2, ""POSITION_BLOCKED"": 1, ""MAX_POSITIONS_BLOCKED"": 1}",ELENDİ,NOT_POSITIVE
DISCOVERY,L2_K2_F0,NORMAL,2794,3144,2794,-0.25010665298061724,"[-0.2975243407998771, -0.20207271249555064]",-0.2975243407998771,0.35110952040085897,0.569430111448963,0.6200393118569659,-9998.571513227913,-99.98571513227913,99.99039505988527,0.0,449.52584402599985,449.5007621990014,2.0050229970801916,1,True,113,113,"{""MARGIN_BLOCKED"": 277, ""RISK_CAP_BLOCKED"": 51, ""POSITION_BLOCKED"": 16, ""MAX_POSITIONS_BLOCKED"": 3, ""PARTITION_TAIL_BLOCKED"": 3}",ELENDİ,NOT_POSITIVE
DISCOVERY,L2_K2_F0,STRESS,2016,3144,2016,-0.3811997667666853,"[-0.4275327455364044, -0.33101656677249014]",-0.4275327455364044,0.32936507936507936,0.3702113045084487,0.41979544449569384,-9999.838224897085,-99.99838224897084,99.99838224897081,0.0,252.51012307699992,252.50473982700015,8.266958006912397,0,True,113,112,"{""MARGIN_BLOCKED"": 1089, ""RISK_CAP_BLOCKED"": 23, ""POSITION_BLOCKED"": 12, ""PARTITION_TAIL_BLOCKED"": 3, ""MAX_POSITIONS_BLOCKED"": 1}",ELENDİ,NOT_POSITIVE
DISCOVERY,L2_K2_F1,NORMAL,1256,1288,1256,-0.2837348416287028,"[-0.3401426404355497, -0.22314845767716163]",-0.3401426404355497,0.34076433121019106,0.5813919899836707,0.5787801669606795,-8768.865263158583,-87.68865263158582,88.70800520752479,629.0,415.835267731,416.1513962319994,-19.126549195578608,1,True,113,113,"{""RISK_CAP_BLOCKED"": 31, ""PARTITION_TAIL_BLOCKED"": 1}",ELENDİ,NOT_POSITIVE
DISCOVERY,L2_K2_F1,STRESS,1263,1288,1263,-0.38371512396767243,"[-0.43456780139734486, -0.3292230484880743]",-0.43456780139734486,0.32145684877276326,0.4285495707461209,0.4254248325445371,-9976.258422660041,-99.76258422660041,99.78446791810052,0.0,281.7011538060003,281.94858999500025,-16.949608859041188,1,True,113,113,"{""RISK_CAP_BLOCKED"": 22, ""MARGIN_BLOCKED"": 2, ""PARTITION_TAIL_BLOCKED"": 1}",ELENDİ,NOT_POSITIVE
DISCOVERY,L2_K3_F0,NORMAL,350,353,350,-0.25151879850159964,"[-0.3596724631223345, -0.1507471269943252]",-0.3596724631223345,0.32285714285714284,0.604413941074753,0.6045749168175819,-2198.6740841366186,-21.986740841366185,22.583329996207777,0.0,78.83103464599999,78.75378472999992,6.119735239384901,0,True,113,108,"{""POSITION_BLOCKED"": 2, ""RISK_CAP_BLOCKED"": 1}",ELENDİ,NOT_POSITIVE
DISCOVERY,L2_K3_F0,STRESS,350,353,350,-0.33610454041531346,"[-0.43469786822529294, -0.2451255592930967]",-0.43469786822529294,0.30857142857142855,0.4763885835394315,0.4763997056650764,-2936.657361995793,-29.366573619957933,29.79084535427933,0.0,66.57972549199992,66.51684472100001,5.351098217209001,0,True,113,108,"{""POSITION_BLOCKED"": 2, ""RISK_CAP_BLOCKED"": 1}",ELENDİ,NOT_POSITIVE
DISCOVERY,L2_K3_F1,NORMAL,139,140,139,-0.2289385738229466,"[-0.4053623657229928, -0.05329948808643831]",-0.4053623657229928,0.31654676258992803,0.6474270094080711,0.6476083571415938,-794.7160181434867,-7.947160181434867,9.386420879705383,0.0,31.267401951000007,31.223056352999986,-1.0460998394834002,0,True,113,74,"{""RISK_CAP_BLOCKED"": 1}",ELENDİ,NOT_POSITIVE
DISCOVERY,L2_K3_F1,STRESS,139,140,139,-0.3202563740412025,"[-0.4757954844422861, -0.16982734178316533]",-0.4757954844422861,0.31654676258992803,0.5085153947674248,0.5084942027648816,-1111.0150862058822,-11.110150862058823,11.426080736580298,0.0,26.575333133000008,26.540004037000006,-1.1083690358798,0,True,113,74,"{""RISK_CAP_BLOCKED"": 1}",ELENDİ,NOT_POSITIVE
DISCOVERY,L2_K4_F0,NORMAL,55,55,55,-0.0935763842532752,"[-0.41471210254140833, 0.257413238539917]",-0.41471210254140833,0.41818181818181815,0.8231015194291896,0.8234753488774484,-128.80944426450552,-1.2880944426450551,2.183405842704119,11754.083333333334,12.104618355,12.072089196,0.39691328649440005,0,True,113,45,{},KANIT YETERSİZ,SAMPLE_FLOOR
DISCOVERY,L2_K4_F0,STRESS,55,55,55,-0.19902807269661646,"[-0.48223523082464936, 0.11057859572570412]",-0.48223523082464936,0.36363636363636365,0.6309030189325717,0.6315301409878273,-273.9404878143829,-2.739404878143829,2.7645043884469724,7.166666666666667,10.295110007999998,10.269880145,0.25559233861810016,0,True,113,45,{},KANIT YETERSİZ,SAMPLE_FLOOR
DISCOVERY,L2_K4_F1,NORMAL,27,27,27,0.02793131130075548,"[-0.4143155347566024, 0.5049441709937367]",-0.4143155347566024,0.4444444444444444,1.0490899098537632,1.050010345887553,18.486650675547402,0.18486650675547403,1.846567614968341,7343.75,6.670994437999998,6.660378488,-1.7148363984528003,0,True,113,26,{},KANIT YETERSİZ,SAMPLE_FLOOR
DISCOVERY,L2_K4_F1,STRESS,27,27,27,-0.09823827545463672,"[-0.49067681674866154, 0.3249588251089693]",-0.49067681674866154,0.4074074074074074,0.8233972039829685,0.8244665522709005,-66.65914123412547,-0.6665914123412547,2.1603173030243124,16538.416666666668,5.616528122000001,5.6098129860000014,-1.5052801261244002,0,True,113,26,{},KANIT YETERSİZ,SAMPLE_FLOOR
DISCOVERY,L3_K1_F0,NORMAL,3362,12390,3362,-0.38896429036928293,"[-0.4290668497176171, -0.35188721456289374]",-0.4290668497176171,0.3271861986912552,0.49685757041705164,0.448982564372388,-9999.9753687141,-99.999753687141,99.99976758154979,1.0,478.0313706960001,477.8299007250015,6.9014327068863,10,True,113,77,"{""MARGIN_BLOCKED"": 8809, ""POSITION_BLOCKED"": 162, ""RISK_CAP_BLOCKED"": 50, ""PARTITION_TAIL_BLOCKED"": 7}",ELENDİ,NOT_POSITIVE
DISCOVERY,L3_K1_F0,STRESS,2133,12390,2133,-0.4892990477161543,"[-0.5223190267570162, -0.44634867505593395]",-0.5223190267570162,0.2977027660571964,0.3295482924698126,0.2958161588621584,-9999.977844979256,-99.99977844979256,99.99978295608614,1.0,274.64380224600046,274.5274708609999,3.5315581277417927,4,True,113,58,"{""MARGIN_BLOCKED"": 10117, ""POSITION_BLOCKED"": 93, ""RISK_CAP_BLOCKED"": 40, ""PARTITION_TAIL_BLOCKED"": 7}",ELENDİ,NOT_POSITIVE
DISCOVERY,L3_K1_F1,NORMAL,2872,5575,2872,-0.3918476701624382,"[-0.4365137742587767, -0.34453928155116326]",-0.4365137742587767,0.32729805013927576,0.440276513523985,0.4404918924504788,-9999.8929456013,-99.998929456013,99.99899505447459,1.0,451.2463913890005,451.22799782800166,2.4856936156781972,9,True,113,113,"{""MARGIN_BLOCKED"": 2659, ""POSITION_BLOCKED"": 25, ""RISK_CAP_BLOCKED"": 17, ""PARTITION_TAIL_BLOCKED"": 2}",ELENDİ,NOT_POSITIVE
DISCOVERY,L3_K1_F1,STRESS,1880,5575,1880,-0.5254561492930866,"[-0.5675242484447832, -0.47777609492683737]",-0.5675242484447832,0.27872340425531916,0.26792392628981326,0.25798794598006575,-9999.974218327043,-99.99974218327043,99.99975117039362,1.0,264.20787997100007,264.1927933150006,3.967254958948103,4,True,113,99,"{""MARGIN_BLOCKED"": 3657, ""POSITION_BLOCKED"": 23, ""RISK_CAP_BLOCKED"": 13, ""PARTITION_TAIL_BLOCKED"": 2}",ELENDİ,NOT_POSITIVE
DISCOVERY,L3_K2_F0,NORMAL,3269,8190,3269,-0.30231859826083507,"[-0.35012050156745844, -0.2571035776636518]",-0.35012050156745844,0.3407769960232487,0.5829990537503713,0.5465196528476303,-9999.978649664432,-99.99978649664432,99.99978793211626,28.25,489.08021928399944,488.9973536600017,2.501083279557994,0,True,113,111,"{""MARGIN_BLOCKED"": 4665, ""POSITION_BLOCKED"": 175, ""RISK_CAP_BLOCKED"": 73, ""PARTITION_TAIL_BLOCKED"": 8}",ELENDİ,NOT_POSITIVE
DISCOVERY,L3_K2_F0,STRESS,2139,8190,2139,-0.41692294477509084,"[-0.47347465890861307, -0.36216910598574664]",-0.47347465890861307,0.3174380551659654,0.4311910009933694,0.3757401419039908,-9999.980713318884,-99.99980713318884,99.99980715249542,49.75,286.52743361599994,286.42001958699973,1.9190498841149994,0,True,113,79,"{""MARGIN_BLOCKED"": 5871, ""POSITION_BLOCKED"": 113, ""RISK_CAP_BLOCKED"": 58, ""PARTITION_TAIL_BLOCKED"": 8, ""MAX_POSITIONS_BLOCKED"": 1}",ELENDİ,NOT_POSITIVE
DISCOVERY,L3_K2_F1,NORMAL,2532,3421,2532,-0.303083840478606,"[-0.3465072398445735, -0.2562337984551919]",-0.3465072398445735,0.33649289099526064,0.5222421932123478,0.5500999790963267,-9999.725942285148,-99.99725942285147,99.99748139692103,48.916666666666664,438.29756887799937,438.47191990500005,-32.87002350215934,0,True,113,113,"{""MARGIN_BLOCKED"": 847, ""RISK_CAP_BLOCKED"": 21, ""POSITION_BLOCKED"": 18, ""PARTITION_TAIL_BLOCKED"": 3}",ELENDİ,NOT_POSITIVE
DISCOVERY,L3_K2_F1,STRESS,1895,3421,1895,-0.4271927524465599,"[-0.4681488091651334, -0.3808677277989505]",-0.4681488091651334,0.3108179419525066,0.33620641556741676,0.3674394977523861,-9999.936105404837,-99.99936105404838,99.99938256278965,0.0,252.92153178900003,253.12762419900008,-14.574909416842203,0,True,113,112,"{""MARGIN_BLOCKED"": 1495, ""RISK_CAP_BLOCKED"": 14, ""POSITION_BLOCKED"": 14, ""PARTITION_TAIL_BLOCKED"": 3}",ELENDİ,NOT_POSITIVE
DISCOVERY,L3_K3_F0,NORMAL,841,860,841,-0.17714891237544558,"[-0.2645597124844679, -0.08906382219011491]",-0.2645597124844679,0.3686087990487515,0.7044698764225112,0.7047318127857146,-3722.052599564776,-37.220525995647755,38.91205221182947,687.75,189.74871353199998,189.7580764259999,19.42249039322438,0,True,113,113,"{""POSITION_BLOCKED"": 15, ""RISK_CAP_BLOCKED"": 4}",ELENDİ,NOT_POSITIVE
DISCOVERY,L3_K3_F0,STRESS,841,860,841,-0.26880577006556966,"[-0.3489687946049613, -0.18802763027344563]",-0.3489687946049613,0.351961950059453,0.5543699160436182,0.5545116490943734,-5644.478507407783,-56.44478507407783,57.53386624022976,147.75,160.40199603199991,160.43903240900008,16.642511033215992,0,True,113,113,"{""POSITION_BLOCKED"": 15, ""RISK_CAP_BLOCKED"": 4}",ELENDİ,NOT_POSITIVE
DISCOVERY,L3_K3_F1,NORMAL,348,349,348,-0.1979529013218221,"[-0.3437075622611604, -0.060063801858606894]",-0.3437075622611604,0.3448275862068966,0.6881213037169115,0.688626658431981,-1722.5587216983245,-17.225587216983243,18.426988780694277,227.66666666666666,80.31187747499999,80.34088128500002,-4.386082938324798,0,True,113,108,"{""POSITION_BLOCKED"": 1}",ELENDİ,NOT_POSITIVE
DISCOVERY,L3_K3_F1,STRESS,348,349,348,-0.2867987068637819,"[-0.41742640282400373, -0.16399015470623637]",-0.41742640282400373,0.33620689655172414,0.5489858150173762,0.5491385324273333,-2491.963644071987,-24.919636440719866,25.653378217659277,75.91666666666667,67.90487462299993,67.942470006,-5.1326694429870034,0,True,113,108,"{""POSITION_BLOCKED"": 1}",ELENDİ,NOT_POSITIVE
DISCOVERY,L3_K4_F0,NORMAL,136,136,136,-0.08962619217162238,"[-0.3026079971612872, 0.14298187323731998]",-0.3026079971612872,0.4117647058823529,0.8411521753463017,0.8413980960996476,-304.719437094439,-3.04719437094439,4.485592157502299,794.1666666666666,29.100377304000002,29.10581494100001,0.26520515056000005,0,True,113,80,{},ELENDİ,NOT_POSITIVE
DISCOVERY,L3_K4_F0,STRESS,136,136,136,-0.18715746253793247,"[-0.3780698046775697, 0.025299626494641278]",-0.3780698046775697,0.39705882352941174,0.6702697227978617,0.6703871569373817,-635.4328232294856,-6.354328232294857,7.501268038125832,78.66666666666667,24.923192196000002,24.928834343000005,-0.0061266904845003745,0,True,113,80,{},ELENDİ,NOT_POSITIVE
DISCOVERY,L3_K4_F1,NORMAL,57,57,57,-0.17461835250214391,"[-0.48061519979132755, 0.174994394646463]",-0.48061519979132755,0.3508771929824561,0.7238530591547303,0.7246052704546949,-249.21993886739116,-2.4921993886739116,3.3887263402360728,701.5833333333334,12.611748962000002,12.621815357000004,-4.4550045483913,0,True,113,41,{},KANIT YETERSİZ,SAMPLE_FLOOR
DISCOVERY,L3_K4_F1,STRESS,57,57,57,-0.26001904896465494,"[-0.5318724581832095, 0.05321870283229039]",-0.5318724581832095,0.3333333333333333,0.5902001624941177,0.5907559933437986,-370.5385242714103,-3.7053852427141036,4.412363311829396,702.0,10.783167295000002,10.793717618,-3.9703093584099,0,True,113,41,{},KANIT YETERSİZ,SAMPLE_FLOOR
DISCOVERY,L4_K1_F0,NORMAL,839,843,839,-0.3459584057290188,"[-0.4198208997419681, -0.27306145510701846]",-0.4198208997419681,0.34088200238379024,0.49692977088254986,0.49673756294136634,-7245.039748051067,-72.45039748051067,72.6927059897917,47.5,391.502554783,391.5052893879995,-3.5509938800874044,1,True,113,113,"{""POSITION_BLOCKED"": 4}",ELENDİ,NOT_POSITIVE
DISCOVERY,L4_K1_F0,STRESS,839,843,839,-0.4692916176801418,"[-0.5302459747064535, -0.4102649032664604]",-0.5302459747064535,0.30274135876042907,0.3150430503666444,0.30992585507123355,-9431.042376906855,-94.31042376906855,94.5128006603612,1.0,280.0483514589999,280.0254245920001,-5.2764708558495,0,True,113,113,"{""POSITION_BLOCKED"": 4}",ELENDİ,NOT_POSITIVE
DISCOVERY,L4_K1_F1,NORMAL,404,404,404,-0.2899422093234892,"[-0.41041020913096693, -0.17545397271745575]",-0.41041020913096693,0.37376237623762376,0.5606980047013318,0.5606915957297572,-2926.0670000040773,-29.260670000040776,29.846525935878233,1.0,184.36066510900014,184.31649122600007,-5.8233536690917,0,True,113,112,{},ELENDİ,NOT_POSITIVE
DISCOVERY,L4_K1_F1,STRESS,404,404,404,-0.42846833449546823,"[-0.5292663644396002, -0.336949406460537]",-0.5292663644396002,0.3341584158415842,0.3452026834092714,0.34530609178624033,-4324.525435611215,-43.24525435611214,43.6745390300837,1.0,137.851369241,137.81755698999999,-6.854819380213701,0,True,113,112,{},ELENDİ,NOT_POSITIVE
DISCOVERY,L4_K2_F0,NORMAL,582,584,582,-0.29982760307862305,"[-0.39565702862173685, -0.19957384175294757]",-0.39565702862173685,0.3333333333333333,0.5544846609706305,0.5546316996065033,-4359.034293180985,-43.59034293180985,44.10676652564054,26.0,189.59998029799974,189.65103017399994,2.3755172910191993,0,True,113,112,"{""POSITION_BLOCKED"": 2}",ELENDİ,NOT_POSITIVE
DISCOVERY,L4_K2_F0,STRESS,582,584,582,-0.40053090884046927,"[-0.4874251558945345, -0.309444341449159]",-0.4874251558945345,0.3075601374570447,0.40265731479093386,0.40309294378631066,-5825.588613227115,-58.25588613227116,58.65389113368057,26.0,150.81446736599992,150.8915813050002,1.289865443885998,0,True,113,112,"{""POSITION_BLOCKED"": 2}",ELENDİ,NOT_POSITIVE
DISCOVERY,L4_K2_F1,NORMAL,248,248,248,-0.2857813685566963,"[-0.40229936543035677, -0.15645914597386437]",-0.40229936543035677,0.3467741935483871,0.5729041233448111,0.5730001661413087,-1770.0840237600812,-17.700840237600815,19.1291077432726,0.75,87.14903785400006,87.23287990899996,-3.821355997083,0,True,113,100,{},ELENDİ,NOT_POSITIVE
DISCOVERY,L4_K2_F1,STRESS,248,248,248,-0.4019770403904157,"[-0.5046472203786628, -0.284849056784223]",-0.5046472203786628,0.31048387096774194,0.4042732600156702,0.40515720877545647,-2493.381533314814,-24.933815333148143,25.994933601405112,0.75,68.44211725000004,68.53780497700001,-4.025141087816799,0,True,113,100,{},ELENDİ,NOT_POSITIVE
DISCOVERY,L4_K3_F0,NORMAL,55,55,55,0.08375001887757906,"[-0.233224215832105, 0.38352082323688014]",-0.233224215832105,0.4909090909090909,1.1738329917802786,1.1741667500933406,114.78215663520405,1.1478215663520404,2.34501719839938,12437.916666666666,12.331484240000004,12.345350070000006,-1.1943090547969997,0,True,113,47,{},KANIT YETERSİZ,SAMPLE_FLOOR
DISCOVERY,L4_K3_F0,STRESS,55,55,55,-0.0373527764902854,"[-0.321661181168286, 0.23100985697396137]",-0.321661181168286,0.4727272727272727,0.9226004263494991,0.9228721987244597,-51.453334864156176,-0.5145333486415617,2.6882264704181407,2297.9166666666665,10.499201080000002,10.511507790000005,-1.126125994157,0,True,113,47,{},KANIT YETERSİZ,SAMPLE_FLOOR
DISCOVERY,L4_K3_F1,NORMAL,31,31,31,-0.048805519138136966,"[-0.4857278924711205, 0.3803717723779329]",-0.4857278924711205,0.3870967741935484,0.9186220905162298,0.9191656572149228,-38.023869093428715,-0.38023869093428714,1.5232617973154083,10520.083333333334,6.877715630000001,6.8877188899999995,-1.531634573429,0,True,113,27,{},KANIT YETERSİZ,SAMPLE_FLOOR
DISCOVERY,L4_K3_F1,STRESS,31,31,31,-0.16150407819987656,"[-0.5468984140358273, 0.21575206010946305]",-0.5468984140358273,0.3548387096774194,0.7336826614399874,0.7338600267484294,-125.00018590351965,-1.2500018590351964,1.722559787407401,2058.9166666666665,5.90385079,5.913722340000001,-1.3731127735200002,0,True,113,27,{},KANIT YETERSİZ,SAMPLE_FLOOR
DISCOVERY,L4_K4_F0,NORMAL,12,12,12,0.14652019341793499,"[-0.6172956930562558, 0.717272257556705]",-0.6172956930562558,0.5833333333333334,1.3418618844509678,1.3420253437816922,43.893836705548196,0.43893836705548195,1.049182515598698,13186.0,1.9158672360000004,1.9190849120000002,0.634548853548,0,True,113,11,{},KANIT YETERSİZ,SAMPLE_FLOOR_POSITIVE
DISCOVERY,L4_K4_F0,STRESS,12,12,12,0.0483931095450551,"[-0.6470654308102645, 0.5769105690015329]",-0.6470654308102645,0.5833333333333334,1.1137641263428228,1.1133828714919758,14.548960929856033,0.14548960929856034,1.0827669782658964,14963.666666666666,1.68881974,1.6921559980000003,0.552716667856,0,True,113,11,{},KANIT YETERSİZ,SAMPLE_FLOOR_POSITIVE
DISCOVERY,L4_K4_F1,NORMAL,7,7,7,-0.2606750915499353,"[-1.0357834557447487, 0.7807327451160777]",-1.0357834557447487,0.2857142857142857,0.6449879000194358,0.6450418652996164,-45.58227709434992,-0.4558227709434992,1.0973084301999916,0.0,1.3085560960000002,1.3077723920000002,-0.29098860635,0,True,113,7,{},KANIT YETERSİZ,SAMPLE_FLOOR
DISCOVERY,L4_K4_F1,STRESS,7,7,7,-0.33232089335589565,"[-1.0303959280978168, 0.6152745127150147]",-1.0303959280978168,0.2857142857142857,0.5463868382936963,0.5458091683956102,-58.01125872532005,-0.5801125872532005,1.1134218731999863,0.0,1.1384440999999998,1.1389523080000001,-0.25178231732,0,True,113,7,{},KANIT YETERSİZ,SAMPLE_FLOOR
