,main_ret,pairs_ret,baseline_eq,dual_eq,A_eq,B_eq,dual_ret,B_pnl_usd
2023-04-30 00:00:00+00:00,-0.15204182862641824,0.0,8479.581713735817,9617.09247971212,2135.527858628278,7481.564621083843,-0.038290752028787955,0.0
2023-05-31 00:00:00+00:00,0.07538078852334151,0.0,9118.77926966533,9778.070253609083,2296.505632525241,7481.564621083843,0.01673871538997429,0.0
2023-06-30 00:00:00+00:00,0.3425140636859554,-0.021326303661940993,12242.089413173651,10405.10161110732,3083.0911089991464,7322.0105021081745,0.06412628885201554,-159.55411897566864
2023-07-31 00:00:00+00:00,-0.10461691807681028,0.2990438111197406,10961.359747946677,12272.16004674301,2760.5476190256404,9511.61242771737,0.1794368287228092,2189.601925609195
2023-08-31 00:00:00+00:00,0.14087628393484497,0.02159143221930641,12505.555376110393,12866.425071965896,3149.4433092191566,9716.98176274674,0.0484238327205162,205.36933502937063
2023-09-30 00:00:00+00:00,0.3125397046346037,0.0336158763217288,16414.037959651618,14177.39601074967,4133.7693908459405,10043.626619903729,0.10189084624914124,326.644857156989
2023-10-31 00:00:00+00:00,0.1595259862579239,0.029064698037352663,19032.503553640043,15128.754624694604,4793.213029883457,10335.541594811148,0.06710390351116602,291.9149749074186
2023-11-30 00:00:00+00:00,0.27783708995688317,0.23116100625433456,24320.43895557743,18849.661179700914,6124.945389649692,12724.715790051223,0.24594929637715768,2389.1741952400753
2023-12-31 00:00:00+00:00,1.283139079745843,-0.01845484762314052,55526.944616051995,26473.985279516397,13984.10218041834,12489.883099098057,0.4044806974051116,-234.8326909531661
2024-01-31 00:00:00+00:00,-0.11213887518558818,0.15073460939791333,49300.21550431547,26788.481440892097,12415.940691425894,14372.540749466203,0.01187944157463261,1882.6576503681463
2024-02-29 00:00:00+00:00,0.06967337668637175,0.053486982186254736,52735.127989866945,28422.28578463938,13281.001204135262,15141.284580504122,0.060989061561858904,768.7438310379184
2024-03-31 00:00:00+00:00,0.16345378869656524,0.062255819967463766,61354.88445720899,31535.748836058938,15451.831168634815,16083.917667424123,0.10954302110009051,942.633086920001
2024-04-30 00:00:00+00:00,-0.22464557666520657,0.05076328087717319,47571.78105709215,28881.035742804335,11980.645645223434,16900.3900975809,-0.0841810704117203,816.4724301567785
2024-05-31 00:00:00+00:00,0.22243845380976346,0.10913155613470012,58153.574480408315,33390.35790640299,14645.60193818961,18744.75596821338,0.15613436456212093,1844.3658706324786
2024-06-30 00:00:00+00:00,-0.0911511629485604,-0.011591304877551414,52852.80853690337,31838.118076372455,13310.638289441937,18527.47978693052,-0.04648766672048388,-217.27618128286122
2024-07-31 00:00:00+00:00,0.1069873809138635,-0.047097291808105145,58507.392096208554,32389.5942832578,14734.70861832112,17654.885664936683,0.01732125641228155,-872.5941219938359
2024-08-31 00:00:00+00:00,0.6341976320802087,-0.01691893024291296,95612.64162281233,41435.60981937723,24079.425933452214,17356.183885925013,0.27928770755845234,-298.7017790116697
2024-09-30 00:00:00+00:00,0.16591611746446522,0.0035661072871470923,111476.3199013907,45492.66869486144,28074.590795103766,17418.077899757674,0.09791237279164977,61.894013832661585
2024-10-31 00:00:00+00:00,0.30584465908722924,0.04618357875920115,145570.75695793045,54883.56151812077,36661.05444584574,18222.507072275035,0.20642650986795297,804.4291725173607
2024-11-30 00:00:00+00:00,0.03720307914179877,-0.2490705897854237,150986.4373497679,51708.77504423077,38024.95855581634,13683.816488414437,-0.057845853768833555,-4538.690583860598
2024-12-31 00:00:00+00:00,-0.13173270570268159,0.15492021794067828,131096.58543327457,48819.544202086174,33015.82788102632,15803.71632105985,-0.05587505872404064,2119.899832645413
2025-01-31 00:00:00+00:00,-0.013196472192533393,0.019924995024821514,129366.57298906827,48698.740716611544,32580.13542648089,16118.605290130658,-0.002474490236421878,314.88896907080743
2025-02-28 00:00:00+00:00,0.1016020135208957,-0.014879180284200702,142510.47728705555,51769.11644268374,35890.34278659481,15878.773656088932,0.0630483597910545,-239.83163404172592
2025-03-31 00:00:00+00:00,0.10124587059267287,0.2900632630552861,156939.0746285608,60008.71434398346,39524.09178789306,20484.622556090402,0.15916048925467385,4605.848900001471
2025-04-30 00:00:00+00:00,0.1121965182851905,-0.00403923199498569,174547.092384785,64360.43768813559,43958.55727487896,20401.880413256637,0.07251818992833403,-82.74214283376568
2025-05-31 00:00:00+00:00,-0.04755731464476165,-0.02734031284696643,166246.1013919135,61712.09295531956,41868.00633522776,19844.086620091806,-0.04114864391769413,-557.7937931648303
2025-06-30 00:00:00+00:00,0.1366505306680854,-0.04481145602367267,188963.7193686188,66544.135824137,47589.29161895139,18954.84420518561,0.07829977298478452,-889.2424149061953
2025-07-31 00:00:00+00:00,0.3463816064309364,-0.17288014353261374,254417.27604068565,79751.27491718887,64073.34689883408,15677.928018354789,0.19847187027803215,-3276.916186830822
2025-08-31 00:00:00+00:00,-0.14722318658464573,-0.029425526430366628,216961.15393979047,69856.86132632161,54640.2645932443,15216.596733077306,-0.12406589864727924,-461.3312852774834
2025-09-30 00:00:00+00:00,0.8779901575222819,-0.03989389644140705,407450.9116636032,117223.42650934329,102613.87911052602,14609.547398817267,0.6780517229618828,-607.0493342600384
2025-10-31 00:00:00+00:00,0.4254612156735864,0.0474420387839465,580805.4718673108,161574.7589750007,146272.10486187285,15302.65411312786,0.37834871225268607,693.106714310592
2025-11-30 00:00:00+00:00,0.11464043962695603,-0.00960569897683944,647389.266499921,178196.4646925686,163040.80326839816,15155.66142417046,0.10287315805397346,-146.99268895739988
2025-12-31 00:00:00+00:00,-0.09344720068191092,0.06365843411032751,586892.5517939879,163925.54370437565,147805.0966060362,16120.447098339448,-0.0800853205074169,964.7856741689884
2026-01-31 00:00:00+00:00,0.6069418223542902,-0.003911030339541617,943102.1867059905,253571.59083400658,237514.19129335572,16057.399540650866,0.5468705187966261,-63.047557688581946
2026-02-28 00:00:00+00:00,0.003940802933450005,0.009158514582289863,946818.7665699046,254654.6493836382,238450.18791514062,16204.461468497571,0.0042712140822613875,147.06192784670566
2026-03-31 00:00:00+00:00,0.015084696167262601,0.09854771594473358,961101.239989074,259848.51068519964,242047.1365508672,17801.37413433245,0.02039570576909777,1596.9126658348796
2026-04-30 00:00:00+00:00,-0.19923874588402368,-0.027305377890279682,769612.6342660708,211137.26950628165,193821.9686196534,17315.300886628254,-0.18746015149546313,-486.07324770419655
2026-05-31 00:00:00+00:00,0.33914589432825637,0.1410498450944227,1030623.5994005626,279313.5149020795,259555.89350762896,19757.62139445049,0.32290009980340995,2442.3205078222345
2026-06-30 00:00:00+00:00,0.05129227872271347,-0.026790998951405364,1083486.6323192222,292097.4017219347,272869.1067415452,19228.294980389503,0.0457689518687876,-529.3264140609863
2026-07-31 00:00:00+00:00,-0.2668689887892053,0.04664709466255323,794337.6503855699,220174.04323015452,200048.8041536153,20125.239076539227,-0.24623073696577547,896.9440961497239
