open_time,open,high,low,close,volume
1679529600000,1.3525,1.4913,1.2131,1.3229,1016091810.7
1679616000000,1.323,1.5675,1.17,1.2725,1875441255.0
1679702400000,1.2722,1.315,1.173,1.218,1089696480.7
1679788800000,1.2179,1.3474,1.2018,1.2816,991407079.4
1679875200000,1.2816,1.326,1.1142,1.1645,1080549204.2
1679961600000,1.1646,1.2252,1.108,1.2202,851718956.9
1680048000000,1.2201,1.2769,1.1925,1.2252,678626326.9
1680134400000,1.2253,1.43,1.2223,1.3798,1685215876.6
1680220800000,1.3798,1.4444,1.315,1.3899,1068616001.0
1680307200000,1.3899,1.4028,1.258,1.2928,585633915.4
1680393600000,1.2928,1.2982,1.1303,1.2004,1175947859.1
1680480000000,1.2004,1.23,1.0933,1.1521,1059957601.7
1680566400000,1.1521,1.265,1.1466,1.2337,692594624.7
1680652800000,1.2337,1.2898,1.2025,1.2418,596891926.1
1680739200000,1.2418,1.2444,1.1791,1.2145,376704481.7
1680825600000,1.2146,1.247,1.18,1.1963,337616616.9
1680912000000,1.1963,1.2097,1.151,1.1615,265520157.1
1680998400000,1.1614,1.1995,1.142,1.1809,327323805.5
1681084800000,1.1808,1.2543,1.1612,1.2421,450199348.8
1681171200000,1.2422,1.2597,1.2031,1.2164,380925186.3
1681257600000,1.2163,1.2198,1.1509,1.1929,504746450.0
1681344000000,1.193,1.3778,1.1769,1.3686,1203283275.7
1681430400000,1.3686,1.75,1.3679,1.6984,3051497773.3
1681516800000,1.6984,1.7487,1.6036,1.6548,1660713782.1
1681603200000,1.6548,1.7244,1.56,1.6969,1125327601.7
1681689600000,1.6968,1.7006,1.578,1.61,941577206.2
1681776000000,1.6101,1.8234,1.5839,1.6739,1602065168.4
1681862400000,1.6738,1.6985,1.444,1.4882,1404018074.3
1681948800000,1.4879,1.541,1.401,1.4416,1339347117.8
1682035200000,1.4416,1.503,1.408,1.4709,1403684370.3
1682121600000,1.4708,1.5,1.4201,1.4643,926162862.6
1682208000000,1.4643,1.4643,1.29,1.3396,966284681.7
1682294400000,1.3396,1.3676,1.2765,1.3376,1011093939.4
1682380800000,1.3376,1.3871,1.293,1.3787,922567691.2
1682467200000,1.3788,1.5039,1.3122,1.3834,1453428576.5
1682553600000,1.3835,1.4536,1.371,1.4226,985169553.8
1682640000000,1.4227,1.4437,1.3588,1.3795,572076466.9
1682726400000,1.3796,1.3943,1.323,1.3668,308890120.0
1682812800000,1.3668,1.425,1.3446,1.3673,431439183.7
1682899200000,1.3673,1.3876,1.285,1.3179,465711954.9
1682985600000,1.3179,1.359,1.3061,1.3477,354382568.3
1683072000000,1.3478,1.3632,1.2951,1.342,438541614.6
1683158400000,1.3419,1.3647,1.3058,1.3181,329064697.0
1683244800000,1.3181,1.3668,1.2854,1.3552,439787244.0
1683331200000,1.3551,1.3674,1.214,1.2389,547310067.0
1683417600000,1.2389,1.2594,1.2157,1.2189,297230041.4
1683504000000,1.2189,1.2298,0.9901,1.0939,775097146.4
1683590400000,1.0938,1.1195,1.0766,1.1024,415061876.2
1683676800000,1.1025,1.2044,1.0749,1.1699,810390065.3
1683763200000,1.17,1.1715,1.05,1.0881,596452775.9
1683849600000,1.0882,1.177,1.0603,1.1713,636133229.6
1683936000000,1.1713,1.1912,1.1433,1.1691,333522228.9
1684022400000,1.1691,1.2078,1.1407,1.1699,287456597.7
1684108800000,1.1699,1.2299,1.1467,1.1878,398116035.9
1684195200000,1.1878,1.2118,1.162,1.1796,297545322.4
1684281600000,1.1796,1.2122,1.1302,1.1979,392177871.2
1684368000000,1.1978,1.214,1.135,1.1551,344787557.3
1684454400000,1.1551,1.1731,1.1408,1.1628,230863847.1
1684540800000,1.1629,1.1685,1.1485,1.1631,122795834.0
1684627200000,1.1631,1.1706,1.1077,1.1267,182185655.5
1684713600000,1.1267,1.1399,1.1047,1.125,197998570.1
1684800000000,1.1249,1.1798,1.1182,1.1663,258997588.8
1684886400000,1.1662,1.1669,1.074,1.1086,332824227.3
1684972800000,1.1086,1.1156,1.0661,1.106,243223407.1
1685059200000,1.106,1.1798,1.1024,1.1572,433058467.2
1685145600000,1.1572,1.1787,1.15,1.1714,213457993.9
1685232000000,1.1715,1.26,1.1639,1.2473,344936142.0
1685318400000,1.2473,1.28,1.2023,1.2259,344688844.4
1685404800000,1.2258,1.2483,1.205,1.2174,251474859.7
1685491200000,1.2175,1.2359,1.131,1.1599,282618133.3
1685577600000,1.16,1.1677,1.1272,1.1453,187194084.9
1685664000000,1.1454,1.2581,1.1339,1.2403,407917176.4
1685750400000,1.2404,1.2563,1.2033,1.2152,217663346.9
1685836800000,1.2151,1.2352,1.2003,1.2063,147231243.4
1685923200000,1.2062,1.2062,1.0421,1.1347,441019115.0
1686009600000,1.1348,1.1988,1.1035,1.1889,379873165.1
1686096000000,1.1889,1.195,1.1151,1.1252,282430831.7
1686182400000,1.1252,1.1514,1.1044,1.1279,190610382.3
1686268800000,1.1279,1.153,1.1111,1.131,157961966.9
1686355200000,1.1309,1.1334,0.9238,0.9924,744037968.7
1686441600000,0.9924,1.0173,0.9733,0.9914,295985745.2
1686528000000,0.9915,0.9978,0.953,0.9782,333903464.1
1686614400000,0.9782,1.034,0.9677,0.9925,358828887.6
1686700800000,0.9925,1.0169,0.9126,0.9412,299235044.3
1686787200000,0.9412,0.96,0.9066,0.9496,302197592.4
1686873600000,0.9497,0.9861,0.92,0.9749,266221332.1
1686960000000,0.9749,1.0123,0.9656,0.9937,183882482.5
1687046400000,0.9936,1.0242,0.981,0.9938,223664754.1
1687132800000,0.9938,1.0177,0.9845,1.0069,219971102.9
1687219200000,1.0069,1.09,0.9813,1.083,358494610.6
1687305600000,1.0829,1.15,1.0756,1.1402,487103609.3
1687392000000,1.1403,1.1751,1.0818,1.0868,336472771.9
1687478400000,1.0867,1.1618,1.0858,1.1345,289972410.2
1687564800000,1.1347,1.1348,1.0535,1.0793,205454188.8
1687651200000,1.0793,1.1385,1.0726,1.1129,244878882.2
1687737600000,1.113,1.1767,1.08,1.139,465689405.5
1687824000000,1.1391,1.2444,1.1364,1.2061,522363472.4
1687910400000,1.2062,1.2076,1.0896,1.1204,422598562.6
1687996800000,1.1205,1.1681,1.1157,1.1287,282782398.2
1688083200000,1.1287,1.1981,1.057,1.1635,516962720.8
1688169600000,1.1635,1.1728,1.1324,1.1512,174571882.9
1688256000000,1.1513,1.1617,1.1142,1.1509,193330173.0
1688342400000,1.1509,1.184,1.147,1.1689,245360092.2
1688428800000,1.1689,1.198,1.1405,1.148,213811020.1
1688515200000,1.148,1.157,1.0908,1.1112,218865763.9
1688601600000,1.1111,1.1446,1.0644,1.0674,276473531.6
1688688000000,1.0676,1.1336,1.055,1.1312,274842908.5
1688774400000,1.1313,1.15,1.11,1.1241,156873703.4
1688860800000,1.1241,1.1422,1.1204,1.124,146077921.6
1688947200000,1.1239,1.144,1.0942,1.1189,195708988.5
1689033600000,1.119,1.1338,1.11,1.1267,114884410.0
1689120000000,1.1266,1.1389,1.1064,1.1212,163281399.3
1689206400000,1.1213,1.248,1.1113,1.2243,320459512.8
1689292800000,1.2241,1.3351,1.1652,1.2144,534804650.4
1689379200000,1.2143,1.3347,1.2035,1.271,406262246.6
1689465600000,1.271,1.31,1.23,1.2707,284287240.1
1689552000000,1.2706,1.3499,1.2491,1.3045,439838822.7
1689638400000,1.3045,1.3304,1.22,1.2444,340496259.0
1689724800000,1.2444,1.2971,1.231,1.2659,248899332.3
1689811200000,1.2659,1.312,1.2463,1.2608,252815060.6
1689897600000,1.2609,1.2984,1.2296,1.2327,203383020.5
1689984000000,1.2327,1.2517,1.21,1.2252,99452732.2
1690070400000,1.2252,1.2691,1.2159,1.2506,114136816.2
1690156800000,1.2505,1.2536,1.1631,1.1856,166714115.4
1690243200000,1.1856,1.1948,1.1541,1.168,116525256.9
1690329600000,1.1679,1.2061,1.148,1.1969,143099209.0
1690416000000,1.197,1.2086,1.1666,1.1723,98688926.4
1690502400000,1.1721,1.1807,1.155,1.173,88463452.0
1690588800000,1.1729,1.1836,1.1707,1.1815,43891557.0
1690675200000,1.1816,1.1892,1.1317,1.1575,100080577.8
1690761600000,1.1577,1.1947,1.1527,1.1689,140056888.7
1690848000000,1.1689,1.1754,1.12,1.1621,162983525.5
1690934400000,1.1622,1.1742,1.1221,1.1327,134658674.9
1691020800000,1.1326,1.1497,1.1175,1.1286,124271822.0
1691107200000,1.1287,1.166,1.1264,1.1572,141085116.9
1691193600000,1.1572,1.1594,1.1303,1.1367,81446616.9
1691280000000,1.1368,1.1471,1.1275,1.138,72284116.6
1691366400000,1.138,1.1545,1.1077,1.1342,131597623.9
1691452800000,1.1343,1.174,1.1313,1.1594,134668272.2
1691539200000,1.1594,1.1951,1.1593,1.1761,179214855.5
1691625600000,1.1762,1.1889,1.1543,1.1598,104936493.0
1691712000000,1.1599,1.1643,1.151,1.1585,52047234.4
1691798400000,1.1585,1.1689,1.1549,1.1636,38344381.6
1691884800000,1.1636,1.168,1.1384,1.1403,54925847.4
1691971200000,1.1402,1.153,1.1306,1.1414,73642600.5
1692057600000,1.1414,1.1665,1.111,1.1295,158451336.8
1692144000000,1.1295,1.1355,1.012,1.0487,225541171.7
1692230400000,1.0487,1.0671,0.8926,0.9836,295413365.4
1692316800000,0.9836,1.0259,0.9784,1.0065,152544091.4
1692403200000,1.0065,1.0325,1.0037,1.0204,71605368.5
1692489600000,1.0204,1.0405,1.0152,1.0285,62276970.6
1692576000000,1.0285,1.0335,0.9547,0.9936,122890662.3
1692662400000,0.9937,1.0043,0.9234,0.9812,165106289.2
1692748800000,0.9813,1.0264,0.9756,1.0082,135060372.9
1692835200000,1.0081,1.0138,0.9621,0.9804,101292652.2
1692921600000,0.9805,0.9806,0.9309,0.9487,135526415.9
1693008000000,0.9487,0.9551,0.9374,0.9501,65764833.4
1693094400000,0.9501,0.9644,0.9452,0.9581,78146914.3
1693180800000,0.958,0.9602,0.918,0.9492,122686829.4
1693267200000,0.9491,0.9965,0.9321,0.9704,194199389.9
1693353600000,0.9703,0.9716,0.9319,0.9418,112101964.4
1693440000000,0.9418,0.9593,0.8989,0.9157,169234589.9
1693526400000,0.9156,0.9286,0.8692,0.8842,153162589.1
1693612800000,0.8843,0.8971,0.8739,0.8877,78414459.6
1693699200000,0.8877,0.911,0.8783,0.9044,89829100.0
1693785600000,0.9045,0.9277,0.8826,0.8963,119769709.3
1693872000000,0.8963,0.9126,0.8829,0.9006,83571002.7
1693958400000,0.9007,0.9108,0.8755,0.9012,114621855.8
1694044800000,0.9013,0.9205,0.8963,0.9126,77801512.0
1694131200000,0.9125,0.9232,0.886,0.9013,69650953.9
1694217600000,0.9013,0.9029,0.8943,0.8977,31762700.6
1694304000000,0.8976,0.8982,0.8291,0.8437,167490227.6
1694390400000,0.8437,0.8484,0.7388,0.7617,416445909.3
1694476800000,0.7616,0.8057,0.753,0.7825,344285612.9
1694563200000,0.7826,0.8228,0.7724,0.7852,257762226.0
1694649600000,0.7853,0.8198,0.7814,0.8034,171097299.0
1694736000000,0.8034,0.8148,0.7827,0.8076,152405636.6
1694822400000,0.8075,0.8377,0.806,0.8276,149081575.9
1694908800000,0.8276,0.8279,0.7798,0.7943,122403559.6
1694995200000,0.7944,0.8409,0.7834,0.8232,172100886.4
1695081600000,0.8232,0.8644,0.8178,0.8637,53196965.0
1695168000000,0.8636,0.8706,0.8331,0.8601,172966374.0
1695254400000,0.8601,0.8657,0.8081,0.8217,147906962.2
1695340800000,0.8217,0.848,0.8147,0.8397,111692046.3
1695427200000,0.8397,0.8487,0.8163,0.8202,83877842.0
1695513600000,0.8203,0.8318,0.8003,0.8068,92657796.7
1695600000000,0.8068,0.8195,0.7973,0.8065,105919090.8
1695686400000,0.8066,0.8265,0.8046,0.826,121136830.6
1695772800000,0.826,0.8439,0.81,0.8182,138965705.3
1695859200000,0.8182,0.9027,0.8156,0.8922,244512079.0
1695945600000,0.8923,0.9137,0.8813,0.9015,277860060.1
1696032000000,0.9016,0.9242,0.891,0.907,148715595.8
1696118400000,0.9072,0.9857,0.9056,0.9688,248703995.2
1696204800000,0.9687,0.9885,0.9031,0.9309,281523506.4
1696291200000,0.931,0.9444,0.8973,0.9049,159126330.5
1696377600000,0.9049,0.907,0.8518,0.8831,219996347.9
1696464000000,0.883,0.8925,0.8517,0.8567,144682220.8
1696550400000,0.8567,0.8969,0.8564,0.8892,129955591.7
1696636800000,0.8891,0.8947,0.8644,0.8682,79102968.3
1696723200000,0.8682,0.8748,0.8364,0.8463,122461412.8
1696809600000,0.8463,0.8562,0.7834,0.8194,215254460.8
1696896000000,0.8194,0.8301,0.8102,0.8227,116529446.1
1696982400000,0.8227,0.8264,0.797,0.8157,125200038.6
1697068800000,0.8156,0.8289,0.782,0.8037,128217813.1
1697155200000,0.8038,0.8191,0.7972,0.8065,106423808.9
1697241600000,0.8066,0.813,0.8014,0.8027,46645642.8
1697328000000,0.8027,0.8108,0.7958,0.8033,71147043.3
1697414400000,0.8034,0.8475,0.8027,0.8189,155805189.3
1697500800000,0.8189,0.8209,0.7758,0.7833,112415080.3
1697587200000,0.7833,0.7978,0.7724,0.7821,98086819.8
1697673600000,0.7821,0.7846,0.7615,0.7689,115611110.4
1697760000000,0.7689,0.8108,0.7664,0.7996,151716009.5
1697846400000,0.7996,0.8413,0.7945,0.8323,133084555.0
1697932800000,0.8323,0.8529,0.8126,0.8527,154298318.5
1698019200000,0.8526,0.89,0.8277,0.884,247611901.5
1698105600000,0.884,0.9483,0.8601,0.8996,365891980.5
1698192000000,0.8997,0.9263,0.87,0.9229,247239039.6
1698278400000,0.9229,0.999,0.9057,0.9376,475225281.2
1698364800000,0.9376,0.939,0.879,0.9154,215590656.1
1698451200000,0.9154,0.936,0.9063,0.92,108910207.1
1698537600000,0.92,0.9583,0.9016,0.9489,154685844.8
1698624000000,0.9489,0.9697,0.9234,0.9657,187699184.7
1698710400000,0.9657,0.9844,0.9018,0.9455,225470061.6
1698796800000,0.9454,1.046,0.9217,1.0421,333630562.9
1698883200000,1.0421,1.0456,0.95,0.9908,305845436.4
1698969600000,0.9908,1.0788,0.9342,1.0607,343436538.9
1699056000000,1.0607,1.1189,1.0459,1.0969,260110791.5
1699142400000,1.0969,1.1167,1.055,1.0908,225313220.9
1699228800000,1.0909,1.1458,1.0633,1.125,248975168.4
1699315200000,1.125,1.1252,1.0445,1.0832,244481249.0
1699401600000,1.0833,1.1016,1.0604,1.0939,175993535.2
1699488000000,1.0939,1.2257,0.923,1.2087,530449837.4
1699574400000,1.2088,1.2265,1.121,1.1743,284397262.1
1699660800000,1.1743,1.1831,1.1126,1.1384,212877840.4
1699747200000,1.1385,1.1736,1.092,1.1569,210488545.3
1699833600000,1.1569,1.1991,1.1104,1.1153,315507685.2
1699920000000,1.1153,1.1172,1.0119,1.0773,257198764.1
1700006400000,1.0773,1.1516,1.0742,1.143,166136435.2
1700092800000,1.143,1.1814,1.06,1.0791,294726563.7
1700179200000,1.0791,1.1056,1.0001,1.043,236337317.6
1700265600000,1.0429,1.0463,0.98,1.033,146461618.7
1700352000000,1.0329,1.0508,1.0071,1.0468,142858724.2
1700438400000,1.0469,1.0752,1.0206,1.0273,222836092.1
1700524800000,1.0273,1.0526,0.9418,0.9502,244910841.4
1700611200000,0.9501,1.0365,0.9468,1.0193,151203659.0
1700697600000,1.0194,1.0475,1.0047,1.0169,106847443.8
1700784000000,1.017,1.0799,1.0142,1.0497,147779663.3
1700870400000,1.0498,1.0843,1.0435,1.067,90373410.4
1700956800000,1.0671,1.0731,1.0079,1.0374,130884332.0
1701043200000,1.0374,1.0428,0.9904,1.0176,144809868.2
1701129600000,1.0177,1.0318,0.9851,1.0176,128025815.3
1701216000000,1.0176,1.0304,0.9932,1.0079,116232307.1
1701302400000,1.0078,1.0175,0.998,1.0067,92034767.2
1701388800000,1.0067,1.049,1.0005,1.0341,143682556.0
1701475200000,1.0341,1.1241,1.0316,1.1117,204053105.8
1701561600000,1.1117,1.126,1.0826,1.0981,140672039.4
1701648000000,1.0981,1.1513,1.0006,1.0934,326368811.6
1701734400000,1.0935,1.1098,1.048,1.092,244968502.9
1701820800000,1.0921,1.1142,1.0504,1.0594,238091037.2
1701907200000,1.0595,1.2,1.035,1.1726,473450442.2
1701993600000,1.1726,1.1988,1.1486,1.1674,280175209.7
1702080000000,1.1674,1.2443,1.1222,1.14,426790435.0
1702166400000,1.14,1.1668,1.1125,1.1568,168299637.7
1702252800000,1.1569,1.1638,0.9891,1.0961,439027379.3
1702339200000,1.096,1.261,1.0948,1.2537,525243681.3
1702425600000,1.2537,1.2557,1.1079,1.187,465127547.1
1702512000000,1.187,1.2053,1.1028,1.1842,271883980.5
1702598400000,1.1842,1.1858,1.0885,1.1007,204580572.0
1702684800000,1.1007,1.1621,1.08,1.1255,172239855.6
1702771200000,1.1255,1.139,1.0897,1.1074,159124830.3
1702857600000,1.1073,1.117,1.0336,1.102,213684781.5
1702944000000,1.102,1.1256,1.0635,1.0744,164591001.0
1703030400000,1.0745,1.1336,1.0688,1.1061,173921061.0
1703116800000,1.1061,1.1643,1.0956,1.1596,227371328.3
1703203200000,1.1596,1.4442,1.1436,1.4208,866086401.1
1703289600000,1.4207,1.458,1.3072,1.3949,496952554.9
1703376000000,1.3948,1.4662,1.3267,1.3551,407608388.9
1703462400000,1.3552,1.4045,1.3373,1.3891,277583834.5
1703548800000,1.3891,1.4109,1.2193,1.3276,288175283.1
1703635200000,1.3277,1.5449,1.2678,1.5063,515241052.8
1703721600000,1.5063,1.6713,1.4664,1.4694,565338682.4
1703808000000,1.4695,1.5507,1.4193,1.5107,393213237.8
1703894400000,1.5107,1.5365,1.4315,1.4814,221397896.3
1703980800000,1.4815,1.669,1.48,1.5626,368861544.0
1704067200000,1.5625,1.7509,1.5129,1.7363,306463471.0
1704153600000,1.7363,1.8433,1.7004,1.7719,499098503.0
1704240000000,1.7719,2.0918,1.422,1.9142,1404163215.3
1704326400000,1.914,2.12,1.8111,2.0052,625938096.0
1704412800000,2.0052,2.0181,1.8181,1.9515,516270605.0
1704499200000,1.9514,1.9643,1.6872,1.7516,403708582.0
1704585600000,1.7516,1.8893,1.6711,1.7209,392128198.0
1704672000000,1.7211,1.8632,1.5673,1.8213,534040129.9
1704758400000,1.8213,1.85,1.616,1.8436,513028707.7
1704844800000,1.8435,2.2779,1.8286,2.2294,890774352.1
1704931200000,2.2294,2.3931,2.1311,2.259,563149729.2
1705017600000,2.2589,2.4074,2.0936,2.204,599410729.5
1705104000000,2.204,2.22,2.0704,2.1764,266992200.9
1705190400000,2.1762,2.196,2.0185,2.0313,217305895.9
1705276800000,2.0309,2.1754,2.0282,2.1102,211284427.6
1705363200000,2.1102,2.2063,2.0448,2.1517,253657150.7
1705449600000,2.1518,2.1659,1.999,2.0388,208536126.9
1705536000000,2.0388,2.0427,1.84,1.8924,279992140.7
1705622400000,1.8924,1.9045,1.7234,1.8565,289616753.6
1705708800000,1.8565,1.8566,1.7582,1.8167,159380300.6
1705795200000,1.8166,1.9024,1.7821,1.8163,175481385.5
1705881600000,1.8164,1.834,1.6518,1.6895,351072722.2
1705968000000,1.6895,1.7377,1.5432,1.6898,385408693.5
1706054400000,1.6899,1.7447,1.6325,1.7375,265891134.6
1706140800000,1.7375,1.7737,1.6374,1.7315,235930254.9
1706227200000,1.7315,1.8216,1.7115,1.8167,223290641.0
1706313600000,1.8167,1.8422,1.7718,1.7963,118220167.7
1706400000000,1.7962,1.897,1.7837,1.7983,186639916.0
1706486400000,1.7983,1.8595,1.77,1.8542,176489347.3
1706572800000,1.8542,1.9724,1.8362,1.8846,251711662.4
1706659200000,1.8846,1.8916,1.7418,1.7623,225054874.7
1706745600000,1.7623,1.7866,1.6903,1.784,181254501.4
1706832000000,1.784,1.8168,1.7567,1.7917,123808296.4
1706918400000,1.7917,1.8367,1.7626,1.7653,89528737.0
1707004800000,1.7653,1.7757,1.7201,1.7312,89952286.3
1707091200000,1.7312,1.7879,1.6972,1.7344,125839468.2
1707177600000,1.7345,1.8756,1.728,1.83,225527400.3
1707264000000,1.8299,1.9325,1.8083,1.8985,188640499.4
1707350400000,1.8985,1.9282,1.855,1.8616,147830879.8
1707436800000,1.8616,1.998,1.8616,1.9813,181654457.5
1707523200000,1.9814,2.0191,1.9345,1.96,105152529.8
1707609600000,1.9601,2.0109,1.9315,1.9424,96301762.5
1707696000000,1.9425,2.0849,1.9128,2.0778,195828869.7
1707782400000,2.0779,2.1111,1.983,2.0474,164420804.0
1707868800000,2.0475,2.1285,2.0147,2.1118,152156116.8
1707955200000,2.1119,2.1748,2.0368,2.0736,200042157.4
1708041600000,2.0737,2.0966,1.9591,2.0117,157464493.4
1708128000000,2.0118,2.02,1.9042,1.971,94615127.1
1708214400000,1.9712,2.0534,1.9443,2.0411,105919209.9
1708300800000,2.0412,2.1029,2.0155,2.0555,152032628.4
1708387200000,2.0555,2.0937,1.9001,2.0118,272210279.6
1708473600000,2.012,2.0198,1.8057,1.8781,212622614.8
1708560000000,1.8781,1.8987,1.7846,1.8097,200230303.3
1708646400000,1.8096,1.8308,1.7376,1.8002,178579578.2
1708732800000,1.8001,1.855,1.7523,1.846,110301173.7
1708819200000,1.846,1.907,1.8293,1.9067,130968304.8
1708905600000,1.9066,1.9578,1.8086,1.9302,187958579.9
1708992000000,1.9301,1.9583,1.8651,1.8983,181749960.2
1709078400000,1.8983,1.9885,1.7871,1.9018,333646704.0
1709164800000,1.9018,2.0999,1.8844,1.9463,388285040.2
1709251200000,1.9464,2.0162,1.9407,1.9904,163917313.6
1709337600000,1.9905,2.0288,1.9522,2.0286,195200889.3
1709424000000,2.0285,2.2,1.8239,2.0468,365922308.3
1709510400000,2.0469,2.075,1.9209,1.9844,274400000.2
1709596800000,1.9844,2.1845,1.7,1.9669,698299100.5
1709683200000,1.9672,2.1512,1.9245,2.0563,316451670.9
1709769600000,2.0563,2.1894,2.0181,2.1672,259543728.1
1709856000000,2.1673,2.2792,1.9946,2.1359,300753509.9
1709942400000,2.136,2.1685,2.0771,2.0991,131591264.1
1710028800000,2.0991,2.134,1.999,2.0697,187686519.1
1710115200000,2.0698,2.15,1.9322,2.0862,242514773.2
1710201600000,2.0863,2.1038,1.9,2.0195,278125808.8
1710288000000,2.0195,2.26,2.0194,2.1175,366222666.9
1710374400000,2.1175,2.12,1.93,2.0176,334693791.1
1710460800000,2.0177,2.0365,1.7851,1.89,379663252.7
1710547200000,1.89,1.9684,1.7152,1.7577,390801480.9
1710633600000,1.7577,1.7769,1.613,1.7376,309045101.1
1710720000000,1.7376,1.7413,1.6006,1.6249,361008491.8
1710806400000,1.6249,1.6769,1.4448,1.626,598438324.0
1710892800000,1.6259,1.767,1.5479,1.7474,517591703.6
1710979200000,1.7474,1.7999,1.6717,1.6855,300395879.9
1711065600000,1.6855,1.6991,1.5627,1.6055,246788347.9
1711152000000,1.6056,1.639,1.5803,1.5963,150062296.8
1711238400000,1.5963,1.6758,1.5865,1.6719,161163459.4
1711324800000,1.6719,1.752,1.6488,1.725,209031985.9
1711411200000,1.725,1.7594,1.6642,1.7024,195591275.7
1711497600000,1.7025,1.7422,1.6269,1.6562,230125968.1
1711584000000,1.6563,1.6981,1.6291,1.6685,148436886.3
1711670400000,1.6687,1.6709,1.6083,1.6454,129269794.0
1711756800000,1.6453,1.6795,1.6326,1.643,95426494.4
1711843200000,1.6429,1.6935,1.6337,1.6639,98050177.1
1711929600000,1.6638,1.6648,1.5316,1.569,205837498.4
1712016000000,1.5689,1.569,1.431,1.4493,311831480.0
1712102400000,1.4494,1.5059,1.3996,1.4804,208178930.7
1712188800000,1.4803,1.5131,1.436,1.4604,157207222.6
1712275200000,1.4604,1.4636,1.382,1.4342,175162265.2
1712361600000,1.4342,1.5034,1.427,1.4883,103745242.6
1712448000000,1.4883,1.533,1.4812,1.5298,102265341.5
1712534400000,1.5299,1.5802,1.4922,1.571,149982342.2
1712620800000,1.571,1.5932,1.4751,1.4849,214500023.0
1712707200000,1.4849,1.4994,1.4073,1.4675,179252034.0
1712793600000,1.4675,1.4833,1.411,1.4193,151680777.5
1712880000000,1.4194,1.4429,0.9407,1.1729,529774749.3
1712966400000,1.1729,1.1877,0.843,1.0308,667603986.8
1713052800000,1.0309,1.1887,0.9946,1.179,462134753.9
1713139200000,1.179,1.2692,1.1182,1.152,346079819.0
1713225600000,1.1521,1.17,1.09,1.1536,293688703.9
1713312000000,1.1535,1.1709,1.078,1.1052,250777920.0
1713398400000,1.1052,1.166,1.0789,1.138,188159077.4
1713484800000,1.138,1.1678,1.0405,1.119,239174643.8
1713571200000,1.1189,1.2222,1.1064,1.2153,153798338.8
1713657600000,1.2152,1.2287,1.1699,1.1887,129517114.9
1713744000000,1.1886,1.2389,1.1819,1.2082,132244426.1
1713830400000,1.2081,1.22,1.1646,1.1781,118184234.6
1713916800000,1.1782,1.2026,1.0986,1.1151,209001362.0
1714003200000,1.115,1.1234,1.0654,1.0889,182318361.8
1714089600000,1.0888,1.0937,1.0512,1.0646,157518086.5
1714176000000,1.0645,1.1285,0.9745,1.1249,265881754.6
1714262400000,1.1249,1.1699,1.095,1.1008,206013042.4
1714348800000,1.1008,1.1107,1.0331,1.0571,232263305.3
1714435200000,1.0571,1.0698,0.965,1.0218,302716829.7
1714521600000,1.0218,1.0573,0.9689,1.029,313034354.0
1714608000000,1.0291,1.0405,0.993,1.0282,191795465.5
1714694400000,1.0281,1.0772,1.0158,1.0645,170529265.1
1714780800000,1.0645,1.0862,1.0561,1.0609,123575085.9
1714867200000,1.0608,1.0947,1.0337,1.0702,162602198.9
1714953600000,1.07,1.1326,1.0529,1.0596,221953357.4
1715040000000,1.0596,1.0763,1.024,1.0249,167075465.0
1715126400000,1.0249,1.0453,1.007,1.0278,190084095.2
1715212800000,1.0278,1.0471,0.9977,1.0406,143491644.3
1715299200000,1.0405,1.0539,0.9832,0.9945,192043841.5
1715385600000,0.9945,1.0133,0.985,1.0001,95458917.7
1715472000000,1.0001,1.0116,0.9863,0.9969,68546785.1
1715558400000,0.9968,1.0047,0.95,0.9811,170042255.5
1715644800000,0.9811,0.9883,0.9311,0.9349,145338950.9
1715731200000,0.9349,0.9976,0.9233,0.9933,176547079.7
1715817600000,0.9933,0.999,0.9508,0.971,135553946.4
1715904000000,0.971,1.0734,0.9666,1.03,206982176.3
1715990400000,1.03,1.0333,1.0025,1.0176,130283566.3
1716076800000,1.0175,1.0281,0.9624,0.9711,136914258.6
1716163200000,0.9711,1.1289,0.9468,1.1273,365874435.8
1716249600000,1.1273,1.2354,1.1215,1.2035,486234974.1
1716336000000,1.2035,1.2131,1.1081,1.1421,261698761.6
1716422400000,1.1421,1.2605,1.0997,1.2036,611108651.8
1716508800000,1.2035,1.2357,1.1235,1.1584,264151728.1
1716595200000,1.1584,1.2107,1.1482,1.192,162845791.9
1716681600000,1.192,1.2321,1.1776,1.1935,250025293.7
1716768000000,1.1935,1.2766,1.1928,1.2308,257959857.7
1716854400000,1.2307,1.231,1.17,1.2009,216515675.0
1716940800000,1.2009,1.2118,1.1404,1.1416,170146621.2
1717027200000,1.1415,1.1579,1.1071,1.1291,162692334.7
1717113600000,1.1291,1.167,1.1093,1.12,139892432.4
1717200000000,1.12,1.1411,1.1155,1.1341,62890412.7
1717286400000,1.1341,1.1449,1.091,1.1134,111419380.6
1717372800000,1.1134,1.1413,1.1,1.1058,111948421.1
1717459200000,1.1059,1.117,1.071,1.1084,151091165.9
1717545600000,1.1084,1.1396,1.1015,1.1248,116293352.0
1717632000000,1.1247,1.1251,1.0747,1.0891,106845595.8
1717718400000,1.089,1.1064,0.8892,0.9986,297346976.9
1717804800000,0.9986,1.0076,0.9509,0.9679,165795836.8
1717891200000,0.9678,0.9883,0.9564,0.9793,91794227.8
1717977600000,0.9793,0.9836,0.9455,0.96,111165989.2
1718064000000,0.9599,0.9643,0.9115,0.9375,207516238.7
1718150400000,0.9375,0.9987,0.9123,0.9733,158021223.2
1718236800000,0.9732,0.9738,0.9215,0.9369,147280724.7
1718323200000,0.9368,0.9541,0.8696,0.912,174099912.2
1718409600000,0.9121,0.9385,0.9116,0.922,75504790.8
1718496000000,0.922,0.9372,0.8998,0.9242,68022579.4
1718582400000,0.9241,0.9295,0.833,0.8576,195524246.2
1718668800000,0.8575,0.8617,0.723,0.7943,344978655.9
1718755200000,0.7944,0.8345,0.7868,0.8127,144612545.5
1718841600000,0.8128,0.8485,0.7984,0.8008,163682235.1
1718928000000,0.8007,0.8103,0.7821,0.8017,170429928.9
1719014400000,0.8018,0.8104,0.7912,0.8046,60974548.7
1719100800000,0.8047,0.8152,0.7773,0.7838,76364712.8
1719187200000,0.7838,0.8202,0.7351,0.8199,220900583.3
1719273600000,0.8198,0.8463,0.8108,0.8293,117007885.3
1719360000000,0.8293,0.8389,0.7909,0.812,112431512.8
1719446400000,0.812,0.835,0.8008,0.8226,97673908.3
1719532800000,0.8226,0.8343,0.7908,0.7914,111072660.4
1719619200000,0.7914,0.8024,0.7761,0.7793,63639029.6
1719705600000,0.7793,0.8057,0.7686,0.8015,81168558.3
1719792000000,0.8015,0.8183,0.7767,0.7794,87108083.8
1719878400000,0.7794,0.7863,0.7717,0.7833,85270676.4
1719964800000,0.7832,0.7895,0.7501,0.764,160708334.8
1720051200000,0.7641,0.7682,0.6693,0.6788,262252541.5
1720137600000,0.6788,0.68,0.561,0.6223,576729518.9
1720224000000,0.6223,0.6989,0.6132,0.6928,190011650.2
1720310400000,0.6928,0.6984,0.6481,0.6502,206717284.6
1720396800000,0.6502,0.6881,0.5502,0.6672,377344211.0
1720483200000,0.6671,0.7152,0.6606,0.7099,168574727.2
1720569600000,0.7098,0.7316,0.6943,0.7133,159208636.5
1720656000000,0.7134,0.735,0.6899,0.6928,132160469.7
1720742400000,0.6928,0.7083,0.6787,0.6987,103091956.3
1720828800000,0.6987,0.7082,0.689,0.7001,94178479.8
1720915200000,0.7,0.7258,0.6932,0.7214,103346167.5
1721001600000,0.7213,0.7772,0.7179,0.773,162990058.2
1721088000000,0.773,0.7791,0.7208,0.7515,191488360.8
1721174400000,0.7514,0.7784,0.7403,0.7467,176331161.7
1721260800000,0.7468,0.7688,0.7259,0.7474,160190096.0
1721347200000,0.7474,0.7764,0.7229,0.7735,144812529.5
1721433600000,0.7735,0.7947,0.7647,0.7786,126320498.0
1721520000000,0.7785,0.8069,0.7514,0.8022,159474619.4
1721606400000,0.8023,0.8079,0.7547,0.7593,140549983.5
1721692800000,0.7593,0.828,0.7532,0.7987,391673293.4
1721779200000,0.7987,0.8003,0.7344,0.739,178887064.1
1721865600000,0.7389,0.7414,0.6716,0.6979,244362499.1
1721952000000,0.6978,0.7325,0.696,0.7262,118464096.1
1722038400000,0.7262,0.742,0.7053,0.7205,131179152.5
1722124800000,0.7205,0.7243,0.7048,0.7122,65793936.5
1722211200000,0.7122,0.7356,0.6962,0.7036,131625097.7
1722297600000,0.7036,0.7104,0.664,0.6776,101546897.3
1722384000000,0.6776,0.6878,0.652,0.6571,106280017.8
1722470400000,0.6572,0.6619,0.6127,0.6534,198114807.7
1722556800000,0.6533,0.6557,0.5935,0.603,187916221.3
1722643200000,0.603,0.627,0.5847,0.607,176111501.6
1722729600000,0.6069,0.6191,0.5512,0.5648,213378545.6
1722816000000,0.5647,0.5681,0.4281,0.4816,936232627.9
1722902400000,0.4815,0.5227,0.4807,0.5022,267082642.2
1722988800000,0.5022,0.5232,0.4756,0.4843,214570145.3
1723075200000,0.4843,0.5582,0.4773,0.5546,228885544.2
1723161600000,0.5546,0.5892,0.5354,0.5772,313911433.8
1723248000000,0.5772,0.5909,0.5603,0.577,182849971.8
1723334400000,0.577,0.5969,0.5477,0.5519,191207676.2
1723420800000,0.5519,0.5967,0.5448,0.5888,202346494.0
1723507200000,0.5888,0.5923,0.5658,0.5785,124901060.1
1723593600000,0.5786,0.5876,0.5539,0.5613,152201502.7
1723680000000,0.5613,0.5701,0.5304,0.5356,148132063.7
1723766400000,0.5356,0.5498,0.5207,0.5333,107322292.5
1723852800000,0.5332,0.5437,0.5304,0.5399,47543227.4
1723939200000,0.5399,0.554,0.5351,0.5365,69698327.2
1724025600000,0.5366,0.5424,0.526,0.5402,90957372.2
1724112000000,0.5402,0.5541,0.5264,0.5351,106545927.5
1724198400000,0.535,0.5594,0.5258,0.5527,116673988.6
1724284800000,0.5527,0.5686,0.5418,0.5615,117626281.1
1724371200000,0.5615,0.6091,0.5606,0.6026,170703562.2
1724457600000,0.6026,0.6363,0.5972,0.6214,158343485.7
1724544000000,0.6213,0.6218,0.5884,0.5973,120720729.1
1724630400000,0.5973,0.605,0.5681,0.5706,127923817.6
1724716800000,0.5706,0.5797,0.5117,0.5248,188577356.8
1724803200000,0.5248,0.5373,0.506,0.5215,200107173.5
1724889600000,0.5215,0.5337,0.5062,0.5125,120965696.2
1724976000000,0.5125,0.5164,0.4853,0.5136,143876224.6
1725062400000,0.5136,0.5195,0.5067,0.5137,50317709.6
1725148800000,0.5136,0.5141,0.4833,0.4895,98459540.0
1725235200000,0.4894,0.5221,0.4884,0.5162,101941443.1
1725321600000,0.5162,0.5209,0.4926,0.4938,100039641.0
1725408000000,0.4939,0.5137,0.4665,0.4969,143602987.1
1725494400000,0.4968,0.5025,0.4891,0.4969,98876379.0
1725580800000,0.4969,0.5075,0.468,0.4804,243421092.3
1725667200000,0.4803,0.505,0.4793,0.5009,97819923.8
1725753600000,0.501,0.516,0.4962,0.5084,98224028.3
1725840000000,0.5084,0.5322,0.5051,0.5237,121285519.5
1725926400000,0.5237,0.5406,0.5154,0.5332,108775351.6
1726012800000,0.5332,0.534,0.5006,0.5142,137052822.0
1726099200000,0.5143,0.5268,0.5101,0.5246,107756410.5
1726185600000,0.5247,0.5398,0.5159,0.5366,122621250.6
1726272000000,0.5367,0.5392,0.5247,0.5303,64969332.7
1726358400000,0.5304,0.5404,0.508,0.5106,108616368.7
1726444800000,0.5106,0.517,0.4972,0.5102,128166939.3
1726531200000,0.5101,0.5305,0.5043,0.5216,121803367.8
1726617600000,0.5217,0.5293,0.5005,0.5289,121404748.5
1726704000000,0.5289,0.5811,0.5289,0.5573,192554099.4
1726790400000,0.5572,0.588,0.5492,0.5771,161135295.7
1726876800000,0.5771,0.6231,0.5663,0.6155,161365482.1
1726963200000,0.6155,0.6214,0.5826,0.5995,148139823.9
1727049600000,0.5996,0.6236,0.5886,0.5985,147796397.4
1727136000000,0.5985,0.6179,0.5842,0.6139,158118161.1
1727222400000,0.614,0.6338,0.5952,0.5982,141546012.3
1727308800000,0.5983,0.6444,0.5871,0.6196,191053783.8
1727395200000,0.6197,0.6805,0.6176,0.6676,210687796.8
1727481600000,0.6675,0.6726,0.6328,0.6469,139098299.0
1727568000000,0.6471,0.6575,0.6311,0.6453,111484748.8
1727654400000,0.6453,0.6536,0.5981,0.6039,172897881.2
1727740800000,0.604,0.6291,0.5327,0.5502,283878212.2
1727827200000,0.5501,0.5635,0.5242,0.5314,194647162.6
1727913600000,0.5314,0.5433,0.514,0.5335,158924033.9
1728000000000,0.5335,0.5676,0.5312,0.5649,108244696.7
1728086400000,0.5649,0.5697,0.5422,0.55,73465579.2
1728172800000,0.5501,0.5637,0.5475,0.5595,74070861.0
1728259200000,0.5595,0.5755,0.5479,0.5489,146288726.7
1728345600000,0.5488,0.557,0.5342,0.5403,104171030.0
1728432000000,0.5403,0.5484,0.5143,0.5213,103040318.2
1728518400000,0.5212,0.5299,0.5059,0.5252,106253527.2
1728604800000,0.5253,0.5425,0.5226,0.5339,100713022.6
1728691200000,0.534,0.545,0.5287,0.5378,128297992.4
1728777600000,0.5377,0.5393,0.5176,0.5294,151586484.4
1728864000000,0.5293,0.569,0.5179,0.5648,196293279.1
1728950400000,0.5648,0.5834,0.543,0.5677,267901345.6
1729036800000,0.5677,0.5833,0.5545,0.5571,215008454.7
1729123200000,0.5571,0.566,0.5404,0.5467,142244632.2
1729209600000,0.5467,0.5719,0.5434,0.5633,113074353.6
1729296000000,0.5633,0.5721,0.5559,0.5659,80010796.7
1729382400000,0.5659,0.6198,0.5606,0.6128,212949064.6
1729468800000,0.6128,0.6169,0.58,0.5879,158558268.0
1729555200000,0.5879,0.6006,0.5723,0.5797,133978776.8
1729641600000,0.5797,0.5815,0.5425,0.5595,158502269.2
1729728000000,0.5595,0.5697,0.5515,0.5611,115279183.8
1729814400000,0.561,0.5625,0.4823,0.5064,275981864.5
1729900800000,0.5064,0.5197,0.4965,0.5142,143188567.0
1729987200000,0.5142,0.5246,0.5061,0.5192,81651166.4
1730073600000,0.5193,0.5297,0.5022,0.5225,162788213.9
1730160000000,0.5225,0.5509,0.5209,0.5476,171731445.9
1730246400000,0.5476,0.5702,0.5387,0.5573,213654759.1
1730332800000,0.5574,0.5613,0.5189,0.5268,158136684.0
1730419200000,0.5269,0.5448,0.5106,0.5195,146946028.5
1730505600000,0.5195,0.5256,0.5001,0.5042,95555919.3
1730592000000,0.5042,0.5053,0.4603,0.4819,260384389.3
1730678400000,0.4819,0.4916,0.4594,0.4731,165353057.6
1730764800000,0.4731,0.4962,0.4723,0.4903,136865443.8
1730851200000,0.4903,0.5564,0.4903,0.5488,297538849.2
1730937600000,0.5488,0.5942,0.5456,0.581,331329383.1
1731024000000,0.581,0.5985,0.5666,0.5918,239451436.4
1731110400000,0.5919,0.6245,0.5792,0.6199,253015306.2
1731196800000,0.6199,0.6565,0.596,0.6295,370873459.0
1731283200000,0.6295,0.6727,0.6101,0.6722,355494717.4
1731369600000,0.6722,0.6905,0.6036,0.6306,470950500.0
1731456000000,0.6306,0.645,0.5713,0.6126,432557014.2
1731542400000,0.6125,0.6365,0.5719,0.5806,273199204.2
1731628800000,0.5805,0.6134,0.5663,0.6069,233653955.6
1731715200000,0.6069,0.7643,0.602,0.7257,531135314.3
1731801600000,0.7258,0.733,0.6593,0.6746,377204796.3
1731888000000,0.6747,0.75,0.6711,0.7391,406288774.4
1731974400000,0.7391,0.7565,0.6747,0.6924,277716548.0
1732060800000,0.6925,0.7174,0.6482,0.6724,329107147.5
1732147200000,0.6724,0.8232,0.6492,0.7792,747566126.4
1732233600000,0.7792,0.8422,0.7561,0.8096,548372717.7
1732320000000,0.8096,0.8839,0.7993,0.856,534603224.3
1732406400000,0.856,0.9126,0.7954,0.8629,441997570.9
1732492800000,0.863,0.9562,0.823,0.9057,655802892.3
1732579200000,0.9057,0.928,0.83,0.8708,414302351.0
1732665600000,0.8707,0.9756,0.8483,0.9683,408012023.5
1732752000000,0.9682,0.9818,0.8875,0.9143,319841288.3
1732838400000,0.9142,0.9415,0.893,0.9312,199750661.0
1732924800000,0.9311,0.9884,0.921,0.9719,303330425.3
1733011200000,0.972,0.998,0.9433,0.9699,264466386.9
1733097600000,0.97,1.0531,0.8971,1.0277,552889572.9
1733184000000,1.0277,1.0874,0.9623,1.0458,440801254.7
1733270400000,1.0458,1.1895,1.0443,1.1368,497479432.2
1733356800000,1.1368,1.1616,1.07,1.1025,363699533.9
1733443200000,1.1026,1.2404,1.0926,1.1745,351893903.8
1733529600000,1.1745,1.187,1.1515,1.1641,143558699.9
1733616000000,1.1641,1.1882,1.1288,1.1594,141642458.6
1733702400000,1.1595,1.1625,0.8326,0.9598,566198097.3
1733788800000,0.9599,1.0156,0.8744,0.9381,538367830.2
1733875200000,0.9381,1.0222,0.892,0.9993,288164189.6
1733961600000,0.9992,1.1011,0.9912,1.0269,367068709.4
1734048000000,1.027,1.0764,1.0008,1.0339,305514422.5
1734134400000,1.0339,1.0512,0.9572,0.9835,237889238.9
1734220800000,0.9836,1.0218,0.956,1.0169,199436393.7
1734307200000,1.017,1.0552,0.964,1.0028,301704887.9
1734393600000,1.0028,1.0162,0.933,0.9481,268706392.3
1734480000000,0.9481,0.9554,0.84,0.8606,362009176.6
1734566400000,0.8607,0.8718,0.7513,0.7794,487657774.4
1734652800000,0.7795,0.8139,0.667,0.796,532113188.9
1734739200000,0.796,0.847,0.7319,0.7492,298768340.4
1734825600000,0.7491,0.7707,0.7202,0.7466,243706720.9
1734912000000,0.7466,0.8167,0.7252,0.8001,259346251.8
1734998400000,0.8001,0.8385,0.7809,0.8176,185218768.2
1735084800000,0.8176,0.8225,0.7875,0.805,142363034.8
1735171200000,0.8051,0.8108,0.737,0.753,172328004.0
1735257600000,0.753,0.7945,0.7478,0.7602,181027821.1
1735344000000,0.7602,0.7826,0.7481,0.7755,84379457.7
1735430400000,0.7755,0.783,0.688,0.7421,122605374.7
1735516800000,0.742,0.7713,0.7172,0.7329,175962557.2
1735603200000,0.7329,0.7591,0.7133,0.7218,120159902.4
1735689600000,0.7218,0.7505,0.7042,0.7459,95784009.1
1735776000000,0.7459,0.788,0.7459,0.776,132879171.3
1735862400000,0.7761,0.8383,0.7614,0.8346,144245044.7
1735948800000,0.8346,0.908,0.8244,0.8944,228253645.2
1736035200000,0.8945,0.9232,0.8766,0.9157,197295027.4
1736121600000,0.9157,0.9543,0.9028,0.9186,243266950.5
1736208000000,0.9186,0.9207,0.8168,0.8202,233438525.8
1736294400000,0.8201,0.8301,0.7507,0.7865,234653191.4
1736380800000,0.7865,0.7983,0.7303,0.7428,191864438.5
1736467200000,0.7429,0.774,0.73,0.7475,196410587.5
1736553600000,0.7474,0.7606,0.7244,0.7437,113434085.2
1736640000000,0.7438,0.7517,0.7189,0.73,117615878.3
1736726400000,0.7299,0.7496,0.643,0.7026,312579038.7
1736812800000,0.7027,0.7443,0.6972,0.7384,150342334.1
1736899200000,0.7384,0.7967,0.7174,0.7913,180885219.9
1736985600000,0.7913,0.7978,0.7461,0.7571,204922337.8
1737072000000,0.7571,0.8294,0.7571,0.815,187747450.6
1737158400000,0.8151,0.8347,0.7487,0.7667,232730467.3
1737244800000,0.7667,0.7948,0.6834,0.6977,518712499.9
1737331200000,0.6977,0.7619,0.665,0.6981,503215393.3
1737417600000,0.6981,0.7486,0.6703,0.722,258313877.2
1737504000000,0.722,0.7372,0.6957,0.7008,163374914.9
1737590400000,0.7009,0.7238,0.6826,0.72,225881313.7
1737676800000,0.7201,0.7422,0.6951,0.6989,169785345.6
1737763200000,0.6988,0.7113,0.6861,0.7004,105726358.1
1737849600000,0.7004,0.7168,0.6742,0.6752,120794115.3
1737936000000,0.6752,0.6777,0.6034,0.6431,328590053.3
1738022400000,0.643,0.6526,0.5846,0.5921,165169366.0
1738108800000,0.5922,0.6268,0.5898,0.605,174962405.7
1738195200000,0.605,0.6434,0.5988,0.6299,121333279.0
1738281600000,0.6299,0.674,0.6147,0.6412,175150989.4
1738368000000,0.6413,0.6526,0.5714,0.5775,300074389.0
1738454400000,0.5776,0.5909,0.463,0.4934,441773184.9
1738540800000,0.4934,0.5156,0.3488,0.5105,917669429.6
1738627200000,0.5104,0.5133,0.4519,0.4772,425468072.4
1738713600000,0.4773,0.4982,0.4636,0.4704,229124306.0
1738800000000,0.4704,0.4828,0.4414,0.4452,209122103.7
1738886400000,0.4452,0.4671,0.42,0.4323,264696508.4
1738972800000,0.4322,0.4533,0.4278,0.4497,112034773.6
1739059200000,0.4497,0.4677,0.4279,0.4486,144950558.3
1739145600000,0.4485,0.4805,0.4346,0.4722,152895858.8
1739232000000,0.4722,0.4936,0.4575,0.4625,161456186.4
1739318400000,0.4625,0.5093,0.4485,0.4937,228001181.9
1739404800000,0.4937,0.5035,0.4755,0.487,136956291.1
1739491200000,0.4871,0.5116,0.4834,0.4973,129318789.5
1739577600000,0.4974,0.4988,0.4707,0.4764,84933580.8
1739664000000,0.4765,0.4891,0.471,0.4737,109259713.6
1739750400000,0.4737,0.5144,0.4656,0.4966,206809101.8
1739836800000,0.4965,0.4985,0.4386,0.4602,304614579.2
1739923200000,0.4601,0.4743,0.4517,0.4708,169723662.4
1740009600000,0.4709,0.4958,0.4698,0.4904,189610320.8
1740096000000,0.4904,0.5102,0.4573,0.4678,287369640.5
1740182400000,0.4678,0.4866,0.4649,0.4763,126298979.8
1740268800000,0.4764,0.4905,0.4719,0.4779,119104981.7
1740355200000,0.478,0.4813,0.3999,0.4108,344253423.6
1740441600000,0.4107,0.4273,0.3801,0.4193,462078512.0
1740528000000,0.4194,0.4328,0.4031,0.4223,246316991.0
1740614400000,0.4223,0.4389,0.4114,0.4248,173741905.3
1740700800000,0.4248,0.4265,0.3832,0.4218,318191656.4
1740787200000,0.4219,0.4268,0.4025,0.4176,136907233.3
1740873600000,0.4176,0.4665,0.4087,0.4628,258987598.6
1740960000000,0.4629,0.4643,0.3824,0.3914,324462346.6
1741046400000,0.3914,0.3936,0.3492,0.3796,423639461.1
1741132800000,0.3795,0.4355,0.3745,0.4148,507661529.6
1741219200000,0.4147,0.429,0.3993,0.4035,233621384.0
1741305600000,0.4036,0.4161,0.3853,0.3946,264253708.3
1741392000000,0.3946,0.4038,0.3815,0.3977,125275212.1
1741478400000,0.3978,0.3994,0.3441,0.3492,224726485.3
1741564800000,0.3493,0.3723,0.3139,0.3201,397604375.3
1741651200000,0.3202,0.347,0.2944,0.3375,421736595.2
1741737600000,0.3374,0.3543,0.3261,0.3484,268385509.9
1741824000000,0.3483,0.3543,0.3305,0.3436,202600955.5
1741910400000,0.3436,0.3665,0.3422,0.3587,152392269.1
1741996800000,0.3587,0.3698,0.3565,0.364,96081488.3
1742083200000,0.3641,0.3651,0.3443,0.348,150042221.6
1742169600000,0.348,0.3758,0.348,0.3696,169319486.7
1742256000000,0.3696,0.3721,0.3516,0.3713,137892291.3
1742342400000,0.3714,0.3869,0.3667,0.3848,202961451.0
1742428800000,0.3849,0.3871,0.3663,0.3754,123650636.9
1742515200000,0.3754,0.3792,0.3576,0.3595,106786008.3
1742601600000,0.3595,0.3722,0.3589,0.3648,77968602.6
1742688000000,0.3647,0.3741,0.3622,0.3684,75267769.3
1742774400000,0.3684,0.3957,0.3612,0.3908,181597608.5
1742860800000,0.3908,0.3951,0.3835,0.3933,103341275.9
1742947200000,0.3933,0.4027,0.3775,0.3817,148988281.0
1743033600000,0.3817,0.3908,0.3737,0.3841,108792887.4
1743120000000,0.3841,0.3874,0.3414,0.3476,173771763.4
1743206400000,0.3476,0.3494,0.3259,0.3308,152616723.7
1743292800000,0.3308,0.3387,0.3252,0.3318,139026507.9
1743379200000,0.3319,0.3351,0.3177,0.3277,151794157.1
1743465600000,0.3277,0.3425,0.3273,0.3332,140135291.7
1743552000000,0.3332,0.339,0.3023,0.3069,268507894.3
1743638400000,0.3068,0.3168,0.2933,0.3104,242191685.7
1743724800000,0.3104,0.3181,0.3003,0.3124,183101513.7
1743811200000,0.3124,0.3152,0.3045,0.3088,67807510.1
1743897600000,0.3087,0.3089,0.2592,0.2679,322393396.3
1743984000000,0.2679,0.2856,0.242,0.2742,526524306.0
1744070400000,0.2743,0.2827,0.2604,0.2642,251814471.8
1744156800000,0.2642,0.3012,0.2554,0.2933,352390933.1
1744243200000,0.2933,0.2938,0.2748,0.286,228904499.8
1744329600000,0.286,0.2988,0.285,0.2948,186273865.7
1744416000000,0.2947,0.3122,0.2936,0.3108,147354729.6
1744502400000,0.3108,0.3168,0.2952,0.3004,203828289.0
1744588800000,0.3003,0.3126,0.2928,0.2956,242708751.1
1744675200000,0.2957,0.2969,0.2791,0.2795,173658224.4
1744761600000,0.2794,0.2842,0.2706,0.2786,235514153.7
1744848000000,0.2785,0.2867,0.2749,0.2823,157903304.5
1744934400000,0.2822,0.2932,0.2807,0.2907,122561055.1
1745020800000,0.2906,0.3042,0.2898,0.3004,122635104.2
1745107200000,0.3005,0.3073,0.2962,0.3044,117639417.8
1745193600000,0.3045,0.3149,0.2969,0.2992,150029174.7
1745280000000,0.2992,0.3246,0.2921,0.3221,213844173.8
1745366400000,0.3222,0.3436,0.3203,0.3389,236697595.4
1745452800000,0.3388,0.3444,0.3247,0.3421,185852245.3
1745539200000,0.3421,0.3529,0.335,0.3461,176138296.0
1745625600000,0.3462,0.3577,0.3421,0.3523,138410026.1
1745712000000,0.3524,0.3631,0.3322,0.3356,161235486.2
1745798400000,0.3355,0.3482,0.327,0.3357,172603067.3
1745884800000,0.3358,0.3427,0.3239,0.3277,137933890.7
1745971200000,0.3277,0.3348,0.3147,0.3257,156928108.8
1746057600000,0.3256,0.3447,0.3255,0.3392,139244844.2
1746144000000,0.3391,0.3454,0.3335,0.3386,131153942.1
1746230400000,0.3387,0.3397,0.3158,0.3195,136294114.4
1746316800000,0.3195,0.3229,0.3091,0.3103,133964519.9
1746403200000,0.3104,0.3209,0.3054,0.3109,127821198.8
1746489600000,0.3109,0.3122,0.2943,0.3083,164681483.1
1746576000000,0.3083,0.3132,0.2983,0.3107,252343143.7
1746662400000,0.3108,0.3677,0.3103,0.3624,342369589.6
1746748800000,0.3625,0.393,0.3599,0.3786,336315887.3
1746835200000,0.3786,0.497,0.3726,0.4841,649865995.8
1746921600000,0.484,0.5047,0.4398,0.4511,547452864.9
1747008000000,0.4511,0.4804,0.4151,0.4301,504883197.0
1747094400000,0.4301,0.4645,0.4064,0.4569,413041578.4
1747180800000,0.4569,0.4615,0.4203,0.4263,262287045.9
1747267200000,0.4263,0.4351,0.3871,0.3978,337214883.2
1747353600000,0.3979,0.4173,0.3852,0.3897,230015950.6
1747440000000,0.3896,0.3908,0.3684,0.3758,266097987.1
1747526400000,0.3758,0.4075,0.3651,0.395,311372171.6
1747612800000,0.3951,0.3998,0.3638,0.3917,279584071.6
1747699200000,0.3918,0.4018,0.3793,0.3934,242440630.4
1747785600000,0.3935,0.4197,0.3894,0.4109,388164422.0
1747872000000,0.411,0.4386,0.4095,0.4288,279164566.1
1747958400000,0.4288,0.4447,0.3878,0.3906,353049381.3
1748044800000,0.3907,0.4016,0.3879,0.3918,112510009.8
1748131200000,0.3918,0.3947,0.3749,0.3936,148237707.9
1748217600000,0.3936,0.4066,0.3865,0.392,165396983.8
1748304000000,0.392,0.4144,0.3794,0.4019,220293545.2
1748390400000,0.4019,0.4172,0.3891,0.4094,247040335.7
1748476800000,0.4094,0.4416,0.3933,0.396,437936924.4
1748563200000,0.396,0.3989,0.3309,0.3331,480366940.7
1748649600000,0.3331,0.3471,0.3192,0.3394,289105430.5
1748736000000,0.3393,0.3444,0.3297,0.3424,177654128.0
1748822400000,0.3425,0.3599,0.3328,0.3576,258307141.6
1748908800000,0.3576,0.3731,0.3554,0.3595,250118153.6
1748995200000,0.3596,0.3736,0.3543,0.3587,258603734.6
1749081600000,0.3587,0.3636,0.3168,0.323,353489037.4
1749168000000,0.323,0.3465,0.3221,0.3315,238274604.8
1749254400000,0.3316,0.3497,0.3311,0.3477,135709725.8
1749340800000,0.3477,0.3496,0.3373,0.3421,123165179.6
1749427200000,0.3421,0.3697,0.3355,0.3685,222676786.2
1749513600000,0.3686,0.419,0.3617,0.4142,465366390.8
1749600000000,0.4143,0.4265,0.3933,0.3973,388403438.1
1749686400000,0.3973,0.4013,0.3652,0.3658,325372190.8
1749772800000,0.3658,0.3663,0.3296,0.3485,521536261.2
1749859200000,0.3486,0.3498,0.3269,0.3331,228142127.5
1749945600000,0.3331,0.3362,0.3189,0.3275,280937120.9
1750032000000,0.3276,0.3419,0.3169,0.3183,409065965.1
1750118400000,0.3183,0.3262,0.2988,0.3032,437565239.9
1750204800000,0.3033,0.311,0.2897,0.3071,349466796.3
1750291200000,0.3071,0.3115,0.2963,0.3012,223680216.2
1750377600000,0.3013,0.3101,0.2832,0.2865,366005434.6
1750464000000,0.2864,0.2921,0.2673,0.2748,324725639.3
1750550400000,0.2748,0.2809,0.2523,0.2675,568631054.2
1750636800000,0.2676,0.3046,0.2642,0.3016,521234239.7
1750723200000,0.3015,0.3351,0.2982,0.3152,467899881.6
1750809600000,0.3153,0.325,0.3054,0.3087,375988843.8
1750896000000,0.3087,0.3155,0.2942,0.3036,420492317.3
1750982400000,0.3036,0.3152,0.2977,0.3055,315802471.4
1751068800000,0.3056,0.3136,0.3006,0.311,165005201.3
1751155200000,0.311,0.39,0.3048,0.3668,953464578.1
1751241600000,0.3669,0.3763,0.3359,0.3449,1378405061.0
1751328000000,0.3448,0.3463,0.321,0.3271,628117568.9
1751414400000,0.3271,0.3571,0.322,0.3477,843356991.3
1751500800000,0.3477,0.3634,0.3377,0.3435,540200251.6
1751587200000,0.3435,0.3474,0.3132,0.3241,517550822.1
1751673600000,0.3241,0.3324,0.32,0.328,276709355.2
1751760000000,0.328,0.339,0.3216,0.3343,271726969.6
1751846400000,0.3343,0.3386,0.3251,0.3285,286768823.0
1751932800000,0.3286,0.3424,0.3224,0.338,288203907.8
1752019200000,0.338,0.3586,0.3338,0.3553,397981858.6
1752105600000,0.3553,0.3995,0.351,0.3963,505474935.9
1752192000000,0.3964,0.4332,0.3886,0.4051,680955032.5
1752278400000,0.4052,0.4132,0.382,0.3996,340184835.6
1752364800000,0.3996,0.4215,0.3971,0.4103,357091353.0
1752451200000,0.4104,0.4337,0.3985,0.4025,541777406.4
1752537600000,0.4024,0.4438,0.3902,0.4367,556485270.1
1752624000000,0.4366,0.4586,0.4236,0.4404,717587904.4
1752710400000,0.4403,0.457,0.4276,0.4497,606126475.1
1752796800000,0.4498,0.4971,0.4393,0.4523,879832437.4
1752883200000,0.4524,0.4774,0.4375,0.4647,403186865.3
1752969600000,0.4648,0.5103,0.4573,0.4833,551805695.0
1753056000000,0.4833,0.5111,0.4741,0.4859,562622165.2
1753142400000,0.486,0.4937,0.4535,0.4825,686163950.9
1753228800000,0.4825,0.4838,0.4159,0.4335,701855273.6
1753315200000,0.4335,0.4493,0.4064,0.4307,610530934.3
1753401600000,0.4307,0.4444,0.4126,0.443,489496815.3
1753488000000,0.443,0.4577,0.4396,0.4486,270590344.2
1753574400000,0.4486,0.4632,0.446,0.4606,299588686.6
1753660800000,0.4605,0.479,0.4279,0.4341,557951083.2
1753747200000,0.4342,0.4505,0.4145,0.4247,444186929.8
1753833600000,0.4248,0.4264,0.392,0.4152,438396095.3
1753920000000,0.4153,0.4314,0.3949,0.3974,415534767.5
1754006400000,0.3975,0.3989,0.3665,0.3772,572272002.5
1754092800000,0.3771,0.3823,0.3607,0.3686,342716973.6
1754179200000,0.3686,0.3859,0.3633,0.3825,202240925.7
1754265600000,0.3826,0.4117,0.3819,0.4052,301859959.5
1754352000000,0.4053,0.4058,0.3748,0.3835,355939565.7
1754438400000,0.3834,0.3922,0.373,0.3887,271883031.8
1754524800000,0.3888,0.4191,0.386,0.4167,322709732.3
1754611200000,0.4168,0.4364,0.4101,0.4338,480442169.8
1754697600000,0.4339,0.4802,0.4334,0.4734,451389075.0
1754784000000,0.4735,0.4856,0.4487,0.4668,418780671.6
1754870400000,0.4668,0.4814,0.4328,0.4357,581415821.1
1754956800000,0.4356,0.48,0.4331,0.4774,491090863.1
1755043200000,0.4774,0.5828,0.4703,0.5714,1395917804.5
1755129600000,0.5715,0.5762,0.4896,0.5163,1305059171.1
1755216000000,0.5164,0.5365,0.4709,0.4811,944720467.0
1755302400000,0.4811,0.498,0.4715,0.4924,379743180.0
1755388800000,0.4925,0.5645,0.4853,0.536,954294997.2
1755475200000,0.5361,0.5436,0.5058,0.5111,1047739693.3
1755561600000,0.5111,0.5242,0.4717,0.4728,796766040.5
1755648000000,0.4728,0.519,0.4713,0.5133,839515820.4
1755734400000,0.5133,0.5206,0.4847,0.4961,533130882.8
1755820800000,0.496,0.6078,0.4736,0.587,1409228564.2
1755907200000,0.587,0.6146,0.5674,0.6131,697142258.3
1755993600000,0.613,0.6247,0.5648,0.5789,883880458.2
1756080000000,0.579,0.5916,0.51,0.5171,808619151.7
1756166400000,0.5171,0.5434,0.5131,0.5299,624241885.6
1756252800000,0.5299,0.533,0.4969,0.505,705562815.3
1756339200000,0.505,0.5364,0.4998,0.523,555743583.1
1756425600000,0.5231,0.5241,0.4835,0.4906,607815497.7
1756512000000,0.4906,0.5035,0.4792,0.4989,286481063.4
1756598400000,0.4989,0.518,0.4953,0.4961,290591612.5
1756684800000,0.4961,0.5137,0.466,0.4769,513333341.1
1756771200000,0.4769,0.5062,0.4746,0.5026,425009690.0
1756857600000,0.5026,0.5193,0.4922,0.51,338740027.8
1756944000000,0.51,0.5131,0.4779,0.4821,355528665.3
1757030400000,0.482,0.5118,0.4817,0.4944,495701396.1
1757116800000,0.4945,0.5002,0.4827,0.4882,202104908.4
1757203200000,0.4882,0.4991,0.4866,0.4959,187695314.1
1757289600000,0.496,0.516,0.4906,0.5131,388512652.3
1757376000000,0.5131,0.5392,0.5035,0.5123,515546610.1
1757462400000,0.5124,0.5264,0.5009,0.5125,426843504.5
1757548800000,0.5125,0.5325,0.5072,0.5297,353571349.0
1757635200000,0.5298,0.55,0.5207,0.5475,352579540.5
1757721600000,0.5475,0.5576,0.5309,0.5412,326009588.1
1757808000000,0.5413,0.5425,0.5065,0.5132,323706085.4
1757894400000,0.5131,0.5245,0.485,0.4921,489054840.3
1757980800000,0.4921,0.501,0.4832,0.4946,322504003.5
1758067200000,0.4946,0.5263,0.4838,0.5205,449990596.9
1758153600000,0.5205,0.5286,0.5121,0.524,318712208.8
1758240000000,0.524,0.5352,0.4842,0.4884,418543119.9
1758326400000,0.4884,0.4997,0.4858,0.4929,220521681.8
1758412800000,0.4928,0.499,0.4785,0.4803,246010231.8
1758499200000,0.4802,0.4827,0.413,0.4362,706193278.4
1758585600000,0.4363,0.4433,0.4214,0.4322,410945657.7
1758672000000,0.4322,0.4431,0.4204,0.4291,384846459.2
1758758400000,0.4292,0.4305,0.3986,0.4078,707466165.8
1758844800000,0.4078,0.4259,0.4018,0.4248,390842079.0
1758931200000,0.4248,0.4295,0.4181,0.4239,145102197.6
1759017600000,0.424,0.4324,0.4087,0.4299,183058675.0
1759104000000,0.43,0.4303,0.4086,0.4174,270860726.1
1759190400000,0.4173,0.4244,0.4027,0.4212,308157224.1
1759276800000,0.4213,0.4415,0.4158,0.435,307407488.4
1759363200000,0.4351,0.4565,0.4318,0.4525,342772006.0
1759449600000,0.4526,0.4605,0.4371,0.4499,325903042.8
1759536000000,0.45,0.4525,0.426,0.4339,212831156.6
1759622400000,0.434,0.4555,0.4292,0.4319,296555032.4
1759708800000,0.4319,0.4657,0.4271,0.4567,378034425.1
1759795200000,0.4567,0.4628,0.4196,0.4213,499221176.8
1759881600000,0.4212,0.4399,0.4168,0.4347,285852409.9
1759968000000,0.4347,0.436,0.4069,0.4177,308445048.4
1760054400000,0.4178,0.4315,0.1041,0.2959,1561758991.3
1760140800000,0.2958,0.3272,0.2885,0.3015,922086244.5
1760227200000,0.3016,0.3454,0.2954,0.3343,584564032.2
1760313600000,0.3343,0.3618,0.3282,0.3584,603907265.1
1760400000000,0.3583,0.3594,0.3219,0.3432,668390903.5
1760486400000,0.3431,0.3513,0.3211,0.3268,452392003.8
1760572800000,0.3268,0.336,0.3097,0.316,475824958.5
1760659200000,0.316,0.3197,0.2876,0.3037,582768250.8
1760745600000,0.3037,0.3133,0.3034,0.3091,204110852.9
1760832000000,0.3092,0.3223,0.304,0.3171,274214456.7
1760918400000,0.317,0.3286,0.3102,0.3219,253475832.0
1761004800000,0.3218,0.3351,0.3084,0.3108,417175624.6
1761091200000,0.3107,0.3127,0.291,0.301,403787688.3
1761177600000,0.301,0.3194,0.2998,0.3139,253202581.5
1761264000000,0.3139,0.3245,0.3114,0.3201,235631568.7
1761350400000,0.32,0.3224,0.3165,0.3201,124536961.6
1761436800000,0.3201,0.3373,0.314,0.3346,202174697.8
1761523200000,0.3346,0.3515,0.3284,0.3304,344859149.7
1761609600000,0.3303,0.3337,0.3069,0.3146,366132235.6
1761696000000,0.3146,0.329,0.3077,0.3174,395286496.7
1761782400000,0.3175,0.3219,0.2789,0.29,532939002.6
1761868800000,0.2899,0.3001,0.285,0.2952,329735673.9
1761955200000,0.2952,0.3086,0.2933,0.3068,186241384.4
1762041600000,0.3068,0.3138,0.296,0.3073,208751939.4
1762128000000,0.3073,0.3085,0.2534,0.2611,717714650.6
1762214400000,0.2612,0.2719,0.234,0.2547,999765881.7
1762300800000,0.2547,0.2715,0.2419,0.2696,464759430.1
1762387200000,0.2696,0.27,0.253,0.2645,397299887.2
1762473600000,0.2646,0.3055,0.2629,0.2995,538555969.0
1762560000000,0.2995,0.3132,0.2871,0.2979,310609205.9
1762646400000,0.2978,0.3031,0.284,0.2992,239696047.4
1762732800000,0.2992,0.3118,0.2914,0.3067,343817663.5
1762819200000,0.3068,0.3138,0.2742,0.2755,380809837.9
1762905600000,0.2754,0.2805,0.2564,0.2592,452124567.3
1762992000000,0.2592,0.2707,0.2386,0.2445,475972142.3
1763078400000,0.2444,0.2492,0.2303,0.2374,641071427.2
1763164800000,0.2374,0.2492,0.2371,0.241,225573135.6
1763251200000,0.241,0.2472,0.2276,0.2357,409937052.5
1763337600000,0.2356,0.2429,0.2218,0.2269,507086199.9
1763424000000,0.227,0.2401,0.222,0.2373,456269227.1
1763510400000,0.2372,0.2389,0.2174,0.2295,483403801.6
1763596800000,0.2294,0.2413,0.2109,0.215,672524344.4
1763683200000,0.215,0.2198,0.1839,0.2019,1016934875.1
1763769600000,0.2019,0.2045,0.1952,0.2001,344378714.3
1763856000000,0.2001,0.2053,0.1986,0.2007,219859848.0
1763942400000,0.2007,0.2215,0.1992,0.2173,468132546.1
1764028800000,0.2173,0.2204,0.2087,0.2162,270553938.1
1764115200000,0.2162,0.2229,0.2085,0.2186,323593484.7
1764201600000,0.2185,0.2251,0.2159,0.2205,185069600.4
1764288000000,0.2206,0.2251,0.2144,0.2166,288903106.7
1764374400000,0.2166,0.2199,0.2118,0.2143,170588302.7
1764460800000,0.2143,0.2204,0.2099,0.2104,216388512.5
1764547200000,0.2104,0.2113,0.1862,0.1935,536335681.9
1764633600000,0.1935,0.218,0.1914,0.2126,430816268.7
1764720000000,0.2126,0.2254,0.2104,0.2225,364052101.1
1764806400000,0.2226,0.2249,0.2126,0.2158,276293789.3
1764892800000,0.2157,0.2176,0.1984,0.2022,315629168.4
1764979200000,0.2023,0.2095,0.1992,0.2073,186877164.1
1765065600000,0.2072,0.2132,0.1984,0.204,325965424.4
1765152000000,0.2041,0.2162,0.2028,0.2123,308030129.4
1765238400000,0.2123,0.2303,0.2088,0.2224,401976139.4
1765324800000,0.2225,0.2297,0.2153,0.2163,365586525.8
1765411200000,0.2162,0.2165,0.2024,0.2125,328515402.5
1765497600000,0.2125,0.2166,0.1976,0.2057,334280238.3
1765584000000,0.2056,0.2184,0.2055,0.2151,184732235.4
1765670400000,0.2151,0.2182,0.2016,0.2046,243436713.3
1765756800000,0.2046,0.2155,0.1898,0.197,520591513.8
1765843200000,0.197,0.204,0.1912,0.2003,321165921.0
1765929600000,0.2003,0.2048,0.1822,0.1847,459358821.6
1766016000000,0.1846,0.1939,0.1718,0.1757,576555340.9
1766102400000,0.1758,0.1952,0.1731,0.1925,401992059.8
1766188800000,0.1925,0.194,0.1881,0.1896,190693620.6
1766275200000,0.1895,0.1917,0.1824,0.1859,242960116.8
1766361600000,0.186,0.193,0.1843,0.1875,364537272.1
1766448000000,0.1874,0.1911,0.1804,0.1909,302780374.8
1766534400000,0.1909,0.1925,0.1814,0.1877,277694320.5
1766620800000,0.1877,0.1917,0.1835,0.1843,240126862.9
1766707200000,0.1842,0.1939,0.1827,0.1916,319597472.0
1766793600000,0.1916,0.1982,0.1902,0.1971,133392883.2
1766880000000,0.197,0.1991,0.1923,0.1949,145043855.2
1766966400000,0.1948,0.1997,0.1887,0.1904,307077029.9
1767052800000,0.1904,0.1949,0.1883,0.1908,192428170.1
1767139200000,0.1908,0.1929,0.1836,0.1868,194963209.4
1767225600000,0.1868,0.2023,0.1849,0.2012,216212846.5
1767312000000,0.2012,0.2104,0.1985,0.2089,301507391.3
1767398400000,0.2088,0.2115,0.2038,0.2089,169945381.1
1767484800000,0.2089,0.2183,0.2084,0.2162,230756074.5
1767571200000,0.2161,0.2232,0.2112,0.2208,354855326.6
1767657600000,0.2209,0.2276,0.2112,0.2222,373021238.4
1767744000000,0.2222,0.2224,0.2099,0.2127,319657691.0
1767830400000,0.2126,0.2139,0.2034,0.2089,308738149.2
1767916800000,0.2089,0.2136,0.2045,0.2074,278215714.6
1768003200000,0.2074,0.2133,0.2046,0.2068,160369736.9
1768089600000,0.2069,0.2101,0.2007,0.2042,162550342.4
1768176000000,0.2042,0.2112,0.199,0.2006,303776926.4
1768262400000,0.2007,0.2261,0.2006,0.2214,401289017.2
1768348800000,0.2214,0.2249,0.2154,0.2174,381881707.0
1768435200000,0.2173,0.2186,0.205,0.2099,302133860.2
1768521600000,0.2099,0.211,0.2031,0.2096,214814478.2
1768608000000,0.2097,0.224,0.209,0.2164,265277600.1
1768694400000,0.2163,0.2208,0.2058,0.206,246803729.6
1768780800000,0.2059,0.2059,0.1852,0.1933,596152582.4
1768867200000,0.1934,0.1946,0.1788,0.1819,470485416.6
1768953600000,0.1818,0.1904,0.1791,0.1849,525483495.2
1769040000000,0.185,0.1887,0.1746,0.1775,403914753.7
1769126400000,0.1776,0.1825,0.1732,0.1767,362405319.8
1769212800000,0.1766,0.1811,0.1751,0.1763,153099271.4
1769299200000,0.1763,0.1771,0.163,0.1673,397839333.8
1769385600000,0.1673,0.1733,0.1668,0.17,326066616.1
1769472000000,0.17,0.1731,0.1662,0.1714,258456534.9
1769558400000,0.1715,0.1731,0.1667,0.1716,315281503.8
1769644800000,0.1716,0.1724,0.1539,0.1583,486509754.7
1769731200000,0.1583,0.1592,0.1507,0.1552,519624299.5
1769817600000,0.1551,0.1554,0.1255,0.1401,926468242.2
1769904000000,0.14,0.1419,0.1313,0.1351,534057449.3
1769990400000,0.1352,0.1407,0.1286,0.1371,557924431.4
1770076800000,0.1371,0.1379,0.1241,0.1302,784273092.4
1770163200000,0.1302,0.1363,0.1262,0.1283,699442479.0
1770249600000,0.1283,0.1297,0.106,0.1077,1332946600.6
1770336000000,0.1077,0.122,0.0942,0.1202,1488211424.3
1770422400000,0.1202,0.1256,0.1148,0.1199,703407598.7
1770508800000,0.12,0.1203,0.1148,0.1165,332857880.4
1770595200000,0.1164,0.1178,0.1079,0.1131,501741415.7
1770681600000,0.1131,0.1135,0.1078,0.1099,427860882.1
1770768000000,0.1099,0.1128,0.1048,0.1083,594480084.9
1770854400000,0.1082,0.1131,0.1079,0.1116,461981715.5
1770940800000,0.1117,0.1166,0.1082,0.1154,411609800.5
1771027200000,0.1155,0.1223,0.1148,0.1204,267196923.2
1771113600000,0.1204,0.1215,0.112,0.1146,358098551.2
1771200000000,0.1145,0.1172,0.1114,0.1151,328279957.0
1771286400000,0.1152,0.1159,0.1112,0.1127,301058204.5
1771372800000,0.1128,0.1144,0.1068,0.1077,320997752.6
1771459200000,0.1077,0.1085,0.0971,0.0978,704170546.4
1771545600000,0.0979,0.0986,0.0925,0.0969,1070362971.3
1771632000000,0.097,0.105,0.0958,0.0983,678674245.1
1771718400000,0.0983,0.0983,0.0931,0.0944,367342102.8
1771804800000,0.0944,0.0963,0.0881,0.0936,766982070.8
1771891200000,0.0936,0.0941,0.0897,0.0921,501102305.5
1771977600000,0.092,0.1069,0.0912,0.1007,884268989.5
1772064000000,0.1007,0.1018,0.0953,0.1,701299247.7
1772150400000,0.1,0.113,0.0973,0.1003,1033389377.2
1772236800000,0.1002,0.1009,0.0909,0.0996,876611872.0
1772323200000,0.0996,0.1052,0.0957,0.0995,641298856.4
1772409600000,0.0995,0.1087,0.0984,0.1018,649217445.2
1772496000000,0.1019,0.1045,0.0987,0.1026,510563597.8
1772582400000,0.1026,0.1074,0.1009,0.1047,586974192.2
1772668800000,0.1047,0.106,0.1005,0.1029,465183642.5
1772755200000,0.1028,0.1051,0.0978,0.0999,390478208.2
1772841600000,0.1,0.1007,0.0957,0.0968,238455072.0
1772928000000,0.0967,0.0973,0.0933,0.0944,376521885.1
1773014400000,0.0944,0.1011,0.0941,0.0975,466113937.0
1773100800000,0.0974,0.1022,0.0971,0.0983,419537848.6
1773187200000,0.0983,0.1034,0.0969,0.1,378685482.6
1773273600000,0.1,0.1015,0.0973,0.1009,376800199.7
1773360000000,0.1009,0.1073,0.1006,0.1026,472333287.2
1773446400000,0.1026,0.1035,0.0993,0.1009,224604171.3
1773532800000,0.1009,0.1046,0.1001,0.1039,304178023.0
1773619200000,0.1039,0.1115,0.1032,0.1103,567019583.2
1773705600000,0.1104,0.1112,0.1067,0.1079,364247744.0
1773792000000,0.1079,0.1093,0.1001,0.1028,377705213.3
1773878400000,0.1029,0.1038,0.0976,0.0992,310100162.6
1773964800000,0.0993,0.1015,0.0984,0.0998,270092778.7
1774051200000,0.0998,0.1007,0.0956,0.0963,190263416.9
1774137600000,0.0962,0.0972,0.091,0.0925,417157514.4
1774224000000,0.0924,0.0977,0.0912,0.0976,687082501.9
1774310400000,0.0976,0.0985,0.0946,0.0975,503957007.5
1774396800000,0.0976,0.1,0.0968,0.0987,313122899.1
1774483200000,0.0987,0.0993,0.0924,0.0938,394373032.0
1774569600000,0.0937,0.0951,0.0893,0.0899,365966502.7
1774656000000,0.0899,0.0924,0.0885,0.0898,254153193.7
1774742400000,0.0897,0.0908,0.0855,0.0883,318366550.0
1774828800000,0.0883,0.0937,0.0881,0.0911,465036969.4
1774915200000,0.0911,0.094,0.0906,0.0929,371502580.2
1775001600000,0.0929,0.0969,0.0921,0.0944,374585298.8
1775088000000,0.0943,0.0955,0.0895,0.0907,422754237.5
1775174400000,0.0908,0.0948,0.0906,0.0923,388220632.0
1775260800000,0.0922,0.0938,0.0913,0.0926,240212294.0
1775347200000,0.0927,0.0947,0.0896,0.0942,265442954.3
1775433600000,0.0942,0.0989,0.093,0.0936,428045954.3
1775520000000,0.0935,0.103,0.0925,0.102,552918642.3
1775606400000,0.102,0.1065,0.0996,0.1054,509878700.7
1775692800000,0.1055,0.1102,0.1004,0.1078,580285774.2
1775779200000,0.1079,0.1166,0.1071,0.1165,829158650.5
1775865600000,0.1165,0.1226,0.1132,0.1156,792238479.9
1775952000000,0.1155,0.1161,0.109,0.1109,328268901.3
1776038400000,0.1108,0.1138,0.1097,0.1134,285344217.1
1776124800000,0.1135,0.1137,0.1089,0.1101,311704001.5
1776211200000,0.1101,0.1175,0.11,0.1149,395808297.6
1776297600000,0.1149,0.1333,0.1141,0.1289,652761012.0
1776384000000,0.1288,0.1367,0.126,0.1313,621828624.5
1776470400000,0.1312,0.1343,0.1257,0.129,310404586.8
1776556800000,0.1291,0.1292,0.1211,0.1215,291378584.3
1776643200000,0.1216,0.1294,0.1212,0.1271,335530802.6
1776729600000,0.1271,0.1289,0.1226,0.1252,285817726.6
1776816000000,0.1252,0.1338,0.1239,0.1284,332136030.5
1776902400000,0.1285,0.1293,0.1233,0.1284,343881964.5
1776988800000,0.1284,0.1324,0.1273,0.1286,277727627.4
1777075200000,0.1286,0.133,0.1272,0.1292,218120129.1
1777161600000,0.1292,0.1327,0.1277,0.1294,208141916.5
1777248000000,0.1293,0.1329,0.1232,0.1265,277354881.2
1777334400000,0.1266,0.1275,0.1229,0.1243,218111372.5
1777420800000,0.1243,0.1328,0.1205,0.1253,368592433.0
1777507200000,0.1253,0.129,0.1233,0.1237,244771006.3
1777593600000,0.1236,0.1274,0.1226,0.1235,239365228.9
1777680000000,0.1235,0.1245,0.1215,0.1226,166868031.9
1777766400000,0.1226,0.1229,0.1166,0.1172,300579465.8
1777852800000,0.1172,0.1205,0.1137,0.1163,436505943.7
1777939200000,0.1163,0.1215,0.116,0.1197,223456004.7
1778025600000,0.1197,0.1292,0.1182,0.128,396490926.5
1778112000000,0.128,0.1304,0.1227,0.1266,430127158.5
1778198400000,0.1266,0.1476,0.1264,0.1425,727037813.9
1778284800000,0.1425,0.1495,0.1384,0.1423,474144713.8
1778371200000,0.1424,0.146,0.1386,0.1439,346692505.8
1778457600000,0.1439,0.1448,0.1395,0.1409,210489283.6
1778544000000,0.1409,0.142,0.134,0.1362,233882668.7
1778630400000,0.1362,0.1433,0.1308,0.1319,263209432.7
1778716800000,0.1319,0.1358,0.1283,0.1313,247248540.0
1778803200000,0.1313,0.1326,0.1223,0.1247,263700805.4
1778889600000,0.1247,0.125,0.1177,0.1194,172465188.7
1778976000000,0.1194,0.1224,0.1125,0.1164,280376467.0
1779062400000,0.1164,0.1179,0.1139,0.1176,284486396.1
1779148800000,0.1176,0.1187,0.1131,0.1135,173692400.7
1779235200000,0.1135,0.1146,0.1096,0.1099,323035505.0
1779321600000,0.1099,0.1158,0.1083,0.1128,445582873.0
1779408000000,0.1128,0.1157,0.1079,0.1086,395649906.8
1779494400000,0.1086,0.1122,0.1028,0.1094,370941991.5
1779580800000,0.1094,0.11,0.1034,0.1056,246232346.9
1779667200000,0.1056,0.111,0.1045,0.1084,258797561.2
1779753600000,0.1084,0.113,0.1063,0.1086,403880902.9
1779840000000,0.1087,0.1111,0.1056,0.1072,311719601.2
1779926400000,0.1071,0.1075,0.1005,0.1044,367648193.0
1780012800000,0.1043,0.1066,0.1004,0.103,357194329.6
1780099200000,0.1031,0.1069,0.1028,0.1032,180678677.2
1780185600000,0.1033,0.1051,0.1001,0.1035,240574872.9
1780272000000,0.1035,0.1043,0.0982,0.1024,434283555.2
1780358400000,0.1024,0.1027,0.0908,0.0928,596231644.7
1780444800000,0.0928,0.098,0.0892,0.0928,583578776.8
1780531200000,0.0928,0.094,0.0851,0.0893,580528259.2
1780617600000,0.0892,0.0898,0.077,0.0803,931240194.9
1780704000000,0.0802,0.0812,0.0739,0.0798,437667273.5
1780790400000,0.0799,0.0853,0.0792,0.083,449230313.3
1780876800000,0.083,0.0846,0.0808,0.082,336461312.4
1780963200000,0.082,0.0823,0.0777,0.0803,393637324.2
1781049600000,0.0803,0.08173,0.07552,0.07746,594936899.6
1781136000000,0.07747,0.08659,0.07741,0.08352,871046285.9
1781222400000,0.08353,0.08548,0.08182,0.08391,318912531.3
1781308800000,0.08391,0.0869,0.08371,0.08521,181836862.0
1781395200000,0.08521,0.08608,0.08154,0.08578,291890100.5
1781481600000,0.08579,0.08989,0.08485,0.08618,356477615.7
1781568000000,0.08619,0.08801,0.08354,0.0856,273450705.3
1781654400000,0.0856,0.08984,0.08385,0.08563,383830356.1
1781740800000,0.08564,0.08777,0.08117,0.08527,342681324.3
1781827200000,0.08526,0.08662,0.08203,0.08387,263368381.6
1781913600000,0.08387,0.0851,0.08174,0.08457,198543678.4
1782000000000,0.08458,0.0848,0.08151,0.08179,183117344.0
1782086400000,0.08177,0.08694,0.08173,0.08318,292030704.7
1782172800000,0.08317,0.08338,0.0765,0.07904,372807487.2
1782259200000,0.07904,0.07939,0.07264,0.07603,392040919.3
1782345600000,0.07603,0.07743,0.0704,0.07322,346983937.7
1782432000000,0.07323,0.07502,0.07045,0.07432,365684620.4
1782518400000,0.07431,0.07586,0.0727,0.07339,204012194.8
1782604800000,0.07339,0.07458,0.0723,0.07386,148950532.6
1782691200000,0.07386,0.07832,0.07297,0.07676,402832503.5
1782777600000,0.07676,0.07689,0.07347,0.07605,241741400.0
1782864000000,0.07606,0.0793,0.07482,0.07667,318912769.2
1782950400000,0.07667,0.07958,0.07629,0.07724,322878956.6
1783036800000,0.07724,0.08154,0.07654,0.081,257393929.3
1783123200000,0.08099,0.08211,0.07901,0.08031,206335027.6
1783209600000,0.08031,0.08136,0.07741,0.0805,198906996.7
1783296000000,0.0805,0.08186,0.07598,0.08028,263686961.8
1783382400000,0.08027,0.08065,0.07639,0.07699,262998691.6
1783468800000,0.07699,0.07849,0.07504,0.07686,357336311.1
1783555200000,0.07686,0.09135,0.07657,0.08751,1544659157.8
1783641600000,0.08752,0.096,0.08662,0.09287,1169478902.4
1783728000000,0.09287,0.1,0.08964,0.09495,852952713.7
1783814400000,0.09494,0.10133,0.09218,0.09318,731138636.5
1783900800000,0.09317,0.09582,0.08804,0.0903,647939269.3
1783987200000,0.0903,0.09311,0.0887,0.09219,396730870.9
1784073600000,0.09219,0.09375,0.0868,0.08846,398011335.3
1784160000000,0.08845,0.09099,0.08527,0.08897,324832255.3
1784246400000,0.08896,0.09143,0.08707,0.09058,452750487.1
1784332800000,0.09059,0.09273,0.08777,0.08827,269980129.2
1784419200000,0.08827,0.09022,0.08745,0.08902,202972728.8
1784505600000,0.08902,0.09152,0.08516,0.09035,339581120.6
1784592000000,0.09034,0.09184,0.08805,0.08891,222049605.5
1784678400000,0.08892,0.09199,0.08815,0.09012,438336566.9
1784764800000,0.09012,0.09128,0.08548,0.08607,264801990.4
1784851200000,0.08608,0.087,0.08278,0.08301,264651309.1
1784937600000,0.08301,0.08348,0.08171,0.08249,175334756.6
1785024000000,0.08249,0.08369,0.08191,0.08319,207310076.7
1785110400000,0.08319,0.0832,0.07641,0.07703,417939311.3
1785196800000,0.07703,0.07975,0.07665,0.07899,281644733.9
1785283200000,0.07899,0.07961,0.07672,0.07916,285637092.1
1785369600000,0.07915,0.08014,0.07734,0.07742,213876160.2
1785456000000,0.07741,0.07839,0.07547,0.07822,238151675.2
1785542400000,0.07823,0.07973,0.07695,0.07892,224482069.1
1785628800000,0.07891,0.08226,0.07883,0.0816,232248201.8
1785715200000,0.0816,0.08296,0.0798,0.08264,229192516.4
1785801600000,0.08264,0.08405,0.08091,0.08183,242115405.4
1785888000000,0.08183,0.08191,0.08004,0.0804,140777972.0
1785974400000,0.0804,0.08077,0.0771,0.07831,272518807.7
1786060800000,0.07832,0.07935,0.07726,0.07911,206652751.7
1786147200000,0.07912,0.08003,0.07766,0.07822,128235293.3
1786233600000,0.07822,0.08069,0.0766,0.07771,216099329.4
1786320000000,0.07771,0.0809,0.07742,0.08001,256426925.0
1786406400000,0.08001,0.08151,0.07716,0.08024,275315936.0
1786492800000,0.08023,0.08087,0.07346,0.07401,311949013.6
1786579200000,0.07402,0.07665,0.0736,0.07524,257402366.9
1786665600000,0.07523,0.07584,0.07271,0.0745,189055402.9
1786752000000,0.07449,0.07547,0.07262,0.07273,135322261.8
1786838400000,0.07274,0.07506,0.0721,0.07351,178885054.0
1786924800000,0.07351,0.07588,0.07335,0.07513,181291400.1
1787011200000,0.07512,0.07599,0.07347,0.07524,223069440.3
1787097600000,0.07524,0.0906,0.07497,0.08948,632450035.4
1787184000000,0.08949,0.09131,0.08676,0.09088,542184166.9
1787270400000,0.09088,0.10038,0.09044,0.09818,568373741.5
1787356800000,0.09818,0.10969,0.09,0.09895,599871141.0
1787443200000,0.09895,0.10383,0.09416,0.10135,324878790.1
1787529600000,0.10135,0.10135,0.09555,0.0969,331968634.0
1787616000000,0.09689,0.10007,0.09077,0.09215,267857315.3
1787702400000,0.09214,0.09415,0.08801,0.09276,262556602.8
1787788800000,0.09277,0.09341,0.08952,0.09188,254343279.5
1787875200000,0.09189,0.09438,0.08621,0.08776,271068092.0
1787961600000,0.08776,0.08896,0.08676,0.08765,103564972.5
1788048000000,0.08765,0.09094,0.08295,0.08417,321543952.4
1788134400000,0.08418,0.10992,0.08377,0.10938,1315881088.3
1788220800000,0.10937,0.1201,0.10422,0.11039,4321622666.1
1788307200000,0.1104,0.12793,0.10568,0.12401,2588316795.8
1788393600000,0.12402,0.14493,0.12218,0.14087,2918232854.4
1788480000000,0.14087,0.14677,0.12808,0.13176,1590214801.2
1788566400000,0.13176,0.18332,0.1288,0.17713,2002111474.5
1788652800000,0.17714,0.20683,0.17714,0.18918,4456635892.1
1788739200000,0.18919,0.19209,0.16004,0.1694,2559322769.4
1788825600000,0.1694,0.17867,0.16384,0.16489,1329361507.5
1788912000000,0.1649,0.1746,0.14844,0.14938,1303323442.0
1788998400000,0.14938,0.15369,0.1395,0.13984,923159551.4
1789084800000,0.13984,0.15185,0.13724,0.13944,836290558.6
1789171200000,0.13944,0.1462,0.13844,0.14041,415670610.9
1789257600000,0.1404,0.14326,0.13227,0.13294,502981618.8
1789344000000,0.13296,0.14215,0.13277,0.13362,661183887.6
1789430400000,0.13362,0.1562,0.13121,0.15163,1684558578.8
1789516800000,0.15162,0.17384,0.1481,0.16801,2467324280.2
1789603200000,0.16801,0.18457,0.16089,0.17717,1341478672.8
1789689600000,0.17717,0.22949,0.17568,0.22117,2684474805.5
1789776000000,0.22116,0.23087,0.2027,0.20602,894948909.8
1789862400000,0.20601,0.22501,0.19607,0.21764,1278939007.1
1789948800000,0.21764,0.24787,0.20952,0.22561,1377939708.7
1790035200000,0.22561,0.23597,0.21104,0.2352,917020179.1
1790121600000,0.2352,0.25569,0.21446,0.21594,1442477791.1
1790208000000,0.21593,0.22357,0.21022,0.21636,807562646.4
1790294400000,0.21637,0.23109,0.21342,0.22656,781569365.3
1790380800000,0.22657,0.23096,0.21645,0.22193,549007090.8
1790467200000,0.22193,0.23667,0.2185,0.22607,841823073.9
1790553600000,0.22606,0.22894,0.19734,0.20184,1006691525.2
1790640000000,0.20186,0.21612,0.19105,0.20342,879969810.7
1790726400000,0.20342,0.21236,0.19937,0.20288,607027627.8
1790812800000,0.2029,0.20832,0.19608,0.19974,480787467.7
