calc_time,last_funding_rate
1679558400001,0.0001
1679587200013,0.00068996
1679616000013,0.00044592
1679644800012,0.0001
1679673600027,0.0001
1679702400015,0.0001
1679731200011,0.0001
1679760000011,0.0001
1679788800000,0.0001
1679817600015,0.0001
1679846400000,0.0001
1679875200019,0.0001
1679904000009,0.0001
1679932800000,0.0001
1679961600007,0.0001
1679990400000,5.311e-05
1680019200013,1.288e-05
1680048000010,0.0001
1680076800006,0.0001
1680105600014,0.0001
1680134400000,0.0001
1680163200000,2.04e-06
1680192000006,0.0001
1680220800003,0.0001
1680249600006,0.0001
1680278400011,0.0001
1680307200000,0.0001
1680336000000,0.0001
1680364800018,0.0001
1680393600013,8.529e-05
1680422400014,0.0001
1680451200001,6.834e-05
1680480000000,6.38e-05
1680508800013,2.3e-07
1680537600011,0.0001
1680566400002,-3.33e-06
1680595200017,1.005e-05
1680624000008,-9.5e-05
1680652800000,0.0001
1680681600016,0.0001
1680710400004,1.841e-05
1680739200000,0.0001
1680768000011,0.0001
1680796800000,0.0001
1680825600006,0.0001
1680854400005,0.0001
1680883200000,7.806e-05
1680912000000,9.458e-05
1680940800014,8.062e-05
1680969600018,0.0001
1680998400013,0.0001
1681027200024,0.0001
1681056000010,0.0001
1681084800000,9.565e-05
1681113600010,0.0001
1681142400006,0.0001
1681171200008,0.0001
1681200000007,0.0001
1681228800016,0.0001
1681257600006,0.0001
1681286400008,0.0001
1681315200014,0.0001
1681344000027,0.0001
1681372800010,0.0001
1681401600000,0.0001
1681430400001,0.0001
1681459200008,0.00055791
1681488000007,0.00020046
1681516800007,0.00013486
1681545600007,0.00044505
1681574400011,0.00038224
1681603200014,0.00055995
1681632000007,0.0002086
1681660800002,0.00034083
1681689600017,0.0001
1681718400006,0.00045239
1681747200000,0.0003621
1681776000013,0.00023783
1681804800017,0.00033795
1681833600000,0.00023562
1681862400022,0.0001
1681891200014,0.00018602
1681920000000,0.0001
1681948800010,0.0001
1681977600012,0.0001
1682006400012,0.0001
1682035200009,0.0001
1682064000009,0.0001
1682092800003,8.082e-05
1682121600000,0.0001
1682150400000,0.0001
1682179200016,3.719e-05
1682208000009,-3.924e-05
1682236800020,4.092e-05
1682265600007,4.308e-05
1682294400000,-4.329e-05
1682323200008,1.852e-05
1682352000006,-1.437e-05
1682380800014,4.275e-05
1682409600009,1.176e-05
1682438400015,7.804e-05
1682467200015,5.298e-05
1682496000013,7.555e-05
1682524800001,3.906e-05
1682553600014,-6.443e-05
1682582400008,7.612e-05
1682611200005,1.594e-05
1682640000011,-1.619e-05
1682668800007,4.218e-05
1682697600006,0.0001
1682726400004,5.242e-05
1682755200016,1.848e-05
1682784000001,1.185e-05
1682812800008,-1.624e-05
1682841600000,4.107e-05
1682870400010,4.418e-05
1682899200004,6.565e-05
1682928000008,4.709e-05
1682956800014,0.0001
1682985600015,3.242e-05
1683014400018,6.435e-05
1683043200000,6.614e-05
1683072000009,4.923e-05
1683100800003,5.327e-05
1683129600011,8.126e-05
1683158400000,2.788e-05
1683187200000,9.78e-05
1683216000011,0.0001
1683244800002,0.0001
1683273600000,5.613e-05
1683302400000,0.0001
1683331200009,9.698e-05
1683360000000,0.0001
1683388800000,4.726e-05
1683417600000,1.471e-05
1683446400000,2.622e-05
1683475200006,8.874e-05
1683504000000,8.562e-05
1683532800007,2.193e-05
1683561600015,5.561e-05
1683590400015,-0.00027013
1683619200000,-7.133e-05
1683648000000,-9.3e-06
1683676800007,1.834e-05
1683705600003,-7.242e-05
1683734400000,2.949e-05
1683763200011,7.886e-05
1683792000000,5.408e-05
1683820800005,2.632e-05
1683849600020,-2.376e-05
1683878400001,4.748e-05
1683907200010,1.418e-05
1683936000000,1.748e-05
1683964800000,0.0001
1683993600026,0.0001
1684022400029,8.128e-05
1684051200010,3.981e-05
1684080000008,5.805e-05
1684108800006,2.754e-05
1684137600005,6.016e-05
1684166400008,4.817e-05
1684195200021,5.065e-05
1684224000000,8.832e-05
1684252800000,0.0001
1684281600010,7.992e-05
1684310400000,5.905e-05
1684339200001,5.906e-05
1684368000000,0.0001
1684396800026,0.0001
1684425600019,5.823e-05
1684454400000,6.546e-05
1684483200002,3.299e-05
1684512000000,7.406e-05
1684540800005,0.0001
1684569600014,9.25e-05
1684598400020,0.0001
1684627200014,0.0001
1684656000001,0.0001
1684684800015,0.0001
1684713600028,9.213e-05
1684742400000,5.298e-05
1684771200012,0.0001
1684800000006,0.0001
1684828800014,8.484e-05
1684857600008,8.884e-05
1684886400000,0.0001
1684915200025,0.0001
1684944000008,7.479e-05
1684972800000,1.995e-05
1685001600025,7.497e-05
1685030400016,1.816e-05
1685059200000,3.343e-05
1685088000024,8.34e-05
1685116800012,0.0001
1685145600012,0.0001
1685174400018,0.0001
1685203200008,0.0001
1685232000017,0.0001
1685260800015,9.173e-05
1685289600000,0.0001
1685318400000,0.0001
1685347200020,0.0001
1685376000011,0.0001
1685404800003,0.0001
1685433600000,0.0001
1685462400003,5.668e-05
1685491200013,1.312e-05
1685520000000,8.367e-05
1685548800000,3.161e-05
1685577600008,-4.029e-05
1685606400012,7.198e-05
1685635200000,7.606e-05
1685664000000,3.023e-05
1685692800006,0.0001
1685721600012,0.0001
1685750400000,0.0001
1685779200011,0.0001
1685808000003,0.0001
1685836800000,0.0001
1685865600000,0.0001
1685894400000,0.0001
1685923200005,0.0001
1685952000000,0.0001
1685980800000,2.82e-06
1686009600000,-3.063e-05
1686038400009,4.482e-05
1686067200013,3.463e-05
1686096000000,2.87e-06
1686124800016,0.0001
1686153600000,9.865e-05
1686182400006,2.23e-05
1686211200000,1.26e-05
1686240000000,5.102e-05
1686268800000,4.382e-05
1686297600000,7.201e-05
1686326400000,-4.16e-06
1686355200000,3.471e-05
1686384000000,-0.00018063
1686412800000,-7.364e-05
1686441600001,-0.00023914
1686470400000,-0.00013049
1686499200000,-0.00011333
1686528000000,-0.00011641
1686556800000,3.01e-05
1686585600001,-1.852e-05
1686614400000,-3.472e-05
1686643200000,5.5e-06
1686672000000,-3.181e-05
1686700800000,6.526e-05
1686729600000,-8.17e-06
1686758400000,-4.6e-05
1686787200000,-7.77e-05
1686816000000,-2.38e-05
1686844800000,4.416e-05
1686873600000,7.55e-06
1686902400000,-4.381e-05
1686931200000,3.075e-05
1686960000000,-2.25e-05
1686988800000,1.11e-06
1687017600000,3.392e-05
1687046400000,4.637e-05
1687075200000,3.345e-05
1687104000000,0.0001
1687132800000,7.341e-05
1687161600000,4.72e-05
1687190400000,4.844e-05
1687219200001,4.666e-05
1687248000000,-2.896e-05
1687276800000,1.367e-05
1687305600000,7.641e-05
1687334400000,6.922e-05
1687363200000,4.823e-05
1687392000000,5.119e-05
1687420800001,7.981e-05
1687449600000,8.393e-05
1687478400000,8.479e-05
1687507200000,7.542e-05
1687536000000,8.659e-05
1687564800000,9.724e-05
1687593600000,7.477e-05
1687622400000,1.725e-05
1687651200000,5.032e-05
1687680000000,7.672e-05
1687708800000,6.199e-05
1687737600000,4.371e-05
1687766400000,7.575e-05
1687795200000,0.0001
1687824000000,0.0001
1687852800000,0.0001
1687881600000,0.0001
1687910400000,0.0001
1687939200000,0.0001
1687968000000,5.196e-05
1687996800000,1.664e-05
1688025600000,8.343e-05
1688054400000,2.016e-05
1688083200000,2.496e-05
1688112000000,0.0001
1688140800001,0.0001
1688169600000,8.7e-07
1688198400000,3.558e-05
1688227200000,0.0001
1688256000000,0.0001
1688284800000,0.0001
1688313600001,0.0001
1688342400000,0.0001
1688371200000,0.0001
1688400000000,0.0001
1688428800001,0.0001
1688457600000,0.0001
1688486400000,0.0001
1688515200000,0.0001
1688544000000,0.0001
1688572800000,-2.767e-05
1688601600000,-6.667e-05
1688630400000,2.232e-05
1688659200000,-1.005e-05
1688688000000,1.646e-05
1688716800000,0.0001
1688745600000,9.175e-05
1688774400000,0.0001
1688803200000,0.0001
1688832000000,0.0001
1688860800000,0.0001
1688889600000,2.395e-05
1688918400000,6.767e-05
1688947200000,6.107e-05
1688976000000,6.147e-05
1689004800000,1.382e-05
1689033600000,1.646e-05
1689062400000,3.268e-05
1689091200000,7.253e-05
1689120000000,8.738e-05
1689148800000,9.432e-05
1689177600000,5.361e-05
1689206400000,8.358e-05
1689235200000,0.0001
1689264000000,5.798e-05
1689292800000,0.0001
1689321600000,0.0001
1689350400000,0.0001
1689379200000,0.0001
1689408000000,0.0001
1689436800000,0.0001
1689465600001,0.0001
1689494400000,0.0001
1689523200000,0.0001
1689552000000,0.0001
1689580800000,0.0001
1689609600000,0.0001
1689638400000,0.0001
1689667200000,0.0001
1689696000000,2.156e-05
1689724800000,5.836e-05
1689753600000,5.538e-05
1689782400001,7.936e-05
1689811200000,6.346e-05
1689840000000,7.591e-05
1689868800000,0.0001
1689897600001,1.399e-05
1689926400000,0.0001
1689955200000,1.646e-05
1689984000000,4.432e-05
1690012800000,1.182e-05
1690041600000,0.0001
1690070400000,4.682e-05
1690099200000,0.0001
1690128000000,0.0001
1690156800000,0.0001
1690185600000,0.0001
1690214400000,6.081e-05
1690243200000,2.616e-05
1690272000000,0.0001
1690300800000,-2.461e-05
1690329600000,5.019e-05
1690358400001,7.292e-05
1690387200000,4.682e-05
1690416000000,4.913e-05
1690444800000,6.692e-05
1690473600001,3.359e-05
1690502400000,6.28e-05
1690531200000,5.272e-05
1690560000000,1.763e-05
1690588800000,0.0001
1690617600000,8.576e-05
1690646400001,0.0001
1690675200000,9.244e-05
1690704000000,0.0001
1690732800000,8.797e-05
1690761600000,-3.07e-06
1690790400000,2.697e-05
1690819200001,5.117e-05
1690848000000,8.399e-05
1690876800000,7.86e-06
1690905600000,4.863e-05
1690934400000,4.873e-05
1690963200000,0.0001
1690992000000,0.0001
1691020800000,8.28e-05
1691049600000,0.0001
1691078400001,0.0001
1691107200000,9.83e-06
1691136000000,1.789e-05
1691164800000,4.167e-05
1691193600000,0.0001
1691222400000,0.0001
1691251200001,7.167e-05
1691280000000,7.203e-05
1691308800001,7.35e-05
1691337600005,8.818e-05
1691366400000,0.0001
1691395200000,0.0001
1691424000000,0.0001
1691452800000,8.082e-05
1691481600000,0.0001
1691510400000,0.0001
1691539200000,0.0001
1691568000000,3.876e-05
1691596800000,9.754e-05
1691625600001,0.0001
1691654400000,0.0001
1691683200000,0.0001
1691712000000,0.0001
1691740800000,0.0001
1691769600000,0.0001
1691798400000,0.0001
1691827200000,0.0001
1691856000000,0.0001
1691884800000,0.0001
1691913600000,0.0001
1691942400000,0.0001
1691971200001,0.0001
1692000000000,1.401e-05
1692028800000,7.821e-05
1692057600001,0.0001
1692086400000,0.0001
1692115200000,0.0001
1692144000000,3.26e-06
1692172800001,4.54e-05
1692201600000,-1.145e-05
1692230400000,-7.008e-05
1692259200000,4.419e-05
1692288000000,9.74e-06
1692316800000,-0.00025652
1692345600000,4.269e-05
1692374400000,3.907e-05
1692403200000,-4.2e-07
1692432000000,7.295e-05
1692460800000,9.785e-05
1692489600000,1.036e-05
1692518400000,-5.13e-05
1692547200000,-2.015e-05
1692576000000,1.78e-06
1692604800000,6.557e-05
1692633600000,-1.1e-07
1692662400000,-5.99e-06
1692691200000,2.953e-05
1692720000000,5.47e-06
1692748800000,-0.00011574
1692777600000,-3.156e-05
1692806400000,-2.493e-05
1692835200000,-0.00010594
1692864000000,-1.529e-05
1692892800000,3.099e-05
1692921600000,-1.581e-05
1692950400000,-5.18e-06
1692979200000,-6.142e-05
1693008000000,7.874e-05
1693036800000,9.286e-05
1693065600000,3.034e-05
1693094400000,8.747e-05
1693123200000,7.807e-05
1693152000000,2.21e-05
1693180800000,9.348e-05
1693209600001,4.706e-05
1693238400001,7.396e-05
1693267200000,-5.6e-07
1693296000000,2.311e-05
1693324800000,-0.00019528
1693353600000,3.83e-06
1693382400000,1.605e-05
1693411200000,7.559e-05
1693440000000,0.0001
1693468800000,0.0001
1693497600000,2.568e-05
1693526400000,3.027e-05
1693555200000,-1.563e-05
1693584000001,-4.34e-06
1693612800000,1.64e-05
1693641600000,5.043e-05
1693670400000,2.247e-05
1693699200000,7.109e-05
1693728000000,-1.727e-05
1693756800000,3.297e-05
1693785600000,0.0001
1693814400000,4.361e-05
1693843200000,5.319e-05
1693872000000,5.774e-05
1693900800000,6.467e-05
1693929600000,4.659e-05
1693958400000,1.564e-05
1693987200000,1.84e-05
1694016000001,3.602e-05
1694044800000,6.949e-05
1694073600000,1.844e-05
1694102400000,7.112e-05
1694131200000,6.591e-05
1694160000000,5.461e-05
1694188800000,4.307e-05
1694217600000,4.806e-05
1694246400000,6.579e-05
1694275200000,-3.546e-05
1694304000000,2.127e-05
1694332800000,8e-08
1694361600000,1.799e-05
1694390400000,3.118e-05
1694419200000,3.21e-06
1694448000001,-2.37e-06
1694476800000,-4.41e-06
1694505600000,4.711e-05
1694534400000,-1.675e-05
1694563200000,9.43e-06
1694592000000,7.599e-05
1694620800000,0.0001
1694649600000,3.867e-05
1694678400001,5.036e-05
1694707200000,0.0001
1694736000000,8.123e-05
1694764800000,5.992e-05
1694793600000,6.944e-05
1694822400000,0.0001
1694851200000,0.0001
1694880000000,0.0001
1694908800000,0.0001
1694937600000,0.0001
1694966400000,0.0001
1694995200000,3.38e-06
1695024000000,0.0001
1695052800000,8.38e-05
1695081600000,0.0001
1695110400001,0.0001
1695139200000,0.0001
1695168000000,2.211e-05
1695196800000,9.288e-05
1695225600000,7.455e-05
1695254400001,9.383e-05
1695283200000,0.0001
1695312000000,7.092e-05
1695340800000,2.133e-05
1695369600000,0.0001
1695398400000,5.03e-05
1695427200000,0.0001
1695456000000,6.773e-05
1695484800000,0.0001
1695513600000,7.779e-05
1695542400000,0.0001
1695571200000,2.069e-05
1695600000000,5.535e-05
1695628800000,9.41e-05
1695657600000,0.0001
1695686400000,5.6e-05
1695715200000,5.431e-05
1695744000000,7.541e-05
1695772800000,8.322e-05
1695801600001,5.947e-05
1695830400000,9.054e-05
1695859200000,2.89e-06
1695888000000,8.378e-05
1695916800000,0.0001
1695945600000,0.0001
1695974400000,9.604e-05
1696003200000,6.066e-05
1696032000000,7.389e-05
1696060800000,7.176e-05
1696089600000,9.063e-05
1696118400000,3.217e-05
1696147200000,2.135e-05
1696176000000,5.555e-05
1696204800000,0.0001
1696233600000,4.887e-05
1696262400000,0.0001
1696291200000,0.0001
1696320000000,9.739e-05
1696348800000,0.0001
1696377600000,9.275e-05
1696406400000,6.492e-05
1696435200000,1.03e-05
1696464000000,4.405e-05
1696492800000,4.903e-05
1696521600001,6.229e-05
1696550400000,6.203e-05
1696579200000,0.0001
1696608000000,3.691e-05
1696636800000,-1.41e-06
1696665600000,7.085e-05
1696694400000,1.171e-05
1696723200000,9.916e-05
1696752000001,1.712e-05
1696780800000,-8.35e-06
1696809600000,-4.02e-06
1696838400000,7.239e-05
1696867200000,-6.508e-05
1696896000000,9.09e-06
1696924800000,-4.107e-05
1696953600000,9.153e-05
1696982400000,7.686e-05
1697011200000,9.828e-05
1697040000000,4e-06
1697068800000,7.274e-05
1697097600000,4.107e-05
1697126400000,3.318e-05
1697155200000,7.942e-05
1697184000000,5.277e-05
1697212800000,-1.569e-05
1697241600000,-3.384e-05
1697270400000,-0.00012838
1697299200000,-3.642e-05
1697328000000,-9.024e-05
1697356800000,1.463e-05
1697385600000,-6.729e-05
1697414400000,-0.00010107
1697443200000,-6.067e-05
1697472000000,-3.524e-05
1697500800000,9.3e-06
1697529600000,3.864e-05
1697558400000,-5.375e-05
1697587200000,2.877e-05
1697616000000,4.608e-05
1697644800000,-1.535e-05
1697673600000,6.118e-05
1697702400001,3.145e-05
1697731200000,4.722e-05
1697760000000,1.848e-05
1697788800005,5.883e-05
1697817600000,0.0001
1697846400000,0.0001
1697875200000,0.0001
1697904000000,0.0001
1697932800000,7.28e-05
1697961600000,7.545e-05
1697990400000,0.0001
1698019200000,0.0001
1698048000001,8.341e-05
1698076800001,0.0001
1698105600000,0.0001
1698134400000,0.0001
1698163200000,0.0001
1698192000000,0.0001
1698220800000,0.0001
1698249600001,0.0001
1698278400001,0.0001
1698307200000,0.0001
1698336000000,0.0001
1698364800000,0.0001
1698393600000,0.0001
1698422400000,0.0001
1698451200000,0.0001
1698480000001,0.0001
1698508800000,0.0001
1698537600000,0.00015763
1698566400000,0.0001
1698595200000,0.00014245
1698624000000,0.0001
1698652800000,0.0001
1698681600000,0.00017593
1698710400001,0.00024988
1698739200000,0.0001424
1698768000000,0.0001
1698796800000,0.0001
1698825600000,0.0001
1698854400000,0.0001
1698883200001,0.00051851
1698912000000,0.00030021
1698940800000,0.00014978
1698969600000,0.0001296
1698998400000,0.0001
1699027200000,0.0001
1699056000000,0.0001
1699084800000,0.00010955
1699113600000,0.0001
1699142400000,0.0001
1699171200000,0.0001
1699200000000,0.0001
1699228800000,0.0001
1699257600001,0.0001
1699286400000,0.0001
1699315200001,0.0001
1699344000000,0.0001
1699372800000,0.0001
1699401600000,0.0001
1699430400000,0.00011353
1699459200000,0.0001
1699488000000,0.00017947
1699516800000,0.00017924
1699545600000,0.00030136
1699574400000,0.0001
1699603200000,0.00031703
1699632000000,0.00015545
1699660800000,0.0002654
1699689600000,0.0001
1699718400000,0.00035653
1699747200000,0.00039489
1699776000000,0.00022193
1699804800001,0.00035452
1699833600000,0.00050808
1699862400000,0.00031652
1699891200000,0.00038956
1699920000000,0.0001
1699948800000,0.0001
1699977600001,0.0001
1700006400000,0.0001
1700035200000,0.0001
1700064000000,0.0001
1700092800000,0.0001
1700121600000,0.00038983
1700150400001,0.00033392
1700179200000,0.0001
1700208000001,0.00015057
1700236800001,0.0001
1700265600000,0.0001
1700294400000,0.0001
1700323200000,0.0001
1700352000000,0.0001
1700380800000,0.0001
1700409600000,0.0001
1700438400000,0.00016497
1700467200000,0.00015109
1700496000000,0.00016393
1700524800000,0.0001
1700553600000,0.0001
1700582400000,0.0001
1700611200000,0.0001
1700640000000,0.0001
1700668800000,0.0001
1700697600000,0.0001
1700726400000,0.0001
1700755200001,0.0001
1700784000000,0.0001
1700812800000,0.0001
1700841600000,0.0001
1700870400000,0.0001
1700899200000,0.0001
1700928000000,0.0001
1700956800000,0.0001
1700985600000,0.0001
1701014400000,0.0001
1701043200000,0.0001
1701072000001,0.0001
1701100800000,0.0001
1701129600000,0.0001
1701158400000,0.0001
1701187200000,0.0001
1701216000001,0.0001
1701244800000,0.0001
1701273600000,0.0001
1701302400000,0.0001
1701331200000,0.0001
1701360000000,0.0001
1701388800000,0.0001
1701417600000,0.0001
1701446400000,0.0001
1701475200000,0.0001
1701504000000,0.0001
1701532800000,0.0001
1701561600000,0.00022635
1701590400000,0.00014176
1701619200000,0.00018203
1701648000000,0.00022777
1701676800000,0.00033318
1701705600000,0.0001
1701734400000,0.00026177
1701763200000,0.00023296
1701792000000,0.0002625
1701820800000,0.00037676
1701849600000,0.00028957
1701878400000,0.00027005
1701907200000,0.00027042
1701936000000,0.00042547
1701964800000,0.00025401
1701993600000,0.00064206
1702022400000,0.00039485
1702051200000,0.00039438
1702080000000,0.00044609
1702108800000,0.00066944
1702137600000,0.00027423
1702166400000,0.00020788
1702195200000,0.00015589
1702224000000,0.00019202
1702252800000,0.00033675
1702281600000,0.0001
1702310400000,0.0001
1702339200000,0.00018809
1702368000000,0.00015585
1702396800000,0.00029713
1702425600000,0.0005377
1702454400000,0.0001
1702483200001,0.00011433
1702512000000,0.00027157
1702540800000,0.00016928
1702569600000,0.00025364
1702598400000,0.00030332
1702627200000,0.00031432
1702656000000,0.00037232
1702684800000,0.00025895
1702713600000,0.00020439
1702742400001,0.00015553
1702771200000,0.00024659
1702800000000,0.00028986
1702828800000,0.00031606
1702857600000,0.00018177
1702886400001,0.00012368
1702915200000,0.00010502
1702944000000,0.00010477
1702972800000,0.0001
1703001600000,0.0001
1703030400000,0.00012761
1703059200000,0.00021681
1703088000000,0.00029686
1703116800000,0.00033925
1703145600000,0.00036444
1703174400000,0.000387
1703203200000,0.00046099
1703232000000,0.00036313
1703260800000,0.00053368
1703289600000,0.00053026
1703318400001,0.00029939
1703347200000,0.00046781
1703376000000,0.00039715
1703404800000,0.00041032
1703433600000,0.00027207
1703462400000,0.00036772
1703491200000,0.00043684
1703520000000,0.00076944
1703548800000,0.000684
1703577600000,0.00045162
1703606400000,0.00051744
1703635200000,0.00029979
1703664000000,0.00026982
1703692800000,0.0004785
1703721600000,0.00035793
1703750400000,0.00065883
1703779200000,0.00055065
1703808000001,0.00048716
1703836800000,0.00039867
1703865600000,0.00046938
1703894400001,0.00033509
1703923200000,0.0003103
1703952000000,0.00026118
1703980800000,0.00030356
1704009600001,0.00046746
1704038400000,0.00055823
1704067200000,0.00037714
1704096000000,0.00035479
1704124800000,0.00058953
1704153600000,0.00089543
1704182400000,0.00068149
1704211200000,0.00086739
1704240000000,0.00055539
1704268800000,0.00058386
1704297600000,0.0001
1704326400000,0.0001
1704355200000,0.0001
1704384000000,0.0001
1704412800001,0.0001
1704441600000,0.0001
1704470400000,0.0001
1704499200000,0.0001
1704528000000,0.0001
1704556800000,0.0001
1704585600000,0.0001
1704614400001,0.0001
1704643200001,0.0001
1704672000000,0.0001
1704700800000,0.0001
1704729600000,0.0001
1704758400001,0.0001
1704787200000,0.0001
1704816000000,0.0001
1704844800000,0.0001
1704873600000,0.0001
1704902400000,0.0001
1704931200000,0.0001
1704960000000,0.0001
1704988800000,0.0001
1705017600001,0.0001
1705046400000,0.0001
1705075200000,0.0001
1705104000000,0.0001
1705132800000,0.0001
1705161600001,0.0001
1705190400000,0.0001
1705219200000,0.0001
1705248000001,0.0001
1705276800000,0.0001
1705305600000,0.0001
1705334400000,0.0001
1705363200000,0.0001
1705392000000,0.0001
1705420800001,0.0001
1705449600000,0.0001
1705478400000,0.0001
1705507200000,0.0001
1705536000001,0.0001
1705564800000,0.0001
1705593600000,0.0001
1705622400000,0.0001
1705651200000,0.0001
1705680000002,0.0001
1705708800000,0.0001
1705737600003,0.0001
1705766400000,0.0001
1705795200000,0.0001
1705824000000,0.0001
1705852800000,0.0001
1705881600000,0.0001
1705910400000,0.0001
1705939200000,0.0001
1705968000000,0.0001
1705996800000,0.0001
1706025600000,0.0001
1706054400000,0.0001
1706083200000,0.0001
1706112000000,0.0001
1706140800000,0.0001
1706169600001,0.0001
1706198400000,0.0001
1706227200001,0.0001
1706256000000,0.0001
1706284800000,0.0001
1706313600000,0.0001
1706342400000,0.0001
1706371200000,0.0001
1706400000000,0.0001
1706428800000,0.0001
1706457600000,0.0001
1706486400000,0.0001
1706515200001,0.0001
1706544000000,0.0001
1706572800000,0.0001
1706601600000,0.0001
1706630400001,0.0001
1706659200000,0.0001
1706688000000,0.0001
1706716800000,0.0001
1706745600000,0.0001
1706774400000,0.0001
1706803200002,0.0001
1706832000000,0.0001
1706860800000,0.0001
1706889600000,0.0001
1706918400000,8.569e-05
1706947200000,0.0001
1706976000001,0.0001
1707004800000,0.0001
1707033600004,0.0001
1707062400000,0.0001
1707091200000,0.0001
1707120000000,0.0001
1707148800000,0.0001
1707177600000,0.0001
1707206400001,0.0001
1707235200000,0.0001
1707264000000,0.0001
1707292800000,0.0001
1707321600000,0.0001
1707350400000,0.0001
1707379200000,0.0001
1707408000000,0.0001
1707436800000,6.151e-05
1707465600000,0.0001
1707494400001,0.0001
1707523200001,0.0001
1707552000000,0.0001
1707580800000,0.0001
1707609600000,0.0001
1707638400001,0.0001
1707667200000,0.0001
1707696000000,0.0001
1707724800000,0.0001
1707753600000,0.0001
1707782400000,0.0001
1707811200000,0.0001
1707840000000,0.0001
1707868800000,0.0001
1707897600000,0.0001
1707926400000,0.00020935
1707955200000,0.0001
1707984000000,0.00020946
1708012800000,0.00031541
1708041600000,0.00030872
1708070400000,0.0002871
1708099200000,0.00016626
1708128000000,0.00020644
1708156800000,0.00034372
1708185600000,0.00029385
1708214400000,0.00031648
1708243200000,0.00031837
1708272000000,0.0004078
1708300800000,0.00028617
1708329600000,0.00034837
1708358400000,0.00033484
1708387200000,0.00040345
1708416000000,0.00023727
1708444800000,0.00033945
1708473600000,0.00022036
1708502400000,0.0001
1708531200000,0.0001
1708560000001,0.0001
1708588800001,0.00016879
1708617600000,0.00021751
1708646400000,0.0002364
1708675200000,0.0002109
1708704000000,0.00027629
1708732800000,0.00033725
1708761600001,0.00032289
1708790400000,0.00029473
1708819200001,0.00021944
1708848000000,0.00034914
1708876800000,0.00030959
1708905600000,0.00038561
1708934400000,0.00045564
1708963200000,0.00046641
1708992000000,0.00069041
1709020800000,0.0006917
1709049600000,0.00042283
1709078400000,0.00056484
1709107200000,0.00060027
1709136000000,0.00076286
1709164800000,0.00060812
1709193600000,0.00097114
1709222400000,0.00090574
1709251200000,0.000576
1709280000000,0.00077711
1709308800000,0.0006782
1709337600000,0.00087604
1709366400001,0.00117016
1709395200000,0.00112665
1709424000000,0.00110007
1709452800000,0.00086466
1709481600000,0.00069769
1709510400000,0.00060009
1709539200000,0.00086653
1709568000000,0.00062608
1709596800000,0.00064219
1709625600000,0.00128625
1709654400000,0.00096023
1709683200000,0.0001
1709712000001,0.00040936
1709740800000,0.00046966
1709769600000,0.00052407
1709798400000,0.00053262
1709827200000,0.00064361
1709856000000,0.00070745
1709884800000,0.00060757
1709913600000,0.00063765
1709942400000,0.00049284
1709971200001,0.0006225
1710000000000,0.00071649
1710028800000,0.00075244
1710057600000,0.00079933
1710086400000,0.00048692
1710115200000,0.0005211
1710144000000,0.00058265
1710172800000,0.00067878
1710201600000,0.00089567
1710230400000,0.0006565
1710259200000,0.00053523
1710288000000,0.00054411
1710316800001,0.00070095
1710345600000,0.00062648
1710374400001,0.00050025
1710403200000,0.00071322
1710432000000,0.00067348
1710460800000,0.00060847
1710489600000,0.00035488
1710518400000,0.00022842
1710547200000,0.00025565
1710576000000,0.00032737
1710604800000,0.00016008
1710633600000,0.00014201
1710662400000,0.00010069
1710691200000,0.00020946
1710720000000,0.00013265
1710748800000,0.00030019
1710777600001,0.00025695
1710806400000,0.00039802
1710835200000,0.00022312
1710864000001,0.00017199
1710892800000,0.00018561
1710921600004,0.00021296
1710950400000,0.00012656
1710979200000,0.00028778
1711008000000,0.00018098
1711036800000,0.00022695
1711065600000,0.0003167
1711094400000,0.00022559
1711123200000,0.00013712
1711152000000,0.00021438
1711180800000,0.00017356
1711209600000,0.00020478
1711238400000,0.00021359
1711267200000,0.00017863
1711296000000,0.00020537
1711324800000,0.00015784
1711353600001,0.00021451
1711382400000,0.00024505
1711411200000,0.00040866
1711440000000,0.00034985
1711468800000,0.00039727
1711497600000,0.00046158
1711526400001,0.00039829
1711555200000,0.00040907
1711584000000,0.00047077
1711612800000,0.00062666
1711641600000,0.00056952
1711670400000,0.00058463
1711699200000,0.00052428
1711728000000,0.00055621
1711756800000,0.0006073
1711785600000,0.00065444
1711814400000,0.00072065
1711843200000,0.00053621
1711872000000,0.00066145
1711900800001,0.00055474
1711929600000,0.0007346
1711958400000,0.0004549
1711987200000,0.00036377
1712016000007,0.00033082
1712044800015,0.00013093
1712073600000,0.00015022
1712102400000,0.00018569
1712131200000,0.00016979
1712160000000,0.00018169
1712188800000,0.00020508
1712217600000,0.00030684
1712246400000,0.00021606
1712275200000,0.00019526
1712304000000,0.00018897
1712332800000,0.0001966
1712361600000,0.00030638
1712390400000,0.00019576
1712419200000,0.00014657
1712448000000,0.00014988
1712476800000,0.00011609
1712505600000,0.00015135
1712534400001,0.00023276
1712563200000,0.00015861
1712592000006,0.00024094
1712620800000,0.00021393
1712649600001,0.00020568
1712678400001,0.00019075
1712707200000,0.00024371
1712736000001,0.00019677
1712764800000,0.00015233
1712793600000,0.00017799
1712822400000,0.00020541
1712851200000,0.00016277
1712880000000,0.00014493
1712908800001,0.00020176
1712937600000,0.00018351
1712966400000,-0.0001438
1712995200000,0.0001
1713024000001,0.0001
1713052800000,0.0001
1713081600000,0.0001
1713110400000,0.0001
1713139200000,1.77e-05
1713168000001,5.597e-05
1713196800000,0.0001
1713225600001,0.0001
1713254400000,0.0001
1713283200000,6.078e-05
1713312000000,-1.536e-05
1713340800000,5.314e-05
1713369600000,5.025e-05
1713398400000,5.653e-05
1713427200000,3.12e-05
1713456000000,5.43e-06
1713484800001,8.146e-05
1713513600000,0.0001
1713542400000,0.0001
1713571200000,7.236e-05
1713600000000,6.938e-05
1713628800000,7.572e-05
1713657600000,0.0001
1713686400000,6.53e-05
1713715200000,8.015e-05
1713744000000,0.0001
1713772800000,0.0001
1713801600000,4.37e-05
1713830400000,2.493e-05
1713859200000,4.762e-05
1713888000001,0.0001
1713916800000,6.22e-05
1713945600000,0.0001
1713974400000,5.597e-05
1714003200000,-3.23e-06
1714032000000,6.305e-05
1714060800010,-1.384e-05
1714089600001,-5.092e-05
1714118400000,1.289e-05
1714147200000,2.944e-05
1714176000000,5.473e-05
1714204800001,8.93e-05
1714233600000,0.0001
1714262400000,-3.796e-05
1714291200000,4e-06
1714320000000,9.88e-06
1714348800000,0.0001
1714377600000,0.0001
1714406400000,2.952e-05
1714435200000,-7.96e-06
1714464000000,0.0001
1714492800000,3.031e-05
1714521600000,-0.00012355
1714550400000,-6.31e-06
1714579200000,0.0001
1714608000000,0.0001
1714636800000,6.194e-05
1714665600002,-2.462e-05
1714694400000,8.46e-05
1714723200000,8.958e-05
1714752000000,0.0001
1714780800000,0.0001
1714809600000,0.0001
1714838400000,0.0001
1714867200000,6.534e-05
1714896000000,6.751e-05
1714924800000,6.072e-05
1714953600000,9.364e-05
1714982400000,8.322e-05
1715011200000,8.966e-05
1715040000000,2.432e-05
1715068800000,9.611e-05
1715097600000,0.0001
1715126400000,0.0001
1715155200000,-2.996e-05
1715184000000,6.17e-05
1715212800000,0.0001
1715241600000,0.0001
1715270400000,0.0001
1715299200000,0.0001
1715328000000,0.0001
1715356800000,0.0001
1715385600000,4.693e-05
1715414400000,0.0001
1715443200000,0.0001
1715472000000,0.0001
1715500800000,9.772e-05
1715529600000,0.0001
1715558400001,5.136e-05
1715587200001,7.952e-05
1715616000000,9.825e-05
1715644800000,7.099e-05
1715673600000,0.0001
1715702400000,2.82e-05
1715731200000,9.624e-05
1715760000000,1.792e-05
1715788800000,8.11e-05
1715817600004,8.692e-05
1715846400000,0.0001
1715875200000,0.0001
1715904000000,0.0001
1715932800000,0.0001
1715961600000,0.0001
1715990400000,0.0001
1716019200000,0.0001
1716048000000,7.996e-05
1716076800000,0.0001
1716105600000,0.0001
1716134400000,0.0001
1716163200000,7.01e-06
1716192000000,3.733e-05
1716220800003,3.757e-05
1716249600000,0.0001
1716278400001,0.0001
1716307200000,0.0001
1716336000000,0.0001
1716364800000,0.00013138
1716393600000,0.0001
1716422400000,0.0001
1716451200000,0.0001
1716480000000,0.0001
1716508800000,0.0001
1716537600000,0.0001
1716566400000,0.0001
1716595200000,0.0001
1716624000000,0.00010268
1716652800000,0.0001
1716681600000,0.0001
1716710400000,0.0001
1716739200000,0.0001
1716768000000,0.0001
1716796800000,0.00010445
1716825600000,0.0001
1716854400000,0.0001
1716883200000,0.0001
1716912000000,0.00020031
1716940800001,0.00023388
1716969600000,0.00010827
1716998400000,0.00014308
1717027200000,0.00018152
1717056000000,0.00013182
1717084800000,0.00019406
1717113600000,0.00016092
1717142400000,0.0001479
1717171200000,0.00011295
1717200000000,0.00019172
1717228800000,0.00010682
1717257600001,0.0001
1717286400000,0.00017516
1717315200000,0.00020835
1717344000000,0.00017762
1717372800000,0.00014646
1717401600000,0.00018644
1717430400000,0.00013294
1717459200000,0.0001
1717488000000,0.0001401
1717516800000,0.00018692
1717545600000,0.00019479
1717574400000,0.0002173
1717603200000,0.00023247
1717632000000,0.00019442
1717660800008,0.00011069
1717689600000,0.00023599
1717718400000,0.00014691
1717747200000,0.00020726
1717776000000,0.00025857
1717804800000,0.0001
1717833600000,0.0001
1717862400000,0.0001
1717891200000,0.0001
1717920000000,0.0001
1717948800001,0.0001
1717977600000,0.0001
1718006400000,0.0001
1718035200001,0.0001
1718064000001,0.0001
1718092800000,0.0001
1718121600000,0.0001
1718150400000,0.0001
1718179200000,0.0001
1718208000000,0.0001
1718236800000,0.0001
1718265600001,0.0001
1718294400000,0.0001
1718323200000,0.0001
1718352000000,0.0001
1718380800000,0.0001
1718409600000,0.0001
1718438400000,0.0001
1718467200000,0.0001
1718496000001,0.0001
1718524800000,0.0001
1718553600000,0.0001
1718582400000,0.0001
1718611200000,0.0001
1718640000000,4.692e-05
1718668800000,6.981e-05
1718697600000,-3.52e-05
1718726400000,8.975e-05
1718755200001,9.615e-05
1718784000001,3.825e-05
1718812800000,0.0001
1718841600000,3.339e-05
1718870400000,6.907e-05
1718899200000,0.0001
1718928000000,7.121e-05
1718956800000,5.838e-05
1718985600000,9.647e-05
1719014400000,0.0001
1719043200000,0.0001
1719072000000,0.0001
1719100800000,0.0001
1719129600000,4.841e-05
1719158400000,0.0001
1719187200002,9.857e-05
1719216000000,0.0001
1719244800000,0.0001
1719273600000,0.0001
1719302400000,0.0001
1719331200000,0.0001
1719360000002,0.0001
1719388800000,9.764e-05
1719417600000,0.0001
1719446400000,0.0001
1719475200001,0.0001
1719504000000,0.0001
1719532800000,0.0001
1719561600000,0.0001
1719590400000,0.0001
1719619200001,0.0001
1719648000000,0.0001
1719676800000,0.0001
1719705600000,3.282e-05
1719734400000,8.159e-05
1719763200000,7.7e-06
1719792000000,7.46e-05
1719820800000,4.952e-05
1719849600001,0.0001
1719878400000,7.294e-05
1719907200000,0.0001
1719936000000,0.0001
1719964800000,0.0001
1719993600001,0.0001
1720022400000,0.0001
1720051200000,0.0001
1720080000000,0.0001
1720108800000,9.846e-05
1720137600000,5.977e-05
1720166400000,-0.00014073
1720195200000,-7.403e-05
1720224000000,6.51e-05
1720252800000,9.083e-05
1720281600000,5.565e-05
1720310400001,0.0001
1720339200000,0.0001
1720368000000,0.0001
1720396800000,8.747e-05
1720425600000,-5.412e-05
1720454400000,6.36e-05
1720483200000,5.399e-05
1720512000001,-3.376e-05
1720540800000,0.0001
1720569600000,-0.00017671
1720598400000,0.0001
1720627200000,0.0001
1720656000002,0.0001
1720684800002,0.0001
1720713600004,6.837e-05
1720742400000,0.0001
1720771200000,0.0001
1720800000000,0.0001
1720828800000,0.0001
1720857600000,0.0001
1720886400000,-9.627e-05
1720915200000,9.299e-05
1720944000000,0.0001
1720972800000,0.0001
1721001600000,0.0001
1721030400000,7.59e-06
1721059200000,5.435e-05
1721088000000,9.978e-05
1721116800000,0.0001
1721145600000,8.12e-05
1721174400000,0.0001
1721203200001,0.0001
1721232000000,0.0001
1721260800000,0.0001
1721289600000,0.0001
1721318400000,8.347e-05
1721347200000,0.0001
1721376000000,5.789e-05
1721404800000,9.945e-05
1721433600001,0.0001
1721462400000,0.0001
1721491200000,8.463e-05
1721520000000,1.532e-05
1721548800000,1.398e-05
1721577600000,7.546e-05
1721606400000,0.0001
1721635200000,3.199e-05
1721664000000,6.839e-05
1721692800000,6.313e-05
1721721600000,5.374e-05
1721750400000,7.409e-05
1721779200000,8.486e-05
1721808000000,5.839e-05
1721836800000,-3.767e-05
1721865600000,-0.00011566
1721894400000,-1.163e-05
1721923200000,-4.827e-05
1721952000000,-0.00010848
1721980800000,0.0001
1722009600000,0.0001
1722038400000,0.0001
1722067200000,0.0001
1722096000000,0.0001
1722124800000,0.0001
1722153600000,0.0001
1722182400001,0.0001
1722211200001,3.737e-05
1722240000000,0.0001
1722268800001,0.0001
1722297600000,9.104e-05
1722326400001,0.0001
1722355200000,0.0001
1722384000000,2.931e-05
1722412800000,0.0001
1722441600000,0.0001
1722470400000,0.0001
1722499200000,7.467e-05
1722528000000,6.54e-06
1722556800000,0.0001
1722585600001,3.796e-05
1722614400000,-1.672e-05
1722643200000,7.45e-06
1722672000000,2.546e-05
1722700800001,-0.00012276
1722729600000,5.176e-05
1722758400000,8.99e-06
1722787200000,-1.677e-05
1722816000000,1.246e-05
1722844800000,-6.33e-06
1722873600000,-0.00023108
1722902400000,-0.00018734
1722931200000,4.702e-05
1722960000000,4.204e-05
1722988800000,0.0001
1723017600001,4.257e-05
1723046400000,-6.422e-05
1723075200001,-8.668e-05
1723104000000,7.099e-05
1723132800000,2.995e-05
1723161600000,0.0001
1723190400000,6.243e-05
1723219200000,3.149e-05
1723248000000,-9.331e-05
1723276800000,1.909e-05
1723305600000,-0.00013048
1723334400000,-0.0001876
1723363200000,1.377e-05
1723392000001,6.8e-05
1723420800000,2.139e-05
1723449600000,2.286e-05
1723478400000,7.977e-05
1723507200000,0.0001
1723536000000,2.491e-05
1723564800000,1.233e-05
1723593600000,9.307e-05
1723622400000,6.61e-05
1723651200000,-1.168e-05
1723680000000,0.0001
1723708800000,0.0001
1723737600000,5.724e-05
1723766400000,-1.253e-05
1723795200000,8.683e-05
1723824000000,5.367e-05
1723852800000,0.0001
1723881600000,5.757e-05
1723910400000,3.911e-05
1723939200000,0.0001
1723968000000,5.935e-05
1723996800000,5.85e-05
1724025600000,5.37e-05
1724054400000,4.609e-05
1724083200002,1.671e-05
1724112000000,6.708e-05
1724140800000,9.758e-05
1724169600001,5.882e-05
1724198400001,3.152e-05
1724227200000,0.0001
1724256000001,3.341e-05
1724284800000,0.0001
1724313600000,-1.212e-05
1724342400008,0.0001
1724371200000,0.0001
1724400000000,7.72e-05
1724428800000,0.0001
1724457600000,0.0001
1724486400005,-9.437e-05
1724515200000,0.0001
1724544000000,0.0001
1724572800000,3.475e-05
1724601600000,9.751e-05
1724630400000,6.519e-05
1724659200001,0.0001
1724688000000,0.0001
1724716800001,5.149e-05
1724745600000,3.585e-05
1724774400000,9.125e-05
1724803200000,-0.00018076
1724832000000,-0.00013281
1724860800001,5.498e-05
1724889600000,-6.718e-05
1724918400001,4.518e-05
1724947200000,9.55e-05
1724976000000,-5.225e-05
1725004800000,0.0001
1725033600000,-1.503e-05
1725062400000,8.244e-05
1725091200000,9.232e-05
1725120000000,0.0001
1725148800000,-3.515e-05
1725177600001,0.0001
1725206400000,8.319e-05
1725235200001,-6.153e-05
1725264000001,-3.602e-05
1725292800000,-1.94e-06
1725321600000,0.0001
1725350400001,0.0001
1725379200000,5.937e-05
1725408000000,-1.623e-05
1725436800000,-1.073e-05
1725465600000,6.555e-05
1725494400000,0.0001
1725523200000,8.043e-05
1725552000005,8.164e-05
1725580800000,0.0001
1725609600001,3.772e-05
1725638400000,-5.731e-05
1725667200000,8.247e-05
1725696000000,8.816e-05
1725724800000,2.93e-06
1725753600000,0.0001
1725782400000,0.0001
1725811200000,6.869e-05
1725840000000,4.219e-05
1725868800000,0.0001
1725897600001,7.6e-05
1725926400000,7.111e-05
1725955200000,5.613e-05
1725984000000,7.019e-05
1726012800000,4.912e-05
1726041600000,9.92e-05
1726070400000,-2.803e-05
1726099200000,6.591e-05
1726128000000,9.99e-05
1726156800000,5.71e-05
1726185600000,0.0001
1726214400001,0.0001
1726243200001,5.1e-05
1726272000000,-6.827e-05
1726300800000,0.0001
1726329600001,0.0001
1726358400000,7.115e-05
1726387200000,4.59e-05
1726416000000,7.616e-05
1726444800000,-2.595e-05
1726473600001,-2.226e-05
1726502400000,-1.857e-05
1726531200001,-0.00015369
1726560000000,7.169e-05
1726588800000,2.5e-06
1726617600000,8.56e-06
1726646400000,0.0001
1726675200004,5.034e-05
1726704000000,0.0001
1726732800000,0.0001
1726761600001,1.114e-05
1726790400000,0.0001
1726819200001,6.895e-05
1726848000000,6.809e-05
1726876800001,0.0001
1726905600000,0.0001
1726934400000,0.0001
1726963200000,5.153e-05
1726992000000,7.889e-05
1727020800000,0.0001
1727049600000,5.823e-05
1727078400000,0.0001
1727107200000,6.465e-05
1727136000000,0.0001
1727164800000,0.0001
1727193600001,0.0001
1727222400000,0.0001
1727251200003,0.0001
1727280000000,0.0001
1727308800005,0.0001
1727337600000,0.0001
1727366400000,0.0001
1727395200000,0.0001
1727424000000,3.526e-05
1727452800000,7.404e-05
1727481600000,0.0001
1727510400001,0.0001
1727539200000,0.0001
1727568000001,9.701e-05
1727596800000,4.372e-05
1727625600000,0.0001
1727654400000,8.768e-05
1727683200001,0.0001
1727712000000,0.0001
1727740800000,0.0001
1727769600000,0.0001
1727798400001,3.333e-05
1727827200000,2.368e-05
1727856000000,5.333e-05
1727884800000,2.469e-05
1727913600000,0.0001
1727942400000,-2.858e-05
1727971200000,-7.21e-06
1728000000000,6.261e-05
1728028800000,1.658e-05
1728057600001,3.935e-05
1728086400000,-2.072e-05
1728115200000,0.0001
1728144000000,0.0001
1728172800000,0.0001
1728201600001,0.0001
1728230400000,0.0001
1728259200000,0.0001
1728288000000,0.0001
1728316800001,9.638e-05
1728345600000,2.409e-05
1728374400000,4.405e-05
1728403200000,0.0001
1728432000000,0.0001
1728460800000,0.0001
1728489600000,1.947e-05
1728518400000,8.942e-05
1728547200000,-1.989e-05
1728576000000,0.0001
1728604800000,0.0001
1728633600000,0.0001
1728662400001,0.0001
1728691200000,0.0001
1728720000001,0.0001
1728748800000,0.0001
1728777600000,0.0001
1728806400000,0.0001
1728835200000,4.001e-05
1728864000000,0.0001
1728892800000,0.0001
1728921600000,9.669e-05
1728950400000,0.0001
1728979200000,0.0001
1729008000000,0.0001
1729036800000,0.0001
1729065600001,0.0001
1729094400000,0.0001
1729123200000,0.0001
1729152000000,8.57e-06
1729180800001,0.0001
1729209600010,0.0001
1729238400001,0.0001
1729267200000,8.805e-05
1729296000000,0.0001
1729324800000,0.0001
1729353600000,0.0001
1729382400000,5.971e-05
1729411200000,0.0001
1729440000000,0.0001
1729468800000,0.0001
1729497600000,0.0001
1729526400000,0.0001
1729555200000,0.0001
1729584000000,0.0001
1729612800000,0.0001
1729641600000,0.0001
1729670400000,0.0001
1729699200000,0.0001
1729728000000,0.0001
1729756800000,0.0001
1729785600000,0.0001
1729814400000,0.0001
1729843200000,0.0001
1729872000000,0.0001
1729900800000,0.0001
1729929600001,-5.6e-07
1729958400000,-5.12e-06
1729987200000,0.0001
1730016000000,-2.429e-05
1730044800000,8.926e-05
1730073600000,1.53e-05
1730102400001,7.997e-05
1730131200000,0.0001
1730160000000,0.0001
1730188800000,0.0001
1730217600004,0.0001
1730246400000,0.0001
1730275200000,0.0001
1730304000013,0.0001
1730332800000,0.0001
1730361600000,0.0001
1730390400000,0.0001
1730419200000,0.0001
1730448000000,0.0001
1730476800000,0.0001
1730505600000,0.0001
1730534400000,0.0001
1730563200000,7.024e-05
1730592000000,0.0001
1730620800000,-4.398e-05
1730649600000,-1.682e-05
1730678400000,2.168e-05
1730707200000,-2.407e-05
1730736000000,0.0001
1730764800000,0.0001
1730793600003,0.0001
1730822400001,0.0001
1730851200000,0.0001
1730880000000,0.0001
1730908800000,0.0001
1730937600000,0.0001
1730966400000,0.0001
1730995200000,0.0001
1731024000000,0.0001
1731052800000,0.0001
1731081600000,0.0001
1731110400000,0.0001
1731139200000,0.0001
1731168000000,0.0001
1731196800000,0.0001
1731225600000,0.0001
1731254400000,0.00026729
1731283200001,0.00021469
1731312000000,0.00018238
1731340800000,0.0001
1731369600002,0.00031911
1731398400000,0.00043289
1731427200000,0.00024209
1731456000000,0.00011591
1731484800010,0.00010546
1731513600000,0.00013771
1731542400001,0.00019607
1731571200000,0.00013837
1731600000000,0.0001
1731628800000,0.0001
1731657600000,0.0001
1731686400000,0.0001
1731715200001,0.0001
1731744000001,0.0001
1731772800000,0.00017766
1731801600000,0.00020668
1731830400000,0.0001
1731859200001,0.00010269
1731888000000,0.0001
1731916800000,0.00016435
1731945600000,0.00013207
1731974400000,0.0002257
1732003200000,0.00017812
1732032000000,0.00021592
1732060800003,0.0001
1732089600000,0.0001514
1732118400000,0.0001
1732147200001,0.0001
1732176000000,0.0001
1732204800001,0.00014351
1732233600000,0.00028682
1732262400000,0.00016547
1732291200001,0.00017847
1732320000000,0.0001
1732348800000,0.00033561
1732377600000,0.00027517
1732406400001,0.00017631
1732435200000,0.00014602
1732464000000,0.00016168
1732492800000,0.00011779
1732521600000,0.00034964
1732550400000,0.00016318
1732579200000,0.00018778
1732608000000,0.0001
1732636800000,0.0001
1732665600000,0.0001
1732694400000,0.00017408
1732723200001,0.00022556
1732752000000,0.00022887
1732780800000,0.00016476
1732809600000,0.00010067
1732838400000,0.0001
1732867200000,0.00019889
1732896000000,0.00037936
1732924800000,0.00038018
1732953600000,0.00033421
1732982400000,0.00026562
1733011200000,0.00025277
1733040000000,0.00018915
1733068800000,0.00035558
1733097600001,0.00018683
1733126400001,0.00025043
1733155200000,0.00025825
1733184000000,0.00037731
1733212800000,0.00042672
1733241600000,0.00032307
1733270400000,0.00032302
1733299200000,0.00038444
1733328000000,0.00043678
1733356800001,0.00024708
1733385600000,0.00056284
1733414400000,0.00055493
1733443200000,0.00048215
1733472000000,0.00052751
1733500800000,0.00034702
1733529600000,0.00034112
1733558400000,0.00040498
1733587200000,0.00030747
1733616000000,0.00041733
1733644800000,0.00020215
1733673600000,0.0002297
1733702400000,0.00031074
1733731200000,0.00033945
1733760000001,0.00011608
1733788800007,0.0001
1733817600000,0.0001
1733846400000,0.0001
1733875200000,0.0001
1733904000000,0.0001
1733932800001,0.0001
1733961600001,0.0001
1733990400000,0.0001
1734019200001,0.0001
1734048000000,0.0001
1734076800000,0.0001
1734105600001,0.0001
1734134400000,0.0001
1734163200000,0.0001
1734192000000,0.0001
1734220800000,0.0001
1734249600000,0.0001
1734278400000,0.0001
1734307200000,0.0001
1734336000001,0.0001
1734364800000,0.0001
1734393600000,0.0001
1734422400000,0.0001
1734451200000,0.0001
1734480000000,0.0001
1734508800000,0.0001
1734537600000,0.0001
1734566400000,0.0001
1734595200000,7.304e-05
1734624000000,9.715e-05
1734652800000,9.654e-05
1734681600001,0.0001
1734710400014,1.356e-05
1734739200000,0.0001
1734768000000,0.0001
1734796800001,0.0001
1734825600000,6.316e-05
1734854400000,0.0001
1734883200000,5.65e-05
1734912000000,0.0001
1734940800000,0.0001
1734969600001,0.0001
1734998400000,0.0001
1735027200000,0.0001
1735056000001,0.0001
1735084800001,9.241e-05
1735113600000,-2.8e-07
1735142400000,0.0001
1735171200000,0.0001
1735200000000,0.0001
1735228800000,0.0001
1735257600000,0.0001
1735286400000,0.0001
1735315200000,0.0001
1735344000001,8.987e-05
1735372800000,5.9e-07
1735401600000,7.141e-05
1735430400000,0.0001
1735459200000,0.0001
1735488000000,0.0001
1735516800000,0.0001
1735545600001,9.652e-05
1735574400000,0.0001
1735603200000,0.0001
1735632000000,6.415e-05
1735660800000,0.0001
1735689600015,0.0001
1735718400000,0.0001
1735747200001,0.0001
1735776000000,0.0001
1735804800006,0.0001
1735833600000,0.0001
1735862400000,0.0001
1735891200000,0.0001
1735920000000,0.0001
1735948800000,0.0001
1735977600000,0.0001
1736006400000,0.0001
1736035200000,0.0001
1736064000000,0.0001
1736092800000,0.0001
1736121600000,0.0001
1736150400001,0.0001
1736179200000,0.0001
1736208000000,0.0001
1736236800000,0.0001
1736265600008,0.0001
1736294400001,0.0001
1736323200000,0.0001
1736352000000,7.882e-05
1736380800000,-5.75e-06
1736409600000,0.0001
1736438400000,0.0001
1736467200000,0.0001
1736496000000,0.0001
1736524800000,0.0001
1736553600000,0.0001
1736582400000,2.954e-05
1736611200000,0.0001
1736640000000,0.0001
1736668800000,0.0001
1736697600000,0.0001
1736726400000,0.0001
1736755200000,4.913e-05
1736784000000,1.904e-05
1736812800000,0.0001
1736841600000,0.0001
1736870400000,5.669e-05
1736899200000,9.823e-05
1736928000000,8.95e-05
1736956800000,0.0001
1736985600000,0.0001
1737014400000,0.0001
1737043200000,0.0001
1737072000004,0.0001
1737100800000,0.0001
1737129600008,0.0001
1737158400000,0.0001
1737187200007,0.0001
1737216000000,0.0001
1737244800000,0.0001
1737273600000,0.0001
1737302400000,0.0001
1737331200000,0.0001
1737360000009,0.0001
1737388800000,0.0001
1737417600000,0.0001
1737446400000,0.0001
1737475200000,0.0001
1737504000000,0.0001
1737532800000,0.0001
1737561600000,0.0001
1737590400001,0.0001
1737619200000,0.0001
1737648000000,0.0001
1737676800000,0.0001
1737705600000,0.0001
1737734400000,0.0001
1737763200000,0.0001
1737792000000,7.716e-05
1737820800001,3.181e-05
1737849600000,5.09e-05
1737878400000,0.0001
1737907200000,0.0001
1737936000000,5.818e-05
1737964800000,-1.4e-07
1737993600000,7.294e-05
1738022400000,0.0001
1738051200000,0.0001
1738080000000,0.0001
1738108800000,6.143e-05
1738137600000,0.0001
1738166400000,0.0001
1738195200000,0.0001
1738224000000,0.0001
1738252800000,0.0001
1738281600000,0.0001
1738310400000,0.0001
1738339200000,0.0001
1738368000000,0.0001
1738396800000,0.0001
1738425600000,6.059e-05
1738454400001,-6.889e-05
1738483200000,2.29e-06
1738512000000,-2.006e-05
1738540800000,-9.286e-05
1738569600000,-0.00012711
1738598400000,-6.471e-05
1738627200000,-2.874e-05
1738656000001,8.2e-07
1738684800000,-5.866e-05
1738713600001,5.203e-05
1738742400001,2.041e-05
1738771200000,-1.431e-05
1738800000001,-1.234e-05
1738828800001,-0.0001148
1738857600000,-5.432e-05
1738886400000,-8.517e-05
1738915200000,0.0001
1738944000000,-7.742e-05
1738972800000,-8.995e-05
1739001600000,-4.119e-05
1739030400000,1.542e-05
1739059200000,0.0001
1739088000000,0.0001
1739116800000,9.365e-05
1739145600000,8.709e-05
1739174400000,8.709e-05
1739203200000,0.0001
1739232000000,3.578e-05
1739260800000,9.674e-05
1739289600000,4.647e-05
1739318400000,-4.079e-05
1739347200000,-0.00016229
1739376000001,-1.782e-05
1739404800001,7.2e-05
1739433600000,0.0001
1739462400001,0.0001
1739491200000,8.212e-05
1739520000001,7.317e-05
1739548800000,0.0001
1739577600000,0.0001
1739606400000,6.985e-05
1739635200000,-2.87e-05
1739664000000,-4.03e-05
1739692800000,-1.712e-05
1739721600000,-7.116e-05
1739750400000,-5.277e-05
1739779200000,-4.575e-05
1739808000000,0.0001
1739836800000,4.469e-05
1739865600000,-0.00020931
1739894400000,-0.00017535
1739923200000,-8.962e-05
1739952000000,-1.488e-05
1739980800000,9.849e-05
1740009600000,7.777e-05
1740038400000,0.0001
1740067200000,0.0001
1740096000001,0.0001
1740124800000,0.0001
1740153600000,0.0001
1740182400000,0.0001
1740211200000,0.0001
1740240000000,0.0001
1740268800000,5.04e-05
1740297600000,0.0001
1740326400000,7.634e-05
1740355200000,1.343e-05
1740384000000,2.778e-05
1740412800000,-7.206e-05
1740441600000,4.305e-05
1740470400000,-0.00010232
1740499200000,5.628e-05
1740528000000,-1.811e-05
1740556800000,2.128e-05
1740585600000,0.0001
1740614400001,0.0001
1740643200000,0.0001
1740672000000,0.0001
1740700800001,9.16e-05
1740729600000,2.932e-05
1740758400000,5.799e-05
1740787200000,0.0001
1740816000000,0.0001
1740844800001,3.895e-05
1740873600000,0.0001
1740902400000,4.158e-05
1740931200000,5.558e-05
1740960000001,0.0001
1740988800000,-1.877e-05
1741017600000,1.234e-05
1741046400001,-0.00019828
1741075200005,-9.924e-05
1741104000000,-5.202e-05
1741132800000,-1.86e-06
1741161600000,-6.961e-05
1741190400000,4.354e-05
1741219200000,-5.265e-05
1741248000001,9.214e-05
1741276800000,8.165e-05
1741305600000,-2.865e-05
1741334400001,5.951e-05
1741363200000,9.998e-05
1741392000000,0.0001
1741420800001,-3.059e-05
1741449600001,-2.684e-05
1741478400001,4.421e-05
1741507200000,-4.615e-05
1741536000000,-0.00013144
1741564800000,-0.00020894
1741593600000,-9.906e-05
1741622400000,-2.965e-05
1741651200000,-0.00010294
1741680000000,2.465e-05
1741708800001,9.934e-05
1741737600000,9.561e-05
1741766400000,5.867e-05
1741795200001,0.0001
1741824000000,0.0001
1741852800000,0.0001
1741881600000,5.867e-05
1741910400000,0.0001
1741939200000,5.737e-05
1741968000000,7.917e-05
1741996800000,0.0001
1742025600000,5.623e-05
1742054400000,8.47e-06
1742083200000,-2.857e-05
1742112000000,0.0001
1742140800000,-1.662e-05
1742169600000,-4.1e-05
1742198400000,0.0001
1742227200000,6.578e-05
1742256000000,7.716e-05
1742284800000,3.758e-05
1742313600000,-3.6e-07
1742342400000,0.0001
1742371200000,0.0001
1742400000000,7.365e-05
1742428800000,0.0001
1742457600000,7.63e-05
1742486400000,8.195e-05
1742515200000,6.79e-05
1742544000000,7.53e-05
1742572800000,3.336e-05
1742601600000,-9.14e-06
1742630400004,6.674e-05
1742659200000,2.199e-05
1742688000000,7.97e-06
1742716800000,8.884e-05
1742745600000,-5.27e-06
1742774400000,0.0001
1742803200000,0.0001
1742832000000,0.0001
1742860800001,0.0001
1742889600000,0.0001
1742918400000,5.428e-05
1742947200000,0.0001
1742976000000,0.0001
1743004800001,-1.802e-05
1743033600001,0.0001
1743062400001,4.765e-05
1743091200002,5.756e-05
1743120000001,7.085e-05
1743148800001,2.275e-05
1743177600000,-0.00016795
1743206400000,-0.00018688
1743235200000,3.279e-05
1743264000000,-0.00016179
1743292800000,-2.801e-05
1743321600000,-7.456e-05
1743350400000,-5.058e-05
1743379200000,-0.00016461
1743408000000,-6.347e-05
1743436800000,2.653e-05
1743465600000,-1.882e-05
1743494400001,-1.663e-05
1743523200000,8.941e-05
1743552000001,0.0001
1743580800000,8.77e-06
1743609600000,-1.629e-05
1743638400000,8.533e-05
1743667200000,-2.451e-05
1743696000000,-3.483e-05
1743724800000,-0.00014367
1743753600000,2.177e-05
1743782400000,6.189e-05
1743811200000,0.0001
1743840000000,0.0001
1743868800000,9.027e-05
1743897600000,3.537e-05
1743926400000,4.258e-05
1743955200002,-3.251e-05
1743984000000,-6.983e-05
1744012800000,3.978e-05
1744041600000,3.72e-05
1744070400000,6.279e-05
1744099200000,9.337e-05
1744128000000,4.49e-05
1744156800000,9.757e-05
1744185600001,0.0001
1744214400000,7.89e-05
1744243200000,0.0001
1744272000000,0.0001
1744300800000,3.963e-05
1744329600001,5.836e-05
1744358400000,3.761e-05
1744387200000,9.39e-05
1744416000000,7.712e-05
1744444800001,6.484e-05
1744473600000,4.853e-05
1744502400000,9.575e-05
1744531200000,7.764e-05
1744560000000,8.79e-05
1744588800000,0.0001
1744617600000,1.81e-05
1744646400000,-1.617e-05
1744675200000,2.913e-05
1744704000000,-5.745e-05
1744732800001,4.971e-05
1744761600000,1.767e-05
1744790400000,-7.907e-05
1744819200000,-4.331e-05
1744848000001,3.326e-05
1744876800000,0.0001
1744905600001,-7.971e-05
1744934400000,2.25e-05
1744963200000,0.0001
1744992000000,0.0001
1745020800000,0.0001
1745049600000,0.0001
1745078400000,0.0001
1745107200000,0.0001
1745136000000,0.0001
1745164800000,0.0001
1745193600000,0.0001
1745222400005,0.0001
1745251200003,9.173e-05
1745280000008,-4.491e-05
1745308800000,-5.759e-05
1745337600000,2.897e-05
1745366400000,8.966e-05
1745395200002,0.0001
1745424000000,0.0001
1745452800000,8.289e-05
1745481600001,0.0001
1745510400001,9.816e-05
1745539200007,0.0001
1745568000002,0.0001
1745596800003,1.359e-05
1745625600002,0.0001
1745654400000,6.002e-05
1745683200002,0.0001
1745712000001,5.222e-05
1745740800000,9.366e-05
1745769600000,4.599e-05
1745798400001,-0.00010647
1745827200003,2.689e-05
1745856000005,1.045e-05
1745884800000,0.0001
1745913600000,5.645e-05
1745942400010,-7.42e-06
1745971200001,-4.811e-05
1746000000000,-2.598e-05
1746028800003,-4.785e-05
1746057600000,3.722e-05
1746086400000,6.703e-05
1746115200001,7.942e-05
1746144000000,0.0001
1746172800000,0.0001
1746201600003,0.0001
1746230400000,1.559e-05
1746259200000,3.995e-05
1746288000000,-0.00011859
1746316800001,-6.334e-05
1746345600001,-0.00014927
1746374400002,-2.05e-05
1746403200000,3.01e-05
1746432000000,-9.523e-05
1746460800006,1.504e-05
1746489600002,-4.197e-05
1746518400005,3.412e-05
1746547200000,-4.76e-06
1746576000002,4.159e-05
1746604800000,-1.312e-05
1746633600006,-3.077e-05
1746662400000,0.0001
1746691200001,7.667e-05
1746720000002,4.752e-05
1746748800001,0.0001
1746777600006,0.0001
1746806400000,0.0001
1746835200001,0.0001
1746864000000,5.097e-05
1746892800001,3.171e-05
1746921600000,6.88e-06
1746950400001,0.0001
1746979200001,0.0001
1747008000004,0.0001
1747036800000,0.0001
1747065600000,0.0001
1747094400000,5.573e-05
1747123200008,6.109e-05
1747152000001,3.17e-05
1747180800007,0.0001
1747209600000,0.0001
1747238400002,0.0001
1747267200000,0.0001
1747296000003,0.0001
1747324800000,0.0001
1747353600001,2.98e-05
1747382400000,-3.257e-05
1747411200000,4.133e-05
1747440000000,0.0001
1747468800001,-0.00010229
1747497600004,-6.19e-06
1747526400000,-6.068e-05
1747555200000,-9.241e-05
1747584000000,5.928e-05
1747612800000,3.794e-05
1747641600006,3.901e-05
1747670400010,7.969e-05
1747699200000,6.342e-05
1747728000002,6.691e-05
1747756800000,7.05e-06
1747785600000,7.828e-05
1747814400001,6.014e-05
1747843200004,0.0001
1747872000001,7.454e-05
1747900800000,2.834e-05
1747929600002,0.0001
1747958400006,0.0001
1747987200000,0.0001
1748016000007,0.0001
1748044800010,0.0001
1748073600000,-3.733e-05
1748102400003,-6.715e-05
1748131200004,3.48e-05
1748160000000,1.584e-05
1748188800000,-8.109e-05
1748217600000,1.621e-05
1748246400000,2.718e-05
1748275200002,0.0001
1748304000003,-1.676e-05
1748332800001,8.437e-05
1748361600005,9.199e-05
1748390400002,0.0001
1748419200003,0.0001
1748448000002,6.019e-05
1748476800000,6.412e-05
1748505600006,0.0001
1748534400000,1.476e-05
1748563200003,-0.00010733
1748592000003,-0.00031978
1748620800000,-0.00018302
1748649600000,-0.00026718
1748678400000,-0.00011297
1748707200000,-0.00012563
1748736000001,2.4e-06
1748764800002,4.478e-05
1748793600000,0.0001
1748822400001,-2.23e-05
1748851200000,6.845e-05
1748880000000,2.716e-05
1748908800000,5.768e-05
1748937600000,6.871e-05
1748966400001,5.755e-05
1748995200000,0.0001
1749024000000,-5.363e-05
1749052800000,0.0001
1749081600016,2.748e-05
1749110400000,-6.91e-06
1749139200000,7.11e-05
1749168000002,-0.00011251
1749196800000,-6.475e-05
1749225600006,-2.971e-05
1749254400000,0.0001
1749283200000,0.0001
1749312000002,7.45e-05
1749340800000,9.453e-05
1749369600000,9.821e-05
1749398400000,1.428e-05
1749427200000,8.093e-05
1749456000001,5.56e-05
1749484800001,5.838e-05
1749513600000,0.0001
1749542400001,0.0001
1749571200003,0.0001
1749600000000,0.0001
1749628800000,0.0001
1749657600010,0.0001
1749686400002,0.0001
1749715200003,6.291e-05
1749744000001,-3.079e-05
1749772800000,2.594e-05
1749801600001,-0.00024588
1749830400004,-1.645e-05
1749859200000,5.795e-05
1749888000000,5.686e-05
1749916800000,3.269e-05
1749945600005,-7.1e-06
1749974400009,6.45e-06
1750003200000,-3.815e-05
1750032000000,2.518e-05
1750060800000,-5.737e-05
1750089600003,3.827e-05
1750118400000,8.026e-05
1750147200006,7.137e-05
1750176000001,7.279e-05
1750204800001,9.8e-05
1750233600001,0.0001
1750262400001,7.269e-05
1750291200005,7.932e-05
1750320000003,5.381e-05
1750348800000,8.099e-05
1750377600000,7.025e-05
1750406400002,8.794e-05
1750435200001,-5.139e-05
1750464000002,7.671e-05
1750492800005,0.0001
1750521600000,-5.528e-05
1750550400005,6.551e-05
1750579200000,7.367e-05
1750608000003,4.618e-05
1750636800000,4.185e-05
1750665600004,-7.6e-07
1750694400013,-2.233e-05
1750723200003,5.473e-05
1750752000000,8.14e-05
1750780800000,0.0001
1750809600005,0.0001
1750838400000,0.0001
1750867200005,-1.331e-05
1750896000000,-5.119e-05
1750924800006,-6.118e-05
1750953600007,-0.00014871
1750982400000,4.432e-05
1751011200000,8.4e-06
1751040000009,1.749e-05
1751068800001,2.274e-05
1751097600002,-3.877e-05
1751126400000,0.0001
1751155200004,0.0001
1751184000001,0.0001
1751212800001,5.239e-05
1751241600000,0.0001
1751270400005,0.0001
1751299200002,2.727e-05
1751328000007,-0.00010262
1751356800002,-5.28e-06
1751385600000,-0.00011906
1751414400001,-0.00019968
1751443200000,-0.000142
1751472000003,-2.821e-05
1751500800006,0.0001
1751529600003,-9.858e-05
1751558400003,-6.88e-06
1751587200005,-0.00011982
1751616000003,0.0001
1751644800001,-4.524e-05
1751673600004,-0.00021317
1751702400009,-1.811e-05
1751731200006,-0.00016547
1751760000001,-0.00021639
1751788800002,-7.19e-05
1751817600004,6.33e-06
1751846400000,4.439e-05
1751875200007,0.0001
1751904000000,0.0001
1751932800010,0.0001
1751961600003,6.776e-05
1751990400000,6.667e-05
1752019200002,0.0001
1752048000006,4.247e-05
1752076800001,0.0001
1752105600003,0.0001
1752134400000,0.0001
1752163200004,0.0001
1752192000004,0.0001
1752220800007,0.0001
1752249600001,0.0001
1752278400000,0.0001
1752307200001,0.0001
1752336000002,0.0001
1752364800006,0.0001
1752393600001,8.644e-05
1752422400003,0.0001
1752451200000,0.0001
1752480000000,0.0001
1752508800000,0.0001
1752537600002,0.0001
1752566400000,0.0001
1752595200000,0.0001
1752624000000,0.0001
1752652800000,0.0001
1752681600008,0.0001
1752710400003,0.0001
1752739200000,0.0001
1752768000000,0.0001
1752796800004,0.0001
1752825600000,0.0001
1752854400000,0.0001
1752883200009,0.0001
1752912000000,0.0001
1752940800002,0.0001
1752969600000,0.0001
1752998400000,0.0001
1753027200000,0.0001
1753056000001,0.0001
1753084800000,0.0001
1753113600001,0.0001
1753142400000,0.0001
1753171200010,0.0001
1753200000007,0.0001
1753228800000,0.0001
1753257600004,0.0001
1753286400002,0.0001
1753315200000,0.0001
1753344000001,0.0001
1753372800000,0.0001
1753401600000,0.0001
1753430400000,0.0001
1753459200000,0.0001
1753488000001,0.0001
1753516800005,0.0001
1753545600001,0.0001
1753574400001,0.0001
1753603200000,0.0001
1753632000008,9.97e-06
1753660800005,0.0001
1753689600000,0.0001
1753718400000,4.329e-05
1753747200001,7.267e-05
1753776000000,6.858e-05
1753804800000,0.0001
1753833600011,7.73e-06
1753862400000,2.476e-05
1753891200008,1.33e-06
1753920000000,6.373e-05
1753948800009,4.256e-05
1753977600000,-6.702e-05
1754006400001,-6.073e-05
1754035200003,1.39e-05
1754064000000,0.0001
1754092800004,0.0001
1754121600000,5.742e-05
1754150400000,-1.013e-05
1754179200000,7.26e-05
1754208000000,-2.317e-05
1754236800003,1.045e-05
1754265600004,0.0001
1754294400000,7.396e-05
1754323200002,1.892e-05
1754352000000,0.0001
1754380800000,0.0001
1754409600000,3.469e-05
1754438400005,7.375e-05
1754467200000,6.773e-05
1754496000000,0.0001
1754524800003,5.005e-05
1754553600002,4.964e-05
1754582400002,0.0001
1754611200002,9.757e-05
1754640000004,7.207e-05
1754668800000,9.165e-05
1754697600005,0.0001
1754726400000,0.0001
1754755200007,0.0001
1754784000003,0.0001
1754812800005,0.0001
1754841600002,0.0001
1754870400000,0.0001
1754899200000,0.0001
1754928000000,7.622e-05
1754956800000,3.006e-05
1754985600001,4.794e-05
1755014400005,-4.504e-05
1755043200000,0.0001
1755072000002,0.0001
1755100800006,0.0001
1755129600002,0.0001
1755158400003,0.0001
1755187200000,0.0001
1755216000000,8.906e-05
1755244800000,2.303e-05
1755273600000,6.925e-05
1755302400004,-0.00010573
1755331200000,-4.347e-05
1755360000002,5.089e-05
1755388800000,-0.00011645
1755417600001,-3.359e-05
1755446400007,0.0001
1755475200000,0.0001
1755504000001,4.928e-05
1755532800002,-5.018e-05
1755561600000,9.7e-06
1755590400001,5.14e-05
1755619200000,6.759e-05
1755648000000,2.225e-05
1755676800000,-3.184e-05
1755705600000,6.466e-05
1755734400006,9.894e-05
1755763200000,0.0001
1755792000003,-5.437e-05
1755820800010,0.0001
1755849600007,0.0001
1755878400001,-1.076e-05
1755907200004,0.0001
1755936000006,0.0001
1755964800000,0.0001
1755993600001,0.0001
1756022400002,0.0001
1756051200001,0.0001
1756080000000,0.0001
1756108800002,0.0001
1756137600002,-1.075e-05
1756166400000,2.688e-05
1756195200000,1.963e-05
1756224000000,-2.918e-05
1756252800003,-2.34e-05
1756281600000,8.027e-05
1756310400009,3.075e-05
1756339200000,8.463e-05
1756368000005,4.844e-05
1756396800004,6.302e-05
1756425600000,0.0001
1756454400000,0.0001
1756483200005,0.0001
1756512000000,0.0001
1756540800002,0.0001
1756569600003,0.0001
1756598400016,0.0001
1756627200000,8.312e-05
1756656000001,7.263e-05
1756684800000,3.829e-05
1756713600000,0.0001
1756742400001,0.0001
1756771200000,-9.13e-06
1756800000005,0.0001
1756828800007,0.0001
1756857600006,0.0001
1756886400002,0.0001
1756915200002,7.721e-05
1756944000002,0.0001
1756972800000,-3.74e-06
1757001600000,2.346e-05
1757030400001,-9.431e-05
1757059200006,0.0001
1757088000000,0.0001
1757116800000,0.0001
1757145600005,9.329e-05
1757174400000,0.0001
1757203200000,0.0001
1757232000000,0.0001
1757260800000,0.0001
1757289600007,9.922e-05
1757318400000,0.0001
1757347200000,0.0001
1757376000000,0.0001
1757404800000,0.0001
1757433600000,0.0001
1757462400000,9.241e-05
1757491200002,5.778e-05
1757520000000,9.852e-05
1757548800000,-3.97e-05
1757577600000,0.0001
1757606400001,0.0001
1757635200002,0.0001
1757664000001,0.0001
1757692800005,0.0001
1757721600005,0.0001
1757750400002,0.0001
1757779200000,0.0001
1757808000006,0.0001
1757836800000,0.0001
1757865600001,-1.384e-05
1757894400006,6.793e-05
1757923200002,-1.693e-05
1757952000001,-8.863e-05
1757980800001,9.51e-06
1758009600000,2.64e-05
1758038400000,9.715e-05
1758067200001,1.242e-05
1758096000000,-1.282e-05
1758124800003,-3.36e-05
1758153600006,0.0001
1758182400002,0.0001
1758211200000,0.0001
1758240000000,0.0001
1758268800005,0.0001
1758297600000,0.0001
1758326400000,-0.00011938
1758355200000,1.03e-05
1758384000002,7.666e-05
1758412800000,-2.453e-05
1758441600000,0.0001
1758470400000,-3.986e-05
1758499200005,4.436e-05
1758528000003,-0.00014936
1758556800000,-3.359e-05
1758585600000,8.38e-06
1758614400001,0.0001
1758643200000,2.714e-05
1758672000003,0.0001
1758700800001,8.689e-05
1758729600002,2.652e-05
1758758400000,8.193e-05
1758787200001,3.77e-06
1758816000000,5.514e-05
1758844800000,0.0001
1758873600000,3.983e-05
1758902400008,9.067e-05
1758931200000,6.06e-05
1758960000010,8.808e-05
1758988800003,8.671e-05
1759017600000,6.82e-05
1759046400000,2.216e-05
1759075200000,0.0001
1759104000000,5.569e-05
1759132800002,6.18e-06
1759161600001,1.102e-05
1759190400002,0.0001
1759219200005,6.49e-06
1759248000000,9.986e-05
1759276800000,7.552e-05
1759305600000,0.0001
1759334400000,7.132e-05
1759363200000,0.0001
1759392000013,9.186e-05
1759420800000,9.598e-05
1759449600006,0.0001
1759478400006,0.0001
1759507200000,0.0001
1759536000001,0.0001
1759564800000,0.0001
1759593600000,4.953e-05
1759622400000,4.083e-05
1759651200003,0.0001
1759680000009,0.0001
1759708800004,-5.622e-05
1759737600002,6.649e-05
1759766400004,0.0001
1759795200000,0.0001
1759824000003,0.0001
1759852800000,6.208e-05
1759881600000,1.937e-05
1759910400006,3.242e-05
1759939200002,0.0001
1759968000001,0.0001
1759996800000,0.0001
1760025600000,8.591e-05
1760054400005,6.332e-05
1760083200002,0.0001
1760112000014,0.0001
1760140800000,-7e-05
1760169600003,-0.00017915
1760198400000,-4.27e-06
1760227200004,-5.58e-05
1760256000002,3.82e-06
1760284800000,4.873e-05
1760313600003,3.731e-05
1760342400002,7.099e-05
1760371200003,3.009e-05
1760400000000,0.0001
1760428800000,3.849e-05
1760457600000,7.89e-06
1760486400006,0.0001
1760515200002,4.647e-05
1760544000000,5.472e-05
1760572800000,7.937e-05
1760601600003,2.923e-05
1760630400002,4.022e-05
1760659200001,-6.138e-05
1760688000005,6.702e-05
1760716800003,5.424e-05
1760745600000,-3.847e-05
1760774400002,2.613e-05
1760803200001,-4.693e-05
1760832000001,0.0001
1760860800001,5.002e-05
1760889600001,-9.77e-06
1760918400004,-7.162e-05
1760947200001,2.285e-05
1760976000000,1.44e-05
1761004800009,0.0001
1761033600000,4.245e-05
1761062400000,7.705e-05
1761091200004,4.185e-05
1761120000000,6.09e-06
1761148800000,6.568e-05
1761177600000,-2.2e-06
1761206400001,8.563e-05
1761235200004,8.362e-05
1761264000000,4.789e-05
1761292800000,4.33e-05
1761321600009,7.12e-06
1761350400000,0.0001
1761379200001,-1.393e-05
1761408000001,7.495e-05
1761436800001,0.0001
1761465600001,3.557e-05
1761494400000,0.0001
1761523200000,0.0001
1761552000005,5.606e-05
1761580800000,2.844e-05
1761609600000,6.546e-05
1761638400000,-3.369e-05
1761667200004,-1.253e-05
1761696000004,-3.828e-05
1761724800005,-0.00015123
1761753600000,0.0001
1761782400004,0.0001
1761811200008,1.736e-05
1761840000001,-0.00015864
1761868800000,-0.00016295
1761897600008,1.39e-06
1761926400007,-8.842e-05
1761955200001,2.037e-05
1761984000000,0.0001
1762012800000,0.0001
1762041600007,0.0001
1762070400000,3.236e-05
1762099200001,5.34e-06
1762128000000,0.0001
1762156800010,-8.604e-05
1762185600000,-3.821e-05
1762214400002,-0.00020861
1762243200004,3.344e-05
1762272000000,-4.525e-05
1762300800000,6.283e-05
1762329600000,2.093e-05
1762358400004,1.165e-05
1762387200001,-0.0001021
1762416000000,-0.00013882
1762444800001,4.698e-05
1762473600005,0.0001
1762502400003,0.0001
1762531200005,4.857e-05
1762560000011,0.0001
1762588800015,0.0001
1762617600001,7.66e-05
1762646400004,4.167e-05
1762675200000,5.861e-05
1762704000005,1.762e-05
1762732800000,9.006e-05
1762761600000,-1.935e-05
1762790400003,4.968e-05
1762819200007,0.0001
1762848000000,-1.487e-05
1762876800009,9.864e-05
1762905600000,-8.23e-06
1762934400002,3.421e-05
1762963200000,-3.75e-06
1762992000002,-0.00010553
1763020800000,-2.757e-05
1763049600001,0.0001
1763078400000,-9.65e-05
1763107200000,9.084e-05
1763136000001,2.159e-05
1763164800005,5.315e-05
1763193600000,1.575e-05
1763222400001,-1.88e-05
1763251200001,4.068e-05
1763280000000,-0.00011762
1763308800000,-4.159e-05
1763337600003,3.076e-05
1763366400003,0.0001
1763395200000,-6.53e-05
1763424000002,2.699e-05
1763452800004,0.0001
1763481600000,-6.013e-05
1763510400000,0.0001
1763539200000,-4.405e-05
1763568000008,-7.63e-05
1763596800000,8.851e-05
1763625600000,0.0001
1763654400000,0.0001
1763683200001,2.643e-05
1763712000000,-5.497e-05
1763740800001,0.0001
1763769600004,2.337e-05
1763798400000,0.0001
1763827200000,-4.58e-06
1763856000000,8.73e-05
1763884800008,-2.935e-05
1763913600003,7.708e-05
1763942400004,1.796e-05
1763971200000,0.0001
1764000000006,1.404e-05
1764028800000,-5.004e-05
1764057600009,8.654e-05
1764086400007,2.329e-05
1764115200001,0.0001
1764144000001,8.332e-05
1764172800000,6.581e-05
1764201600013,0.0001
1764230400000,7.006e-05
1764259200004,0.0001
1764288000008,-1.31e-05
1764316800000,0.0001
1764345600008,4.589e-05
1764374400000,1.564e-05
1764403200005,-2.961e-05
1764432000001,0.0001
1764460800003,-2.636e-05
1764489600000,0.0001
1764518400004,4.52e-06
1764547200000,8.152e-05
1764576000004,-0.00027673
1764604800000,-7.026e-05
1764633600004,3.335e-05
1764662400000,5.776e-05
1764691200000,8.046e-05
1764720000000,7.406e-05
1764748800000,6.606e-05
1764777600005,0.0001
1764806400012,7.151e-05
1764835200000,6.652e-05
1764864000011,6.843e-05
1764892800000,0.0001
1764921600000,0.0001
1764950400010,3.781e-05
1764979200001,2.539e-05
1765008000001,-5.146e-05
1765036800008,0.0001
1765065600000,0.0001
1765094400004,6.106e-05
1765123200000,7.78e-06
1765152000000,1.537e-05
1765180800000,0.0001
1765209600001,4.308e-05
1765238400001,0.0001
1765267200001,0.0001
1765296000007,-0.00013511
1765324800007,7.45e-05
1765353600002,1.802e-05
1765382400012,-1.553e-05
1765411200001,-1.29e-06
1765440000000,-0.00010334
1765468800000,-0.00012777
1765497600005,0.0001
1765526400007,8.324e-05
1765555200002,3.058e-05
1765584000001,-0.00014284
1765612800006,9.977e-05
1765641600000,0.0001
1765670400000,0.0001
1765699200003,5.804e-05
1765728000005,6.805e-05
1765756800000,-3.002e-05
1765785600000,8.693e-05
1765814400000,1.634e-05
1765843200002,-4.168e-05
1765872000000,-8.558e-05
1765900800002,0.0001
1765929600004,0.0001
1765958400000,0.0001
1765987200000,4.527e-05
1766016000005,-0.00011874
1766044800007,-0.00010316
1766073600001,0.0001
1766102400000,2.733e-05
1766131200001,7.215e-05
1766160000000,0.0001
1766188800005,0.0001
1766217600000,0.0001
1766246400002,1.758e-05
1766275200000,0.0001
1766304000009,0.0001
1766332800000,-4.744e-05
1766361600000,-6.603e-05
1766390400005,7.793e-05
1766419200009,0.0001
1766448000000,2.593e-05
1766476800000,-0.00010317
1766505600001,4.629e-05
1766534400001,9.789e-05
1766563200001,-0.00011168
1766592000000,-3.69e-05
1766620800000,0.0001
1766649600001,0.0001
1766678400005,5.363e-05
1766707200004,1.82e-05
1766736000001,7.113e-05
1766764800007,0.0001
1766793600000,0.0001
1766822400000,0.0001
1766851200011,0.0001
1766880000008,0.0001
1766908800000,0.0001
1766937600000,0.0001
1766966400016,0.0001
1766995200001,3.09e-05
1767024000000,1.549e-05
1767052800005,-2.03e-06
1767081600001,0.0001
1767110400003,9.256e-05
1767139200004,-1.152e-05
1767168000001,-3.743e-05
1767196800001,4.949e-05
1767225600008,-1.78e-05
1767254400002,5.1e-07
1767283200001,0.0001
1767312000006,0.0001
1767340800007,0.0001
1767369600000,7.076e-05
1767398400001,0.0001
1767427200000,0.0001
1767456000000,0.0001
1767484800000,0.0001
1767513600000,0.0001
1767542400001,0.0001
1767571200000,2.978e-05
1767600000000,0.0001
1767628800000,9.417e-05
1767657600010,9.535e-05
1767686400000,3.7e-06
1767715200000,8.986e-05
1767744000001,0.0001
1767772800001,9.731e-05
1767801600001,-1.36e-06
1767830400001,3.62e-05
1767859200000,8.88e-05
1767888000000,9.053e-05
1767916800003,0.0001
1767945600000,0.0001
1767974400001,0.0001
1768003200000,8.347e-05
1768032000002,0.0001
1768060800001,5.178e-05
1768089600003,-9.639e-05
1768118400006,8.43e-05
1768147200000,-9.499e-05
1768176000005,-4.62e-06
1768204800000,3.073e-05
1768233600000,4.271e-05
1768262400007,3.995e-05
1768291200009,0.0001
1768320000002,0.0001
1768348800000,0.0001
1768377600001,0.0001
1768406400004,0.0001
1768435200000,2.564e-05
1768464000004,2.915e-05
1768492800002,-4.27e-05
1768521600000,-7.37e-06
1768550400000,7.15e-05
1768579200001,5.189e-05
1768608000000,4.941e-05
1768636800000,0.0001
1768665600002,0.0001
1768694400001,6.85e-05
1768723200000,-4.629e-05
1768752000000,3.612e-05
1768780800007,-0.00015979
1768809600007,-6.414e-05
1768838400007,1.613e-05
1768867200005,4.41e-05
1768896000001,6.473e-05
1768924800009,-2.569e-05
1768953600001,9.102e-05
1768982400011,8.165e-05
1769011200011,4.33e-06
1769040000010,4.012e-05
1769068800003,-9.99e-06
1769097600005,-0.00014715
1769126400005,-2.071e-05
1769155200000,-7.04e-06
1769184000011,1.492e-05
1769212800011,6.7e-05
1769241600002,5.12e-06
1769270400001,-4.19e-05
1769299200002,0.0001
1769328000011,5.059e-05
1769356800005,-3.901e-05
1769385600000,0.0001
1769414400003,2.072e-05
1769443200000,4.59e-05
1769472000002,-8.13e-06
1769500800000,4.43e-06
1769529600000,7.728e-05
1769558400000,9.11e-05
1769587200000,-8.98e-06
1769616000000,-7.37e-06
1769644800000,2.711e-05
1769673600009,-1.646e-05
1769702400000,-3.109e-05
1769731200008,1.705e-05
1769760000000,4.955e-05
1769788800001,1.907e-05
1769817600000,5.885e-05
1769846400001,3.361e-05
1769875200009,-3.128e-05
1769904000001,2.147e-05
1769932800004,6.096e-05
1769961600000,1.829e-05
1769990400000,1.42e-05
1770019200014,0.0001
1770048000000,0.0001
1770076800000,8.411e-05
1770105600007,-1.4e-07
1770134400000,5.779e-05
1770163200002,5.971e-05
1770192000007,0.0001
1770220800000,7.247e-05
1770249600011,0.0001
1770278400000,0.0001
1770307200007,4.201e-05
1770336000000,3.832e-05
1770364800001,1.072e-05
1770393600000,-1.396e-05
1770422400003,2.785e-05
1770451200000,8.132e-05
1770480000010,1.024e-05
1770508800003,0.0001
1770537600000,-2.052e-05
1770566400000,-1.418e-05
1770595200002,4.44e-05
1770624000001,-0.00020338
1770652800007,-6.303e-05
1770681600000,0.0001
1770710400007,0.0001
1770739200000,-5.55e-06
1770768000000,0.0001
1770796800006,-6.802e-05
1770825600000,2.27e-05
1770854400000,6.978e-05
1770883200001,5.942e-05
1770912000001,-3.214e-05
1770940800007,0.0001
1770969600003,6.373e-05
1770998400005,-1.548e-05
1771027200002,-9.45e-06
1771056000004,0.0001
1771084800002,0.0001
1771113600000,4.337e-05
1771142400002,3.094e-05
1771171200000,1.13e-06
1771200000001,0.0001
1771228800003,8.025e-05
1771257600000,8.647e-05
1771286400008,-5.6e-06
1771315200001,0.0001
1771344000002,1.84e-05
1771372800000,0.0001
1771401600000,-0.00015635
1771430400011,-7.471e-05
1771459200013,5.216e-05
1771488000000,-4.595e-05
1771516800003,-0.00018896
1771545600000,-0.00016998
1771574400000,-0.00033612
1771603200000,5.68e-05
1771632000004,-5.671e-05
1771660800000,6.084e-05
1771689600005,0.0001
1771718400001,-0.00013022
1771747200004,0.0001
1771776000000,-1.008e-05
1771804800001,-0.00014864
1771833600000,-0.00010106
1771862400000,0.0001
1771891200007,0.0001
1771920000000,9e-06
1771948800001,-0.00013006
1771977600001,-0.00019074
1772006400007,-4.364e-05
1772035200000,5.966e-05
1772064000000,0.0001
1772092800006,0.0001
1772121600002,0.0001
1772150400007,0.0001
1772179200000,0.0001
1772208000001,-9.372e-05
1772236800000,-4.39e-06
1772265600000,-3.619e-05
1772294400004,-0.00016932
1772323200005,2.641e-05
1772352000000,7.507e-05
1772380800002,7.59e-05
1772409600001,7.769e-05
1772438400007,-0.00010314
1772467200000,-0.0001909
1772496000000,-3.698e-05
1772524800000,-2.53e-06
1772553600007,-1.59e-06
1772582400001,1.475e-05
1772611200005,-0.00012545
1772640000000,-0.00031803
1772668800000,-6.508e-05
1772697600000,-8.872e-05
1772726400004,0.0001
1772755200001,0.0001
1772784000001,0.0001
1772812800004,6.61e-06
1772841600001,0.0001
1772870400012,-3.065e-05
1772899200001,-6.905e-05
1772928000001,-8.708e-05
1772956800000,0.0001
1772985600002,9.757e-05
1773014400000,-9.584e-05
1773043200004,0.0001
1773072000003,4.756e-05
1773100800012,5.846e-05
1773129600002,0.0001
1773158400001,1.827e-05
1773187200000,5.45e-06
1773216000007,0.0001
1773244800010,-6.503e-05
1773273600000,9.656e-05
1773302400000,-1.654e-05
1773331200000,-8.659e-05
1773360000006,7.396e-05
1773388800001,0.0001
1773417600000,9.599e-05
1773446400001,0.0001
1773475200000,-2.483e-05
1773504000007,-1.661e-05
1773532800000,-0.00014675
1773561600000,0.0001
1773590400000,0.0001
1773619200000,6.13e-06
1773648000010,0.0001
1773676800000,7.448e-05
1773705600000,8.332e-05
1773734400002,0.0001
1773763200011,4.018e-05
1773792000002,0.0001
1773820800002,3.685e-05
1773849600005,-0.00025107
1773878400000,-2.701e-05
1773907200003,1.084e-05
1773936000003,0.0001
1773964800002,9.58e-05
1773993600000,6.24e-06
1774022400000,5.334e-05
1774051200000,4.328e-05
1774080000000,-0.0001122
1774108800014,-5.227e-05
1774137600012,-1.877e-05
1774166400007,-0.00018353
1774195200002,-0.00026948
1774224000000,-6.257e-05
1774252800003,7.89e-05
1774281600002,3.805e-05
1774310400000,-2.013e-05
1774339200000,9.53e-05
1774368000003,0.0001
1774396800000,0.0001
1774425600000,0.0001
1774454400013,0.0001
1774483200001,0.0001
1774512000001,-4.55e-06
1774540800000,7.621e-05
1774569600006,-9.32e-06
1774598400000,0.0001
1774627200000,-0.00016335
1774656000005,-0.00024989
1774684800005,-0.00010211
1774713600000,-0.00013711
1774742400003,7.93e-06
1774771200001,0.0001
1774800000000,-9.564e-05
1774828800000,-4.645e-05
1774857600005,6.063e-05
1774886400000,0.0001
1774915200000,-9.35e-06
1774944000000,0.0001
1774972800000,-1.76e-05
1775001600000,-2.877e-05
1775030400000,0.0001
1775059200000,4.123e-05
1775088000003,4.119e-05
1775116800001,-1.361e-05
1775145600001,6.548e-05
1775174400000,0.0001
1775203200008,0.0001
1775232000008,4.761e-05
1775260800000,0.0001
1775289600003,-0.00026531
1775318400000,6.355e-05
1775347200008,5.96e-05
1775376000000,-0.00010948
1775404800001,-0.00010493
1775433600004,-9.494e-05
1775462400001,0.0001
1775491200003,0.0001
1775520000000,0.0001
1775548800000,0.0001
1775577600000,1.158e-05
1775606400000,0.0001
1775635200000,0.0001
1775664000006,0.0001
1775692800000,0.0001
1775721600010,0.0001
1775750400001,6.384e-05
1775779200000,0.0001
1775808000005,-2.361e-05
1775836800000,1.694e-05
1775865600000,0.0001
1775894400000,2.8e-06
1775923200003,0.0001
1775952000000,0.0001
1775980800000,-3.321e-05
1776009600000,3.546e-05
1776038400011,4.32e-05
1776067200006,3.244e-05
1776096000000,-4.383e-05
1776124800005,-0.00011966
1776153600003,0.0001
1776182400001,4.786e-05
1776211200000,0.0001
1776240000000,0.0001
1776268800000,0.0001
1776297600013,-2.438e-05
1776326400000,0.0001
1776355200000,7.736e-05
1776384000001,0.0001
1776412800011,0.0001
1776441600001,-0.00011779
1776470400001,-1.808e-05
1776499200006,0.0001
1776528000000,0.0001
1776556800002,6.681e-05
1776585600010,-4.703e-05
1776614400001,4.939e-05
1776643200000,-2.657e-05
1776672000000,-6.038e-05
1776700800001,5.185e-05
1776729600000,-7.983e-05
1776758400004,4.386e-05
1776787200004,0.0001
1776816000004,0.0001
1776844800000,0.0001
1776873600000,-0.00012478
1776902400000,0.0001
1776931200000,2.061e-05
1776960000004,0.0001
1776988800006,0.0001
1777017600000,9.4e-06
1777046400000,0.0001
1777075200000,-7.63e-06
1777104000002,0.0001
1777132800002,-2.703e-05
1777161600003,0.0001
1777190400007,-1.714e-05
1777219200004,9.29e-05
1777248000004,-5.792e-05
1777276800000,-0.00012796
1777305600002,-0.00012626
1777334400001,8.449e-05
1777363200000,0.0001
1777392000004,0.0001
1777420800006,2.408e-05
1777449600011,0.0001
1777478400003,1.181e-05
1777507200002,-2.149e-05
1777536000000,-2.924e-05
1777564800000,-5.014e-05
1777593600000,-1.864e-05
1777622400005,3.12e-06
1777651200000,0.0001
1777680000006,-2.846e-05
1777708800000,-0.00011635
1777737600010,0.0001
1777766400005,-7.086e-05
1777795200003,-0.0001073
1777824000000,5.921e-05
1777852800000,0.0001
1777881600000,5.65e-06
1777910400003,-8.168e-05
1777939200000,0.0001
1777968000011,7.113e-05
1777996800000,-5.32e-06
1778025600010,8.026e-05
1778054400000,8.067e-05
1778083200002,0.0001
1778112000000,0.0001
1778140800000,0.0001
1778169600004,0.0001
1778198400003,5.046e-05
1778227200002,0.0001
1778256000003,3.844e-05
1778284800000,2.84e-06
1778313600001,0.0001
1778342400002,1.501e-05
1778371200003,0.0001
1778400000000,7.279e-05
1778428800000,7.867e-05
1778457600000,8.998e-05
1778486400000,-1.41e-06
1778515200000,5.829e-05
1778544000002,-5.905e-05
1778572800008,0.0001
1778601600000,7.773e-05
1778630400010,5.268e-05
1778659200003,6.64e-06
1778688000001,-4.23e-05
1778716800005,3.505e-05
1778745600000,-0.00010729
1778774400000,1.382e-05
1778803200000,1.209e-05
1778832000016,2.741e-05
1778860800012,-0.00016537
1778889600005,1.243e-05
1778918400000,-5.354e-05
1778947200005,-7.459e-05
1778976000000,-6.647e-05
1779004800010,0.0001
1779033600009,-2.582e-05
1779062400007,3.96e-05
1779091200002,0.0001
1779120000007,6.873e-05
1779148800001,-9.932e-05
1779177600001,2.119e-05
1779206400009,0.0001
1779235200001,4.609e-05
1779264000006,-3.278e-05
1779292800000,4.381e-05
1779321600001,-0.00018745
1779350400000,4.731e-05
1779379200000,6.659e-05
1779408000000,2.674e-05
1779436800004,3.886e-05
1779465600001,4.99e-05
1779494400009,3.888e-05
1779523200001,-6.967e-05
1779552000003,0.0001
1779580800011,-9.427e-05
1779609600008,-0.0001243
1779638400000,0.0001
1779667200001,-6.647e-05
1779696000001,3.012e-05
1779724800001,7.6e-07
1779753600000,0.0001
1779782400003,8.794e-05
1779811200000,0.0001
1779840000000,4.451e-05
1779868800004,-3.414e-05
1779897600009,7.995e-05
1779926400001,3.938e-05
1779955200000,-1.815e-05
1779984000001,-7.037e-05
1780012800000,0.0001
1780041600001,0.0001
1780070400008,0.0001
1780099200000,0.0001
1780128000001,3.739e-05
1780156800000,0.0001
1780185600000,-9.863e-05
1780214400000,-8.549e-05
1780243200004,-5.237e-05
1780272000001,4.552e-05
1780300800001,-0.00010928
1780329600000,0.0001
1780358400000,0.0001
1780387200000,-2.388e-05
1780416000000,-3.184e-05
1780444800013,-0.00013918
1780473600000,-0.00018719
1780502400001,-6.938e-05
1780531200009,-7.223e-05
1780560000000,-9.505e-05
1780588800003,-2.391e-05
1780617600000,-7.935e-05
1780646400004,-0.00016929
1780675200009,-9.404e-05
1780704000000,-0.00010189
1780732800000,-4.524e-05
1780761600000,-1.966e-05
1780790400001,-3.619e-05
1780819200000,-1.072e-05
1780848000000,0.0001
1780876800000,3.48e-05
1780905600005,7.562e-05
1780934400004,8.077e-05
1780963200000,1.801e-05
1780992000000,-2.101e-05
1781020800001,2.992e-05
1781049600001,-6.105e-05
1781078400011,4.801e-05
1781107200009,-7.026e-05
1781136000000,-0.00012955
1781164800004,-1.386e-05
1781193600000,9.075e-05
1781222400000,-5.906e-05
1781251200000,-9.557e-05
1781280000000,5.658e-05
1781308800000,8.089e-05
1781337600007,9.895e-05
1781366400002,-8.457e-05
1781395200005,-9.567e-05
1781424000009,-0.00013496
1781452800000,-4.594e-05
1781481600013,-2.48e-05
1781510400013,-4.982e-05
1781539200004,-2.727e-05
1781568000000,0.0001
1781596800000,-7.04e-06
1781625600001,-8.64e-06
1781654400012,-0.00011556
1781683200000,-3.22e-05
1781712000000,0.0001
1781740800002,3.427e-05
1781769600000,-8.337e-05
1781798400001,-0.00012101
1781827200005,0.0001
1781856000001,-6.21e-05
1781884800001,8.37e-05
1781913600001,1.175e-05
1781942400000,1.361e-05
1781971200001,-0.00018021
1782000000000,3.067e-05
1782028800000,-0.00015935
1782057600000,9.254e-05
1782086400000,-0.00012949
1782115200000,0.0001
1782144000002,8.36e-06
1782172800003,2.115e-05
1782201600005,-0.00014713
1782230400002,-0.00016285
1782259200005,-0.00011138
1782288000005,-4.763e-05
1782316800003,-0.00010655
1782345600000,-8.055e-05
1782374400000,-1.833e-05
1782403200000,-0.00010275
1782432000010,-0.0001127
1782460800002,0.0001
1782489600000,-1.104e-05
1782518400000,7.988e-05
1782547200000,0.0001
1782576000009,3.949e-05
1782604800000,5.936e-05
1782633600013,-0.00014195
1782662400000,0.0001
1782691200006,-8.446e-05
1782720000013,-4.023e-05
1782748800004,0.0001
1782777600000,0.0001
1782806400000,4.85e-05
1782835200005,4.07e-06
1782864000000,0.0001
1782892800000,0.0001
1782921600000,6.289e-05
1782950400000,2.349e-05
1782979200000,6.33e-05
1783008000000,-5.647e-05
1783036800000,-0.00014392
1783065600007,-5.321e-05
1783094400000,0.0001
1783123200000,1.163e-05
1783152000000,5.658e-05
1783180800007,-0.00012159
1783209600003,2.383e-05
1783238400001,-0.00011747
1783267200000,0.0001
1783296000000,-8.671e-05
1783324800000,0.0001
1783353600000,5.98e-06
1783382400000,5.223e-05
1783411200000,0.0001
1783440000000,-8.459e-05
1783468800000,-3.67e-05
1783497600000,-7.806e-05
1783526400000,1.616e-05
1783555200000,-3.274e-05
1783584000001,0.0001
1783612800001,6.802e-05
1783641600000,0.0001
1783670400005,-2.298e-05
1783699200005,0.0001
1783728000000,0.0001
1783756800000,5.107e-05
1783785600000,0.0001
1783814400000,7.352e-05
1783843200003,0.0001
1783872000000,1.958e-05
1783900800000,8.41e-06
1783929600001,9.292e-05
1783958400004,0.0001
1783987200000,6.678e-05
1784016000002,-0.00010437
1784044800001,-0.00010034
1784073600005,-7.494e-05
1784102400002,7.567e-05
1784131200000,-0.00010324
1784160000000,-0.00014477
1784188800003,2.19e-06
1784217600002,-0.00012321
1784246400000,0.0001
1784275200010,-1.416e-05
1784304000004,4.883e-05
1784332800000,0.0001
1784361600000,-1.5e-07
1784390400001,5.125e-05
1784419200003,8.92e-06
1784448000000,6.264e-05
1784476800001,7.777e-05
1784505600000,-6.407e-05
1784534400001,8.68e-05
1784563200004,0.0001
1784592000001,4.028e-05
1784620800000,1.41e-05
1784649600002,2.364e-05
1784678400000,-9.282e-05
1784707200000,9.827e-05
1784736000001,-3.393e-05
1784764800000,5.797e-05
1784793600000,-1.9e-07
1784822400000,-9.496e-05
1784851200000,-0.00019487
1784880000000,3.217e-05
1784908800008,3.662e-05
1784937600002,-9.197e-05
1784966400000,-9.94e-06
1784995200000,-0.00016264
1785024000000,-0.00031595
1785052800002,-0.00011147
1785081600000,-0.00011255
1785110400010,-0.00021107
1785139200000,0.0001
1785168000001,-1.247e-05
1785196800000,7.302e-05
1785225600000,-5.877e-05
1785254400000,2.73e-05
1785283200000,7.916e-05
1785312000002,2.516e-05
1785340800000,0.0001
1785369600000,-1.035e-05
1785398400000,8.294e-05
1785427200000,5.368e-05
1785456000003,-0.00026291
1785484800000,8.537e-05
1785513600000,-9.16e-06
1785542400001,8.223e-05
1785571200000,-7.862e-05
1785600000000,0.0001
1785628800000,3.443e-05
1785657600000,5.571e-05
1785686400000,-2.171e-05
1785715200000,-1.578e-05
1785744000000,0.0001
1785772800000,-0.00014193
1785801600004,0.0001
1785830400002,-0.00012004
1785859200000,0.0001
1785888000003,0.0001
1785916800004,-4.049e-05
1785945600000,-6.258e-05
1785974400002,6.15e-05
1786003200000,-0.00020041
1786032000000,3.16e-05
1786060800000,9.378e-05
1786089600000,4.471e-05
1786118400000,-9.655e-05
1786147200001,-3.714e-05
1786176000000,-1.185e-05
1786204800002,8.948e-05
1786233600000,-0.00011124
1786262400005,7.5e-07
1786291200000,-0.00035918
1786320000001,0.0001
1786348800005,0.0001
1786377600000,0.0001
1786406400000,0.0001
1786435200006,1.632e-05
1786464000000,0.0001
1786492800001,3.348e-05
1786521600000,0.0001
1786550400000,4.634e-05
1786579200000,-0.00022338
1786608000000,-5.071e-05
1786636800000,-0.00010409
1786665600000,-0.00013605
1786694400001,-0.00015742
1786723200001,1.001e-05
1786752000003,-9.53e-05
1786780800002,-0.00038917
1786809600000,1.418e-05
1786838400000,-9.703e-05
1786867200002,7.418e-05
1786896000000,0.0001
1786924800001,7.619e-05
1786953600003,-5.916e-05
1786982400005,4.224e-05
1787011200006,-4.944e-05
1787040000001,-3.372e-05
1787068800003,-1.299e-05
1787097600000,0.0001
1787126400000,1.14e-06
1787155200004,-0.00010875
1787184000001,0.0001
1787212800000,0.0001
1787241600005,0.0001
1787270400004,0.0001
1787299200000,7.772e-05
1787328000001,0.0001
1787356800000,0.0001
1787385600000,0.0001
1787414400000,0.0001
1787443200000,0.0001
1787472000000,0.0001
1787500800006,0.0001
1787529600001,0.0001
1787558400002,0.0001
1787587200000,0.0001
1787616000001,1.882e-05
1787644800000,-2.763e-05
1787673600005,3.965e-05
1787702400000,-8.349e-05
1787731200005,-0.00012567
1787760000000,5.424e-05
1787788800000,0.0001
1787817600000,9.066e-05
1787846400013,-4.047e-05
1787875200026,-4.12e-06
1787904000000,3.464e-05
1787932800001,3.509e-05
1787961600000,0.0001
1787990400000,1.97e-05
1788019200002,4.408e-05
1788048000000,2.357e-05
1788076800000,-4.888e-05
1788105600001,-0.00012265
1788134400002,0.0001
1788163200002,0.0001
1788192000001,5.092e-05
1788220800005,0.0001
1788249600000,0.0001
1788278400000,0.0001
1788307200000,0.0001
1788336000001,0.0001
1788364800005,1.372e-05
1788393600000,6.389e-05
1788422400000,4.645e-05
1788451200000,0.0001
1788480000000,-1.813e-05
1788508800000,0.0001
1788537600009,0.0001
1788566400000,8.805e-05
1788595200000,0.0001
1788624000001,9.828e-05
1788652800000,0.0001
1788681600000,0.0001
1788710400004,0.0001
1788739200004,-2.602e-05
1788768000000,0.0001
1788796800003,-2.233e-05
1788825600004,4.35e-05
1788854400002,6.018e-05
1788883200001,6.845e-05
1788912000005,4.474e-05
1788940800004,3.533e-05
1788969600002,-0.00014224
1788998400000,5.896e-05
1789027200007,-5.162e-05
1789056000002,0.0001
1789084800008,6.634e-05
1789113600000,0.0001
1789142400000,4.737e-05
1789171200001,-1.234e-05
1789200000003,9.004e-05
1789228800000,0.0001
1789257600002,-4.143e-05
1789286400000,-9.822e-05
1789315200000,0.0001
1789344000000,1.24e-05
1789372800000,3.181e-05
1789401600000,0.0001
1789430400000,7.605e-05
1789459200005,4.03e-06
1789488000001,4.487e-05
1789516800001,-1.97e-06
1789545600002,-0.00011029
1789574400001,-1.005e-05
1789603200000,-7.523e-05
1789632000003,-3.451e-05
1789660800000,-3.2e-05
1789689600003,4.469e-05
1789718400006,0.0001
1789747200000,0.0001
1789776000000,0.0001
1789804800002,0.0001
1789833600000,0.0001
1789862400000,0.0001
1789891200000,0.0001
1789920000000,-1.808e-05
1789948800007,5.881e-05
1789977600004,5.05e-06
1790006400002,0.0001
1790035200000,-5.79e-06
1790064000004,1.78e-06
1790092800000,-0.00011951
1790121600000,0.0001
1790150400004,0.0001
1790179200004,4.129e-05
1790208000002,-0.00011105
1790236800000,-0.00018198
1790265600005,-0.00013403
1790294400002,-0.00016435
1790323200000,-2.421e-05
1790352000002,-0.00013279
1790380800000,4.282e-05
1790409600001,-8.497e-05
1790438400001,9.656e-05
1790467200000,2.05e-05
1790496000001,0.0001
1790524800000,-0.00016857
1790553600000,0.0001
1790582400001,-2.344e-05
1790611200001,-2.48e-05
1790640000000,8.921e-05
1790668800000,-9.416e-05
1790697600000,7.064e-05
1790726400000,-3.026e-05
1790755200000,6.114e-05
1790784000002,-0.00010254
