hafta_sonu,A_usdt,A75_usdt,B_usdt,B_eksi_A,B_eksi_A75,aday_kapanan_pnl
2023-04-09 00:00:00+00:00,-1011.7281603484025,-831.9090103513845,-831.9090103513845,179.81914999701803,0.0,0.0
2023-04-16 00:00:00+00:00,-417.5406157948073,-293.8428363617877,-162.49374450282812,255.0468712919792,131.34909185895958,136.8993568418819
2023-04-23 00:00:00+00:00,-604.3655879204653,-558.0970054913178,-566.3574832631621,38.00810465730319,-8.260477771844307,0.0
2023-05-28 00:00:00+00:00,-97.16259446930235,90.06727135980873,134.06505338999887,231.22764785930121,43.99778203019014,47.01617412412136
2023-06-18 00:00:00+00:00,-339.6245593795775,-147.1545602433489,-172.95911004844493,166.66544933113255,-25.80454980509603,-32.31941979829851
2023-07-09 00:00:00+00:00,-3.7324437610859604,9.00558411689235,-132.9182855668896,-129.18584180580365,-141.92386968378196,-137.91008469252498
2023-07-16 00:00:00+00:00,-38.62181139318636,-77.59968805315111,12.008294053237478,50.63010544642384,89.60798210638859,83.70918835322797
2023-07-30 00:00:00+00:00,-1138.3340400474208,-859.0935768974705,-1000.3455504910962,137.98848955632457,-141.25197359362573,-249.1482765034824
2023-08-06 00:00:00+00:00,-2112.8361856936826,-1582.1089969708482,-1435.1220616488627,677.71412404482,146.98693532198558,-41.07631890806867
2023-08-13 00:00:00+00:00,-645.2078477319556,-486.3376878590552,-623.8207922460915,21.38705548586404,-137.4831043870363,-196.18621050392284
2023-08-27 00:00:00+00:00,-325.7961194588097,-280.9314672875007,-501.4768359731406,-175.68071651433092,-220.54536868563991,-268.1817745286317
2023-09-03 00:00:00+00:00,-699.8123728434184,-452.8268957211949,-508.70855326185847,191.10381958155995,-55.88165754066358,-132.39143185586127
2023-10-08 00:00:00+00:00,-3294.1143905376794,-2649.4140288689014,-2072.8483066183107,1221.2660839193686,576.5657222505906,-140.38016085126696
2023-10-22 00:00:00+00:00,-69.036642096984,139.07892554813407,276.45186194732196,345.48850404430596,137.3729363991879,172.7382083148321
2023-11-12 00:00:00+00:00,-1600.359598724961,-1081.0266688187148,-1065.4045994101798,534.9549993147812,15.622069408535026,-188.10079393007575
2023-11-19 00:00:00+00:00,-72.2303113896196,-51.81085204783085,-503.3925942953847,-431.1622829057651,-451.58174224755385,-460.13765755621574
2023-12-03 00:00:00+00:00,-375.52721962866053,-231.95106021680112,123.66603462223793,499.19325425089846,355.61709483903905,304.5940140893541
2024-01-14 00:00:00+00:00,-8927.988697642766,-5269.318208891644,-3907.6548631605147,5020.333834482251,1361.663345731129,-41.6092273171642
2024-01-28 00:00:00+00:00,-6105.009506640643,-3609.8341078759477,-2917.6182359364357,3187.3912707042073,692.215871939512,-332.96150303780416
2024-02-04 00:00:00+00:00,-4745.485128202279,-3285.4693081409496,-2263.000796171833,2482.4843320304462,1022.4685119691167,54.375331866823785
2024-02-25 00:00:00+00:00,-4264.107819270284,-2509.0429608118357,-1691.5916415019383,2572.516177768346,817.4513193098974,0.0
2024-03-03 00:00:00+00:00,-818.668496932376,-446.03490480518667,-103.8550157169957,714.8134812153803,342.179889088191,189.1942438688418
2024-03-10 00:00:00+00:00,-2267.8433072354965,-1316.8091278793581,-1169.9054134906655,1097.937893744831,146.9037143886926,-262.77306558336926
2024-03-24 00:00:00+00:00,-7507.512606114586,-4560.6763924330735,-3022.305456022259,4485.207150092327,1538.3709364108145,0.0
2024-04-07 00:00:00+00:00,-17680.56845418035,-10924.547663884565,-7506.317294433968,10174.251159746382,3418.230369450597,-285.0108878541963
2024-04-28 00:00:00+00:00,-7429.036414353512,-4770.713634303174,-3006.143535475978,4422.892878877534,1764.5700988271965,0.0
2024-05-26 00:00:00+00:00,-2366.6406929497534,-1672.82846286751,-2546.4240684513497,-179.7833755015963,-873.5956055838396,-1584.4586088934207
2024-06-16 00:00:00+00:00,-8122.1507772460245,-5115.505551417773,-3344.420201601726,4777.730575644298,1771.0853498160468,-386.9501145077626
2024-06-30 00:00:00+00:00,-6367.287002980287,-4150.084523832476,-2999.2017074668474,3368.0852955134396,1150.882816365629,-620.9276230300745
2024-07-07 00:00:00+00:00,-1967.0666332320616,-1247.4725243303328,-1467.0441598590369,500.0224733730247,-219.57163552870406,-776.4097544102943
2024-07-28 00:00:00+00:00,-529.1306661747003,-339.4012585701639,-189.72065058362932,339.410015591071,149.6806079865346,0.0
2024-08-18 00:00:00+00:00,-7018.837301231251,-4017.609806934641,-2482.8666040368116,4535.97069719444,1534.7432028978292,-328.2693148396407
2024-09-08 00:00:00+00:00,-5297.699425603103,-2940.09980176283,-1235.511771985075,4062.187653618028,1704.5880297777549,339.01363483204244
2024-09-22 00:00:00+00:00,-3343.024285828098,-1879.0330078762927,-1828.3835591822717,1514.6407266458264,50.649448694020975,-817.8654507316334
2024-10-27 00:00:00+00:00,-1233.4807346257148,327.870366053452,-390.788335139594,842.6923994861208,-718.658701193046,-583.9740365598598
2024-11-17 00:00:00+00:00,-11344.159697386494,-5836.5155397978815,-3117.229089558263,8226.930607828232,2719.2864502396187,0.0
2024-12-01 00:00:00+00:00,-10207.311776632821,-5213.16475752632,-3915.730387783151,6291.5813888496705,1297.4343697431686,-1172.6615947803361
2024-12-15 00:00:00+00:00,-15816.959850317799,-8138.633773119873,-4528.536603787827,11288.423246529972,3610.097169332046,-399.178192855538
2024-12-22 00:00:00+00:00,-2872.3229601454514,-1333.384164007919,-669.6506638957435,2202.672296249708,663.7335001121755,0.0
2024-12-29 00:00:00+00:00,-12763.359395446503,-6777.257103297423,-2540.2735637423903,10223.085831704113,4236.983539555033,139.57464869519288
2025-01-26 00:00:00+00:00,-5366.940757400793,-2801.1979108837986,-1229.492378917268,4137.448378483525,1571.7055319665305,242.27401659373947
2025-02-02 00:00:00+00:00,-7728.39332371499,-4036.3722498110583,-2377.9706255841666,5350.422698130824,1658.4016242268917,-253.7338941821913
2025-02-16 00:00:00+00:00,-13761.631951791016,-7379.788094473537,-4945.161277935236,8816.47067385578,2434.626816538301,-1111.5432681602213
2025-03-16 00:00:00+00:00,-2859.149202552653,-1577.308455256294,-1384.5215220388855,1474.6276805137677,192.78693321740866,-524.6444548267605
2025-03-30 00:00:00+00:00,-456.12060554049094,-95.96587601298233,-726.0790547635406,-269.9584492230497,-630.1131787505583,-635.8229384931293
2025-04-27 00:00:00+00:00,-10164.069477291865,-5008.61063933812,-2526.319456150777,7637.750021141088,2482.2911831873425,0.0
2025-05-04 00:00:00+00:00,-15412.745682205656,-7692.284271518729,-5872.277023714523,9540.468658491132,1820.0072478042057,-2036.3054722176203
2025-05-18 00:00:00+00:00,-4783.976223330275,-2369.793876635522,-988.0124542867416,3795.963769043534,1381.7814223487803,188.83707611121054
2025-05-25 00:00:00+00:00,-24900.992626280495,-12490.583433345324,-6765.762169128771,18135.230457151723,5724.821264216553,-698.8885097587291
2025-06-15 00:00:00+00:00,-17574.328470893815,-8656.092564899256,-3635.8305052491705,13938.497965644645,5020.262059650086,407.95935416840064
2025-06-29 00:00:00+00:00,-11650.490057330811,-5764.082201759011,-2713.549534701262,8936.94052262955,3050.5326670577488,0.0
2025-08-03 00:00:00+00:00,-30465.22808441159,-14346.683711917954,-8318.746248213356,22146.481836198232,6027.9374637045985,-1442.9861663098113
2025-08-10 00:00:00+00:00,-5892.458710648731,-2881.671493386384,-1340.6469764617505,4551.81173418698,1541.0245169246336,0.0
2025-08-17 00:00:00+00:00,-33038.22409244676,-16131.251976135536,-9133.822964817737,23904.401127629026,6997.429011317799,-1704.9759252825993
2025-08-31 00:00:00+00:00,-12237.984823963663,-6402.851552229578,-3731.1594459780463,8506.825377985617,2671.692106251532,-881.2493682289995
2025-10-26 00:00:00+00:00,-24719.199729901622,-10293.300768075569,-5459.3367573713185,19259.862972530304,4833.9640107042505,-1362.8927590704843
2025-11-09 00:00:00+00:00,-50382.15151740366,-21053.61005999433,-8343.60806736516,42038.5434500385,12710.001992629172,0.0
2025-11-30 00:00:00+00:00,-36103.73695835797,-14715.879024005146,-5753.095285760617,30350.641672597354,8962.783738244529,0.0
2025-12-14 00:00:00+00:00,-53266.49856675591,-21461.51378304331,-9865.21357694146,43401.28498981445,11596.300206101849,-1747.680202530143
2025-12-21 00:00:00+00:00,-85967.00117895647,-35607.12806529808,-11374.763089564702,74592.23808939177,24232.364975733377,1898.4490902573968
2026-01-04 00:00:00+00:00,-18535.138435085537,-7806.604793887585,-5399.149561761602,13135.988873323935,2407.4552321259835,-2414.6259056143826
2026-01-18 00:00:00+00:00,-9250.536563628586,-6150.398018123815,-917.7549483233015,8332.781615305285,5232.643069800513,1273.2180281636768
2026-02-15 00:00:00+00:00,-97881.90651032608,-35613.35497209168,-13030.818393230002,84851.08811709608,22582.536578861676,0.0
2026-02-22 00:00:00+00:00,-10363.14625302772,-2791.0513801468187,-520.9938708554837,9842.152382172237,2270.057509291335,499.5744575691174
2026-03-01 00:00:00+00:00,-84726.66645467828,-31591.566991735774,-9057.1395262148,75669.52692846349,22534.427465520974,2520.669822421881
2026-03-08 00:00:00+00:00,-136080.54804348387,-53016.787010852655,-21511.721016561612,114568.82702692226,31505.065994291042,-1999.8447915535548
2026-04-05 00:00:00+00:00,-119112.7889186386,-46001.2829053484,-15665.135882321134,103447.65303631747,30336.147023027268,1032.0259284553706
2026-04-26 00:00:00+00:00,-121790.02433380694,-48553.774298943696,-19198.32635340659,102591.69798040035,29355.447945537104,-1904.016797698743
2026-05-03 00:00:00+00:00,-99802.8678656054,-43846.7612592589,-14413.391852453526,85389.47601315187,29433.369406805374,215.6390940114984
2026-05-17 00:00:00+00:00,-87601.29583419685,-34626.84725194436,-17307.24676877659,70294.04906542026,17319.60048316777,-5200.08567190665
2026-06-14 00:00:00+00:00,-203317.1641534858,-71099.92253181,-27008.766981811757,176308.39717167403,44091.15554999825,-4528.527763278262
2026-06-21 00:00:00+00:00,-163291.2800998292,-59584.51993410266,-18762.07592339875,144529.20417643044,40822.44401070391,0.0
2026-06-28 00:00:00+00:00,-10733.717904566554,-4398.67071600433,-3558.9559270747413,7174.761977491813,839.7147889295884,-2228.072182679539
2026-07-12 00:00:00+00:00,-285856.6913925535,-110741.20989281399,-35061.66032862087,250795.03106393263,75679.54956419312,-697.6142729307453
2026-07-19 00:00:00+00:00,-87595.18002351164,-34657.396641775034,-16156.006302938375,71439.17372057326,18501.39033883666,-5634.77747936044
