coin,islem,kazanma_orani,ort_R,toplam_R,net_usdt,pf
ADA,12,0.3333333333333333,-0.27376561940870753,-3.2851874329044906,-412.9627864506182,0.583549955900867
BCH,24,0.3333333333333333,-0.19158214878281288,-4.597971570787509,-515.0344553134022,0.7339351808236367
BNB,22,0.22727272727272727,-0.5220476374293445,-11.485048023445577,-1241.477566310991,0.3887998582941088
DOGE,20,0.25,-0.45257300397437944,-9.051460079487589,-1043.928878194809,0.3904959793852536
ETH,24,0.25,-0.43642435635111937,-10.474184552426864,-1144.0107486362576,0.420733999959774
ICP,19,0.21052631578947367,-0.565187028242788,-10.738553536612972,-1260.763542237972,0.3019249046764647
LTC,15,0.3333333333333333,-0.18542100687860208,-2.7813151031790313,-360.6348709161008,0.6660178676287609
NEAR,20,0.35,-0.18231177128654036,-3.6462354257308074,-500.0376077402834,0.6627270094226023
SOL,9,0.4444444444444444,-0.08216699211788159,-0.7395029290609343,-125.89940157591934,0.7898981556462596
XLM,18,0.16666666666666666,-0.6921388003281747,-12.458498405907143,-1544.232191830011,0.18495560617567014
XRP,25,0.36,-0.3115319549259519,-7.788298873148798,-837.2087138748956,0.5538298159119902
