tur,sembol,ts,yon,neden,a_ts,p_ts,f_ts,q_ts,P,E_plan,S,T,atr_q,adx_a,kimlik,kosu,giris_ref,mevcut_pozisyon,sonuc,pos_id,E_fill,miktar,risk_pct,giris_zamani,neden_kodu,hata
sinyal,TRX/USDT:USDT,1681783200000,1,,1681747200000,1681776000000,1681779600000,1681783200000,0.06589,0.06596,0.0658642020401265,0.0661515959197469,0.0002579795987344,30.03497697562841,TRX/USDT:USDT|1681747200000,S,,,risk_haritasinda_yok,,,,,,,
sinyal,TRX/USDT:USDT,1685170800000,1,,1685142000000,1685163600000,1685167200000,1685170800000,0.07597,0.07601,0.0758764872863631,0.0762770254272737,0.0003351271363687,30.354697201657057,TRX/USDT:USDT|1685142000000,S,,,risk_haritasinda_yok,,,,,,,
sinyal,TRX/USDT:USDT,1685556000000,1,,1685527200000,1685548800000,1685552400000,1685556000000,0.07568,0.07575,0.075425391812352,0.0763992163752959,0.0003460818764798,30.23978450276775,TRX/USDT:USDT|1685527200000,S,,,risk_haritasinda_yok,,,,,,,
sinyal,TRX/USDT:USDT,1685638800000,1,,1685588400000,1685617200000,1685635200000,1685638800000,0.07505,0.07517,0.0749160773917419,0.075677845216516,0.0003392260825804,31.3513914299336,TRX/USDT:USDT|1685588400000,S,,,risk_haritasinda_yok,,,,,,,
sinyal,TRX/USDT:USDT,1688022000000,1,,1687978800000,1688000400000,1688007600000,1688022000000,0.07391,0.07437,0.0738398937522171,0.0754302124955656,0.0004010624778282,31.207475502001152,TRX/USDT:USDT|1687978800000,S,,,risk_haritasinda_yok,,,,,,,
sinyal,TRX/USDT:USDT,1694404800000,1,,1694336400000,1694379600000,1694401200000,1694404800000,0.07844,0.07863,0.078392543736618,0.0791049125267639,0.0002745626338194,30.581240436331765,TRX/USDT:USDT|1694336400000,S,,,risk_haritasinda_yok,,,,,,,
sinyal,TRX/USDT:USDT,1705939200000,1,,1705896000000,1705924800000,1705935600000,1705939200000,0.1093,0.10937,0.1092417753729172,0.1096264492541655,0.000482246270828,31.45558233293719,TRX/USDT:USDT|1705896000000,S,,,risk_haritasinda_yok,,,,,,,
sinyal,TRX/USDT:USDT,1714975200000,1,,1714946400000,1714953600000,1714971600000,1714975200000,0.12129,0.12147,0.1212011446795044,0.1220077106409911,0.0002885532049559,30.05016932181758,TRX/USDT:USDT|1714946400000,S,,,risk_haritasinda_yok,,,,,,,
sinyal,TRX/USDT:USDT,1715727600000,1,,1715680800000,1715702400000,1715716800000,1715727600000,0.12536,0.12542,0.1251798049596902,0.1259003900806195,0.0003019504030975,30.919785810758604,TRX/USDT:USDT|1715680800000,S,,,risk_haritasinda_yok,,,,,,,
sinyal,ICP/USDT:USDT,1719835200000,-1,,1719799200000,1719828000000,1719831600000,1719835200000,8.175,8.169,8.18577604690155,8.135447906196902,0.0777604690154834,30.56646217054892,ICP/USDT:USDT|1719799200000,S,8.169,,engellendi,,,,,,MARJIN_YETERSIZ,Insufficient free margin
sinyal,SOL/USDT:USDT,1720328400000,-1,,1720278000000,1720314000000,1720324800000,1720328400000,140.28,140.101,140.5834338412262,139.1361323175476,1.994338412262225,30.784872447409903,SOL/USDT:USDT|1720278000000,S,140.101,,engellendi,,,,,,MARJIN_YETERSIZ,Insufficient free margin
sinyal,TRX/USDT:USDT,1731045600000,1,,1731024000000,1731027600000,1731042000000,1731045600000,0.16056,0.16066,0.1603326676963143,0.1613146646073714,0.0006733230368567,31.306501749421116,TRX/USDT:USDT|1731024000000,S,,,risk_haritasinda_yok,,,,,,,
sinyal,TRX/USDT:USDT,1732492800000,1,,1732464000000,1732485600000,1732489200000,1732492800000,0.2083,0.20848,0.2078918993247476,0.2096562013505047,0.0022810067525238,30.063651966939407,TRX/USDT:USDT|1732464000000,S,,,risk_haritasinda_yok,,,,,,,
sinyal,ETH/USDT:USDT,1735272000000,1,,1735232400000,1735261200000,1735268400000,1735272000000,3372.65,3377.48,3369.208622839217,3394.0227543215665,29.81377160783492,30.724182400999943,ETH/USDT:USDT|1735232400000,S,3377.48,,engellendi,,,,,,MARJIN_YETERSIZ,Insufficient free margin
sinyal,ICP/USDT:USDT,1735466400000,-1,,1735426800000,1735452000000,1735462800000,1735466400000,10.518,10.502,10.549721609871671,10.406556780256656,0.1172160987167333,30.1997332578772,ICP/USDT:USDT|1735426800000,S,10.502,,engellendi,,,,,,MARJIN_YETERSIZ,Insufficient free margin
sinyal,LTC/USDT:USDT,1736812800000,1,,1736769600000,1736798400000,1736802000000,1736812800000,97.63,97.85,97.40787656012526,98.73424687974946,1.5212343987474224,31.199079313901382,LTC/USDT:USDT|1736769600000,S,97.85,,engellendi,,,,,,MARJIN_YETERSIZ,Insufficient free margin
sinyal,TRX/USDT:USDT,1737990000000,1,,1737954000000,1737982800000,1737986400000,1737990000000,0.24317,0.24426,0.242782728232763,0.2472145435344739,0.0023727176723696,32.467894669621074,TRX/USDT:USDT|1737954000000,S,,,risk_haritasinda_yok,,,,,,,
sinyal,XLM/USDT:USDT,1739181600000,1,,1739142000000,1739163600000,1739174400000,1739181600000,0.31588,0.31664,0.3152854887623547,0.3193490224752905,0.0051451123764534,30.28901057008701,XLM/USDT:USDT|1739142000000,S,0.31664,,engellendi,,,,,,MARJIN_YETERSIZ,Insufficient free margin
sinyal,TRX/USDT:USDT,1741888800000,-1,,1741870800000,1741881600000,1741885200000,1741888800000,0.22389,0.22349,0.2242046386898752,0.2220607226202494,0.0012463868987525,30.913080903491554,TRX/USDT:USDT|1741870800000,S,,,risk_haritasinda_yok,,,,,,,
sinyal,ADA/USDT:USDT,1742943600000,-1,,1742896800000,1742929200000,1742940000000,1742943600000,0.7444,0.7443,0.7466197066284571,0.7396605867430857,0.0091970662845708,30.349622278970497,ADA/USDT:USDT|1742896800000,S,0.7443,,engellendi,,,,,,MARJIN_YETERSIZ,Insufficient free margin
sinyal,TRX/USDT:USDT,1743494400000,-1,,1743454800000,1743469200000,1743487200000,1743494400000,0.23551,0.23475,0.2357926260953351,0.2326647478093296,0.0015262609533516,31.81111445487513,TRX/USDT:USDT|1743454800000,S,,,risk_haritasinda_yok,,,,,,,
sinyal,BNB/USDT:USDT,1744606800000,1,,1744552800000,1744588800000,1744596000000,1744606800000,587.0,587.44,586.4359219371725,589.4481561256553,3.040780628275213,30.041477639371116,BNB/USDT:USDT|1744552800000,S,587.44,,engellendi,,,,,,MARJIN_YETERSIZ,Insufficient free margin
sinyal,XRP/USDT:USDT,1744815600000,1,,1744790400000,1744804800000,1744812000000,1744815600000,2.0925,2.093,2.0894362320304185,2.100127535939163,0.0246376796958154,30.26535224355875,XRP/USDT:USDT|1744790400000,S,2.093,,engellendi,,,,,,MARJIN_YETERSIZ,Insufficient free margin
sinyal,XRP/USDT:USDT,1744966800000,1,,1744948800000,1744959600000,1744963200000,1744966800000,2.0709,2.0757,2.0690631363500183,2.088973727299963,0.0183686364998154,30.3052717543336,XRP/USDT:USDT|1744948800000,S,2.0757,,engellendi,,,,,,MARJIN_YETERSIZ,Insufficient free margin
sinyal,LTC/USDT:USDT,1746176400000,-1,,1746129600000,1746162000000,1746169200000,1746176400000,88.48,88.41,88.88401601622655,87.46196796754688,0.9401601622654168,31.80124026406765,LTC/USDT:USDT|1746129600000,S,88.41,,engellendi,,,,,,MARJIN_YETERSIZ,Insufficient free margin
sinyal,XRP/USDT:USDT,1746561600000,1,,1746500400000,1746540000000,1746554400000,1746561600000,2.1216,2.1266,2.1183612452790466,2.1430775094419063,0.020387547209536,30.176199541129705,XRP/USDT:USDT|1746500400000,S,2.1266,,engellendi,,,,,,MARJIN_YETERSIZ,Insufficient free margin
sinyal,ADA/USDT:USDT,1747472400000,1,,1747440000000,1747454400000,1747461600000,1747472400000,0.7634,0.7652,0.7616542979656941,0.7722914040686119,0.0114570203430599,30.985712307932957,ADA/USDT:USDT|1747440000000,S,0.7652,,engellendi,,,,,,MARJIN_YETERSIZ,Insufficient free margin
sinyal,TRX/USDT:USDT,1747666800000,1,,1747620000000,1747659600000,1747663200000,1747666800000,0.26484,0.26485,0.2643266745360607,0.2658966509278785,0.0016332546393933,30.498192046772115,TRX/USDT:USDT|1747620000000,S,,,risk_haritasinda_yok,,,,,,,
sinyal,XRP/USDT:USDT,1748088000000,1,,1748034000000,1748077200000,1748080800000,1748088000000,2.3486,2.3492,2.3420455604303343,2.363508879139332,0.0185443956966571,30.94069465331385,XRP/USDT:USDT|1748034000000,S,2.3492,,engellendi,,,,,,MARJIN_YETERSIZ,Insufficient free margin
sinyal,BNB/USDT:USDT,1748397600000,-1,,1748361600000,1748390400000,1748394000000,1748397600000,684.13,683.33,686.0611049516825,677.8677900966351,3.511049516825372,30.876490538461194,BNB/USDT:USDT|1748361600000,S,683.33,,engellendi,,,,,,MARJIN_YETERSIZ,Insufficient free margin
sinyal,ETH/USDT:USDT,1748397600000,-1,,1748354400000,1748390400000,1748394000000,1748397600000,2640.04,2637.71,2643.9990761183567,2625.1318477632867,24.99076118356897,30.69491958073157,ETH/USDT:USDT|1748354400000,S,2637.71,,engellendi,,,,,,MARJIN_YETERSIZ,Insufficient free margin
sinyal,SOL/USDT:USDT,1748480400000,1,,1748462400000,1748473200000,1748476800000,1748480400000,172.57,172.89,172.26577194277533,174.1384561144493,1.5422805722465975,30.23480840804775,SOL/USDT:USDT|1748462400000,S,172.89,,engellendi,,,,,,MARJIN_YETERSIZ,Insufficient free margin
sinyal,SOL/USDT:USDT,1748800800000,1,,1748768400000,1748786400000,1748790000000,1748800800000,153.85,154.61,153.22393901702952,157.382121965941,1.6606098297046743,30.61254400337584,SOL/USDT:USDT|1748768400000,S,154.61,,engellendi,,,,,,MARJIN_YETERSIZ,Insufficient free margin
sinyal,TRX/USDT:USDT,1749603600000,-1,,1749560400000,1749585600000,1749600000000,1749603600000,0.28981,0.28951,0.2910565051257781,0.2864169897484437,0.0019650512577811,31.117856869588405,TRX/USDT:USDT|1749560400000,S,,,risk_haritasinda_yok,,,,,,,
sinyal,SOL/USDT:USDT,1749949200000,1,,1749924000000,1749942000000,1749945600000,1749949200000,144.94,144.97,144.61913058427336,145.67173883145327,1.3086941572663615,30.00957004824403,SOL/USDT:USDT|1749924000000,S,144.97,,engellendi,,,,,,MARJIN_YETERSIZ,Insufficient free margin
sinyal,LTC/USDT:USDT,1751436000000,1,,1751403600000,1751428800000,1751432400000,1751436000000,84.15,84.27,83.90160575448776,85.00678849102447,0.583942455122349,30.27878985708348,LTC/USDT:USDT|1751403600000,S,84.27,,engellendi,,,,,,MARJIN_YETERSIZ,Insufficient free margin
sinyal,XRP/USDT:USDT,1751922000000,-1,,1751896800000,1751911200000,1751918400000,1751922000000,2.2788,2.2779,2.284270557231593,2.265158885536813,0.0237055723159312,31.005942434596783,XRP/USDT:USDT|1751896800000,S,2.2779,,engellendi,,,,,,MARJIN_YETERSIZ,Insufficient free margin
sinyal,BCH/USDT:USDT,1753232400000,1,,1753200000000,1753203600000,1753218000000,1753232400000,521.18,523.44,520.1286062019971,530.062787596006,6.213937980029219,30.134591030705053,BCH/USDT:USDT|1753200000000,S,523.44,,engellendi,,,,,,MARJIN_YETERSIZ,Insufficient free margin
sinyal,TRX/USDT:USDT,1753729200000,-1,,1753718400000,1753722000000,1753725600000,1753729200000,0.32283,0.32266,0.3232906748055422,0.3213986503889156,0.0017067480554217,31.1010040415368,TRX/USDT:USDT|1753718400000,S,,,risk_haritasinda_yok,,,,,,,
sinyal,DOGE/USDT:USDT,1753776000000,1,,1753743600000,1753768800000,1753772400000,1753776000000,0.23004,0.2301,0.2290882777834809,0.2321234444330381,0.0033172221651908,30.449417051851967,DOGE/USDT:USDT|1753743600000,S,0.2301,,engellendi,,,,,,MARJIN_YETERSIZ,Insufficient free margin
sinyal,XRP/USDT:USDT,1754064000000,1,,1754010000000,1754049600000,1754056800000,1754064000000,3.0058,3.0114,2.9994621519937024,3.0352756960125955,0.047378480062978,32.14728206846203,XRP/USDT:USDT|1754010000000,S,3.0114,,engellendi,,,,,,MARJIN_YETERSIZ,Insufficient free margin
sinyal,BCH/USDT:USDT,1755241200000,1,,1755190800000,1755226800000,1755237600000,1755241200000,597.24,598.55,595.72220371709,604.2055925658199,5.477962829099746,31.019205661008836,BCH/USDT:USDT|1755190800000,S,598.55,,engellendi,,,,,,MARJIN_YETERSIZ,Insufficient free margin
sinyal,TRX/USDT:USDT,1755946800000,-1,,1755896400000,1755914400000,1755928800000,1755946800000,0.36165,0.36133,0.362452619066468,0.359084761867064,0.0017261906646799,30.09417819826083,TRX/USDT:USDT|1755896400000,S,,,risk_haritasinda_yok,,,,,,,
sinyal,BCH/USDT:USDT,1756648800000,-1,,1756605600000,1756641600000,1756645200000,1756648800000,547.32,546.0,547.8979961094864,542.2040077810273,2.9799610948629875,31.00383843473757,BCH/USDT:USDT|1756605600000,S,546.0,,engellendi,,,,,,MARJIN_YETERSIZ,Insufficient free margin
sinyal,ETH/USDT:USDT,1757210400000,1,,1757192400000,1757203200000,1757206800000,1757210400000,4287.32,4297.65,4284.477651315532,4323.994697368935,23.92348684468024,30.197702053249188,ETH/USDT:USDT|1757192400000,S,4297.65,,engellendi,,,,,,MARJIN_YETERSIZ,Insufficient free margin
sinyal,SOL/USDT:USDT,1758002400000,1,,1757959200000,1757984400000,1757998800000,1758002400000,235.64,235.7,234.37692524125163,238.3461495174967,2.330747587484008,30.073133044832268,SOL/USDT:USDT|1757959200000,S,235.7,,engellendi,,,,,,MARJIN_YETERSIZ,Insufficient free margin
sinyal,ICP/USDT:USDT,1758348000000,1,,1758304800000,1758340800000,1758344400000,1758348000000,4.762,4.769,4.743370726471834,4.820258547056332,0.036292735281654,31.067692556964037,ICP/USDT:USDT|1758304800000,S,4.769,,engellendi,,,,,,MARJIN_YETERSIZ,Insufficient free margin
sinyal,XLM/USDT:USDT,1759806000000,-1,,1759759200000,1759798800000,1759802400000,1759806000000,0.40631,0.40513,0.4068139788900943,0.4017620422198112,0.0034397889009434,30.349653249338537,XLM/USDT:USDT|1759759200000,S,0.40513,,engellendi,,,,,,MARJIN_YETERSIZ,Insufficient free margin
sinyal,XRP/USDT:USDT,1760612400000,1,,1760572800000,1760594400000,1760608800000,1760612400000,2.432,2.451,2.428088343324483,2.4968233133510345,0.0301165667551709,30.024655614088797,XRP/USDT:USDT|1760572800000,S,2.451,,engellendi,,,,,,MARJIN_YETERSIZ,Insufficient free margin
sinyal,DOGE/USDT:USDT,1763470800000,1,,1763438400000,1763442000000,1763452800000,1763470800000,0.15613,0.1564,0.1555884316849738,0.1580231366300522,0.0023156831502609,30.562214078551527,DOGE/USDT:USDT|1763438400000,S,0.1564,,engellendi,,,,,,MARJIN_YETERSIZ,Insufficient free margin
sinyal,BNB/USDT:USDT,1763611200000,1,,1763578800000,1763596800000,1763600400000,1763611200000,907.0,912.8,904.9117902925487,928.576419414902,9.882097074510808,31.86572757943679,BNB/USDT:USDT|1763578800000,S,912.8,,engellendi,,,,,,MARJIN_YETERSIZ,Insufficient free margin
sinyal,BCH/USDT:USDT,1764644400000,1,,1764601200000,1764622800000,1764637200000,1764644400000,523.21,523.63,520.8033717325793,529.2832565348414,6.566282674207021,30.147310893773582,BCH/USDT:USDT|1764601200000,S,523.63,,engellendi,,,,,,MARJIN_YETERSIZ,Insufficient free margin
sinyal,TRX/USDT:USDT,1764734400000,-1,,1764705600000,1764727200000,1764730800000,1764734400000,0.28003,0.28001,0.2802830180387196,0.2794639639225608,0.000930180387196,30.18190507240965,TRX/USDT:USDT|1764705600000,S,,,risk_haritasinda_yok,,,,,,,
sinyal,SOL/USDT:USDT,1765080000000,1,,1765062000000,1765069200000,1765072800000,1765080000000,132.79,132.95,132.68030755281154,133.48938489437688,0.8969244718847312,30.42461119189282,SOL/USDT:USDT|1765062000000,S,132.95,,engellendi,,,,,,MARJIN_YETERSIZ,Insufficient free margin
sinyal,ETH/USDT:USDT,1765490400000,1,,1765461600000,1765476000000,1765486800000,1765490400000,3232.87,3236.46,3224.0070751063568,3261.3658497872866,37.62924893643418,31.056322192078795,ETH/USDT:USDT|1765461600000,S,3236.46,,engellendi,,,,,,MARJIN_YETERSIZ,Insufficient free margin
sinyal,SOL/USDT:USDT,1767092400000,1,,1767027600000,1767067200000,1767081600000,1767092400000,124.13,124.25,123.86585599949476,125.01828800101046,0.841440005052279,30.015335019546427,SOL/USDT:USDT|1767027600000,S,124.25,,engellendi,,,,,,MARJIN_YETERSIZ,Insufficient free margin
sinyal,NEAR/USDT:USDT,1767096000000,1,,1767027600000,1767067200000,1767081600000,1767096000000,1.533,1.538,1.5294644995182998,1.5550710009634006,0.0153550048170019,30.64004305294138,NEAR/USDT:USDT|1767027600000,S,1.538,,engellendi,,,,,,MARJIN_YETERSIZ,Insufficient free margin
sinyal,ADA/USDT:USDT,1767261600000,1,,1767211200000,1767243600000,1767258000000,1767261600000,0.3384,0.3386,0.3380302841493013,0.3397394317013974,0.002697158506987,32.24470546444375,ADA/USDT:USDT|1767211200000,S,0.3386,,engellendi,,,,,,MARJIN_YETERSIZ,Insufficient free margin
sinyal,LTC/USDT:USDT,1768194000000,1,,1768165200000,1768186800000,1768190400000,1768194000000,79.93,79.99,79.83261925209068,80.30476149581862,0.6738074790932562,30.721886247826426,LTC/USDT:USDT|1768165200000,S,79.99,,engellendi,,,,,,MARJIN_YETERSIZ,Insufficient free margin
sinyal,ETH/USDT:USDT,1768276800000,1,,1768258800000,1768266000000,1768273200000,1768276800000,3113.17,3121.13,3109.1071894770585,3145.1756210458834,20.928105229412584,30.080115455320595,ETH/USDT:USDT|1768258800000,S,3121.13,,engellendi,,,,,,MARJIN_YETERSIZ,Insufficient free margin
sinyal,BNB/USDT:USDT,1768392000000,-1,,1768338000000,1768377600000,1768388400000,1768392000000,935.5,934.9,936.4746109205902,931.7507781588196,5.746109205901629,32.97354800349804,BNB/USDT:USDT|1768338000000,S,934.9,,engellendi,,,,,,MARJIN_YETERSIZ,Insufficient free margin
sinyal,TRX/USDT:USDT,1768392000000,-1,,1768330800000,1768366800000,1768377600000,1768392000000,0.30276,0.30236,0.3029429536836776,0.3011940926326449,0.0014295368367758,31.32802892926684,TRX/USDT:USDT|1768330800000,S,,,risk_haritasinda_yok,,,,,,,
sinyal,XLM/USDT:USDT,1768701600000,-1,,1768680000000,1768690800000,1768698000000,1768701600000,0.22957,0.22802,0.2298009708457234,0.2244580583085532,0.002109708457234,32.177023730221265,XLM/USDT:USDT|1768680000000,S,0.22802,,engellendi,,,,,,MARJIN_YETERSIZ,Insufficient free margin
sinyal,XLM/USDT:USDT,1768842000000,1,,1768791600000,1768834800000,1768838400000,1768842000000,0.21677,0.21752,0.2162720689353342,0.2200158621293315,0.0022793106466577,31.164747327761493,XLM/USDT:USDT|1768791600000,S,0.21752,,engellendi,,,,,,MARJIN_YETERSIZ,Insufficient free margin
sinyal,ETH/USDT:USDT,1769511600000,-1,,1769486400000,1769500800000,1769504400000,1769511600000,2918.61,2915.98,2923.597785122086,2900.744429755828,21.377851220859775,30.547556559912717,ETH/USDT:USDT|1769486400000,S,2915.98,,engellendi,,,,,,MARJIN_YETERSIZ,Insufficient free margin
sinyal,BCH/USDT:USDT,1771218000000,1,,1771182000000,1771189200000,1771210800000,1771218000000,558.01,559.39,557.2751057689507,563.6197884620987,5.248942310493548,31.051882726757757,BCH/USDT:USDT|1771182000000,S,559.39,,engellendi,,,,,,MARJIN_YETERSIZ,Insufficient free margin
sinyal,BNB/USDT:USDT,1771239600000,1,,1771178400000,1771218000000,1771236000000,1771239600000,618.4,618.8,613.0370161430174,630.3259677139652,4.629838569825999,30.02864205775444,BNB/USDT:USDT|1771178400000,S,618.8,,engellendi,,,,,,MARJIN_YETERSIZ,Insufficient free margin
sinyal,SOL/USDT:USDT,1772676000000,-1,,1772636400000,1772665200000,1772672400000,1772676000000,90.24,90.14,90.77194325951707,88.87611348096583,1.41943259517086,31.65789659019288,SOL/USDT:USDT|1772636400000,S,90.14,,engellendi,,,,,,MARJIN_YETERSIZ,Insufficient free margin
sinyal,XRP/USDT:USDT,1772956800000,1,,1772938800000,1772946000000,1772953200000,1772956800000,1.3556,1.3582,1.3527797399189243,1.3690405201621512,0.0082026008107537,30.44218927560909,XRP/USDT:USDT|1772938800000,S,1.3582,,engellendi,,,,,,MARJIN_YETERSIZ,Insufficient free margin
sinyal,ICP/USDT:USDT,1773388800000,-1,,1773360000000,1773374400000,1773385200000,1773388800000,2.638,2.636,2.6516824788899047,2.604635042220191,0.0368247888990437,30.10518683944061,ICP/USDT:USDT|1773360000000,S,2.636,,engellendi,,,,,,MARJIN_YETERSIZ,Insufficient free margin
sinyal,XLM/USDT:USDT,1773424800000,-1,,1773399600000,1773414000000,1773421200000,1773424800000,0.16286,0.16218,0.1633293027107061,0.1598813945785877,0.0017930271070614,31.29135618240216,XLM/USDT:USDT|1773399600000,S,0.16218,,engellendi,,,,,,MARJIN_YETERSIZ,Insufficient free margin
sinyal,DOGE/USDT:USDT,1773972000000,1,,1773925200000,1773946800000,1773968400000,1773972000000,0.0939,0.09394,0.0934057798613874,0.095008440277225,0.0008422013861254,30.5358563962462,DOGE/USDT:USDT|1773925200000,S,0.09394,,engellendi,,,,,,MARJIN_YETERSIZ,Insufficient free margin
sinyal,ADA/USDT:USDT,1774360800000,-1,,1774335600000,1774350000000,1774357200000,1774360800000,0.2617,0.2612,0.2625838611343521,0.2584322777312956,0.0028386113435221,30.128905208556763,ADA/USDT:USDT|1774335600000,S,0.2612,,engellendi,,,,,,MARJIN_YETERSIZ,Insufficient free margin
sinyal,ADA/USDT:USDT,1774839600000,1,,1774796400000,1774828800000,1774836000000,1774839600000,0.2445,0.2459,0.2439435868828161,0.2498128262343678,0.0025641311718391,31.21227119021539,ADA/USDT:USDT|1774796400000,S,0.2459,,engellendi,,,,,,MARJIN_YETERSIZ,Insufficient free margin
sinyal,TRX/USDT:USDT,1775030400000,1,,1774983600000,1775008800000,1775012400000,1775030400000,0.31475,0.31526,0.3145704753238897,0.3166390493522205,0.0012952467611026,30.318979505979136,TRX/USDT:USDT|1774983600000,S,,,risk_haritasinda_yok,,,,,,,
sinyal,NEAR/USDT:USDT,1775070000000,-1,,1775044800000,1775055600000,1775066400000,1775070000000,1.201,1.2,1.206263918973464,1.1874721620530715,0.012639189734641,30.195906245831093,NEAR/USDT:USDT|1775044800000,S,1.2,,engellendi,,,,,,MARJIN_YETERSIZ,Insufficient free margin
sinyal,ADA/USDT:USDT,1775268000000,-1,,1775232000000,1775257200000,1775264400000,1775268000000,0.2452,0.2451,0.2455001740035361,0.2442996519929277,0.0020017400353614,30.883742089520684,ADA/USDT:USDT|1775232000000,S,0.2451,,engellendi,,,,,,MARJIN_YETERSIZ,Insufficient free margin
sinyal,TRX/USDT:USDT,1775602800000,1,,1775559600000,1775595600000,1775599200000,1775602800000,0.315,0.31531,0.3147550646406294,0.3164198707187411,0.0007493535937057,31.094652279847157,TRX/USDT:USDT|1775559600000,S,,,risk_haritasinda_yok,,,,,,,
sinyal,SOL/USDT:USDT,1775883600000,-1,,1775840400000,1775869200000,1775880000000,1775883600000,84.34,84.04,84.417726364514,83.28454727097203,0.5772636451399336,30.86399681458821,SOL/USDT:USDT|1775840400000,S,84.04,,engellendi,,,,,,MARJIN_YETERSIZ,Insufficient free margin
sinyal,XRP/USDT:USDT,1776207600000,-1,,1776150000000,1776182400000,1776189600000,1776207600000,1.365,1.3608,1.3661565705959555,1.3500868588080883,0.0105657059595567,30.517677974099943,XRP/USDT:USDT|1776150000000,S,1.3608,,engellendi,,,,,,MARJIN_YETERSIZ,Insufficient free margin
sinyal,BNB/USDT:USDT,1776340800000,-1,,1776290400000,1776322800000,1776333600000,1776340800000,622.2,621.8,622.6816732431032,620.0366535137935,2.81673243103176,31.804835994539346,BNB/USDT:USDT|1776290400000,S,621.8,,engellendi,,,,,,MARJIN_YETERSIZ,Insufficient free margin
sinyal,ICP/USDT:USDT,1776474000000,-1,,1776430800000,1776448800000,1776466800000,1776474000000,2.622,2.612,2.629983871861323,2.5760322562773545,0.029838718613232,30.419463159187877,ICP/USDT:USDT|1776430800000,S,2.612,,engellendi,,,,,,MARJIN_YETERSIZ,Insufficient free margin
sinyal,SOL/USDT:USDT,1776888000000,-1,,1776859200000,1776873600000,1776884400000,1776888000000,87.45,87.11,87.52832776314699,86.27334447370602,0.6832776314700094,30.832967680931155,SOL/USDT:USDT|1776859200000,S,87.11,,engellendi,,,,,,MARJIN_YETERSIZ,Insufficient free margin
sinyal,ETH/USDT:USDT,1777399200000,1,,1777370400000,1777392000000,1777395600000,1777399200000,2287.51,2295.91,2285.031029187974,2317.6679416240518,14.189708120256224,30.09755977259168,ETH/USDT:USDT|1777370400000,S,2295.91,,engellendi,,,,,,MARJIN_YETERSIZ,Insufficient free margin
sinyal,TRX/USDT:USDT,1777453200000,1,,1777420800000,1777446000000,1777449600000,1777453200000,0.3226,0.32315,0.3220510714492162,0.3253478571015675,0.0008892855078375,30.201009997342908,TRX/USDT:USDT|1777420800000,S,,,risk_haritasinda_yok,,,,,,,
sinyal,ETH/USDT:USDT,1777471200000,-1,,1777460400000,1777464000000,1777467600000,1777471200000,2306.88,2298.35,2308.532228514343,2277.985542971314,16.122285143428368,30.891774768072192,ETH/USDT:USDT|1777460400000,S,2298.35,,engellendi,,,,,,MARJIN_YETERSIZ,Insufficient free margin
sinyal,TRX/USDT:USDT,1778126400000,-1,,1778083200000,1778119200000,1778122800000,1778126400000,0.34489,0.34404,0.3452000775451295,0.341719844909741,0.0012007754512951,30.2288277896523,TRX/USDT:USDT|1778083200000,S,,,risk_haritasinda_yok,,,,,,,
sinyal,LTC/USDT:USDT,1778346000000,-1,,1778277600000,1778317200000,1778331600000,1778346000000,58.16,58.02,58.2241437920318,57.6117124159364,0.341437920318092,31.28159118835073,LTC/USDT:USDT|1778277600000,S,58.02,,engellendi,,,,,,MARJIN_YETERSIZ,Insufficient free margin
sinyal,ADA/USDT:USDT,1778349600000,-1,,1778274000000,1778317200000,1778331600000,1778349600000,0.2726,0.2719,0.2730011350857558,0.2696977298284883,0.0020113508575579,30.76952157003634,ADA/USDT:USDT|1778274000000,S,0.2719,,engellendi,,,,,,MARJIN_YETERSIZ,Insufficient free margin
sinyal,ADA/USDT:USDT,1778641200000,1,,1778601600000,1778630400000,1778637600000,1778641200000,0.2732,0.274,0.2728980723146487,0.2762038553707027,0.0020192768535131,30.595704854428057,ADA/USDT:USDT|1778601600000,S,0.274,,engellendi,,,,,,MARJIN_YETERSIZ,Insufficient free margin
sinyal,DOGE/USDT:USDT,1778828400000,-1,,1778792400000,1778799600000,1778817600000,1778828400000,0.11503,0.11481,0.115263021920151,0.1139039561596978,0.0015302192015105,30.143675638694614,DOGE/USDT:USDT|1778792400000,S,0.11481,,engellendi,,,,,,MARJIN_YETERSIZ,Insufficient free margin
sinyal,ICP/USDT:USDT,1779267600000,1,,1779224400000,1779246000000,1779253200000,1779267600000,2.503,2.509,2.496642911470801,2.533714177058397,0.0235708852919922,30.003754501879182,ICP/USDT:USDT|1779224400000,S,2.509,,engellendi,,,,,,MARJIN_YETERSIZ,Insufficient free margin
sinyal,ADA/USDT:USDT,1779688800000,1,,1779660000000,1779667200000,1779685200000,1779688800000,0.243,0.2439,0.2424299629322182,0.2468400741355636,0.0017003706778181,30.414896371041824,ADA/USDT:USDT|1779660000000,S,0.2439,,engellendi,,,,,,MARJIN_YETERSIZ,Insufficient free margin
sinyal,LTC/USDT:USDT,1779696000000,1,,1779667200000,1779674400000,1779692400000,1779696000000,52.87,52.99,52.83105929654996,53.30788140690009,0.2894070345004118,30.071047617329413,LTC/USDT:USDT|1779667200000,S,52.99,,engellendi,,,,,,MARJIN_YETERSIZ,Insufficient free margin
sinyal,LTC/USDT:USDT,1779796800000,1,,1779753600000,1779771600000,1779789600000,1779796800000,52.65,52.8,52.59224197784439,53.215516044311215,0.2775802215561121,31.02124282075768,LTC/USDT:USDT|1779753600000,S,52.8,,engellendi,,,,,,MARJIN_YETERSIZ,Insufficient free margin
sinyal,ADA/USDT:USDT,1779987600000,1,,1779944400000,1779976800000,1779984000000,1779987600000,0.234,0.235,0.2334513321372456,0.2380973357255086,0.0024866786275431,30.46501469959861,ADA/USDT:USDT|1779944400000,S,0.235,,engellendi,,,,,,MARJIN_YETERSIZ,Insufficient free margin
sinyal,TRX/USDT:USDT,1780315200000,-1,,1780272000000,1780308000000,1780311600000,1780315200000,0.34981,0.34844,0.3502157059319009,0.3448885881361982,0.0011570593190088,30.48928807151795,TRX/USDT:USDT|1780272000000,S,,,risk_haritasinda_yok,,,,,,,
sinyal,SOL/USDT:USDT,1780354800000,1,,1780315200000,1780333200000,1780351200000,1780354800000,81.18,81.24,80.97609218219863,81.76781563560273,0.7390781780136613,31.258485041513413,SOL/USDT:USDT|1780315200000,S,81.24,,engellendi,,,,,,MARJIN_YETERSIZ,Insufficient free margin
sinyal,SOL/USDT:USDT,1781100000000,1,,1781085600000,1781092800000,1781096400000,1781100000000,64.65,65.01,64.44769135670604,66.13461728658793,0.8230864329395944,30.197341758005077,SOL/USDT:USDT|1781085600000,S,65.01,,engellendi,,,,,,MARJIN_YETERSIZ,Insufficient free margin
sinyal,XRP/USDT:USDT,1781100000000,1,,1781085600000,1781092800000,1781096400000,1781100000000,1.124,1.1241,1.1161031823934338,1.1400936352131328,0.0119681760656626,30.55809256383856,XRP/USDT:USDT|1781085600000,S,1.1241,,engellendi,,,,,,MARJIN_YETERSIZ,Insufficient free margin
sinyal,ETH/USDT:USDT,1782280800000,1,,1782216000000,1782259200000,1782277200000,1782280800000,1673.55,1674.23,1668.5526220618108,1685.5847558763785,11.673779381892473,30.07825354969961,ETH/USDT:USDT|1782216000000,S,1674.23,,engellendi,,,,,,MARJIN_YETERSIZ,Insufficient free margin
sinyal,ETH/USDT:USDT,1783317600000,-1,,1783288800000,1783296000000,1783314000000,1783317600000,1773.86,1768.8,1775.9426616747387,1754.5146766505225,12.226616747385943,30.3744446613842,ETH/USDT:USDT|1783288800000,S,1768.8,,engellendi,,,,,,MARJIN_YETERSIZ,Insufficient free margin
sinyal,BNB/USDT:USDT,1783551600000,1,,1783497600000,1783540800000,1783548000000,1783551600000,569.1,570.0,568.0760562410957,573.8478875178087,3.2394375890429727,31.256137430197352,BNB/USDT:USDT|1783497600000,S,570.0,,engellendi,,,,,,MARJIN_YETERSIZ,Insufficient free margin
sinyal,XRP/USDT:USDT,1783868400000,1,,1783836000000,1783857600000,1783864800000,1783868400000,1.0995,1.1013,1.098787994647746,1.1063240107045076,0.0051200535225379,31.064934430971785,XRP/USDT:USDT|1783836000000,S,1.1013,,engellendi,,,,,,MARJIN_YETERSIZ,Insufficient free margin
sinyal,SOL/USDT:USDT,1783875600000,1,,1783836000000,1783854000000,1783864800000,1783875600000,77.24,77.33,77.16271716072777,77.66456567854446,0.4728283927223331,31.173769995691075,SOL/USDT:USDT|1783836000000,S,77.33,,engellendi,,,,,,MARJIN_YETERSIZ,Insufficient free margin
sinyal,BNB/USDT:USDT,1784102400000,-1,,1784066400000,1784088000000,1784098800000,1784102400000,578.6,578.5,579.3663979299797,576.7672041400406,2.663979299796579,30.689528354337813,BNB/USDT:USDT|1784066400000,S,578.5,,engellendi,,,,,,MARJIN_YETERSIZ,Insufficient free margin
sinyal,SOL/USDT:USDT,1784311200000,1,,1784271600000,1784304000000,1784307600000,1784311200000,75.09,75.29,74.87068207944084,76.12863584111834,0.5931792055916998,30.106463449983902,SOL/USDT:USDT|1784271600000,S,75.29,,engellendi,,,,,,MARJIN_YETERSIZ,Insufficient free margin
sinyal,XRP/USDT:USDT,1784311200000,1,,1784271600000,1784304000000,1784307600000,1784311200000,1.0896,1.0916,1.086355575002704,1.102088849994592,0.00744424997296,30.50680160885878,XRP/USDT:USDT|1784271600000,S,1.0916,,engellendi,,,,,,MARJIN_YETERSIZ,Insufficient free margin
sinyal,BNB/USDT:USDT,1784318400000,1,,1784282400000,1784307600000,1784314800000,1784318400000,569.2,569.5,568.4167217334974,571.6665565330052,2.832782665025781,31.329149073806597,BNB/USDT:USDT|1784282400000,S,569.5,,engellendi,,,,,,MARJIN_YETERSIZ,Insufficient free margin
