sembol,yon,a_zaman,p_zaman,f_zaman,q_zaman,giris_zamani,cikis_zamani,P,E_plan,E_fill,stop,hedef,miktar,risk_pct,cikis_fiyati,cikis_nedeni,komisyon,kayma_giris,kayma_cikis,funding,net_pnl,R0_usdt,net_R,sl_gap,kimlik,gecersiz_risk,ayni_mum_stop_hedef,tutus_mum
XRP/USDT:USDT,short,2023-04-11 06:00:00+00:00,2023-04-11 14:00:00+00:00,2023-04-11 16:00:00+00:00,2023-04-11 19:00:00+00:00,2023-04-11 20:00:00+00:00,2023-04-12 04:00:00+00:00,0.5168,0.516,0.5151821400000001,0.518983760166242,0.510032479667516,33514.758,0.01,0.510032479667516,tp_hit,3.435981987621884,27.41037997787826,0.0,8.881784197001252e-16,169.15363783778216,127.41037987951941,1.3276283925825794,False,XRP/USDT:USDT|1681192800000,False,False,7
LTC/USDT:USDT,long,2023-04-23 18:00:00+00:00,2023-04-23 20:00:00+00:00,2023-04-23 22:00:00+00:00,2023-04-24 00:00:00+00:00,2023-04-24 01:00:00+00:00,2023-04-24 10:00:00+00:00,86.25,87.86,87.99925809999999,86.1176931827484,91.3446136345032,57.395,0.01,86.11562635811201,sl_hit,0.9993323793473339,7.992718649499551,0.11862255299577214,1.1102230246251565e-16,-109.11037620500804,107.99241842565529,-1.0103521876410462,False,LTC/USDT:USDT|1682272800000,False,False,8
XRP/USDT:USDT,long,2023-04-27 09:00:00+00:00,2023-04-27 15:00:00+00:00,2023-04-27 18:00:00+00:00,2023-04-27 19:00:00+00:00,2023-04-27 20:00:00+00:00,2023-04-28 00:00:00+00:00,0.4636,0.4666,0.467339561,0.4622835012041067,0.4752329975917866,23166.924,0.01,0.4622724064000778,sl_hit,2.1536249798248077,17.133353480363994,0.25702631295282513,4.440892098500626e-16,-119.5440104924725,117.13335303091553,-1.0205804529553655,False,XRP/USDT:USDT|1682586000000,False,False,3
DOGE/USDT:USDT,short,2023-05-04 01:00:00+00:00,2023-05-04 09:00:00+00:00,2023-05-04 11:00:00+00:00,2023-05-04 12:00:00+00:00,2023-05-04 13:00:00+00:00,2023-05-04 20:00:00+00:00,0.07898,0.07868,0.0785552922,0.0791478549104649,0.0777442901790701,213741.477,0.01,0.0791497544589827,sl_hit,3.370810960324488,26.655229365420276,0.4060220501340072,1.3322676295501878e-15,-130.43205221606118,126.6552289498911,-1.029819718439452,False,DOGE/USDT:USDT|1683162000000,False,False,6
ETH/USDT:USDT,short,2023-05-04 00:00:00+00:00,2023-05-04 12:00:00+00:00,2023-05-04 13:00:00+00:00,2023-05-04 15:00:00+00:00,2023-05-04 16:00:00+00:00,2023-05-04 20:00:00+00:00,1892.2,1885.17,1882.18200555,1893.711981012248,1868.0860379755045,11.706,0.01,1868.0860379755045,tp_hit,4.390063771750956,34.97746303170102,0.0,0.0,160.61733265529588,134.9698927610763,1.1900234146264062,False,ETH/USDT:USDT|1683158400000,False,False,3
SOL/USDT:USDT,short,2023-05-06 03:00:00+00:00,2023-05-06 06:00:00+00:00,2023-05-06 09:00:00+00:00,2023-05-06 10:00:00+00:00,2023-05-06 11:00:00+00:00,2023-05-06 13:00:00+00:00,22.54,22.511,22.475320065,22.580574014305466,22.371851971389077,1110.568,0.01,22.58111594808181,sl_hit,5.003823603017624,39.6249940530811,0.6018687546295036,-8.881784197001252e-16,-122.49734588541028,116.8916679722743,-1.0479561803709192,False,SOL/USDT:USDT|1683342000000,False,False,1
DOGE/USDT:USDT,short,2023-05-17 18:00:00+00:00,2023-05-18 04:00:00+00:00,2023-05-18 06:00:00+00:00,2023-05-18 07:00:00+00:00,2023-05-18 08:00:00+00:00,2023-05-18 13:00:00+00:00,0.07417,0.07402,0.0739026783,0.0742753122377185,0.0735093755245629,337746.554,0.01,0.0742770948452122,sl_hit,5.004720775229716,39.624999884423815,0.6020839878024379,1.7763568394002505e-15,-131.46261868123923,125.85582836787309,-1.0445493100007863,False,DOGE/USDT:USDT|1684346400000,False,False,4
ADA/USDT:USDT,long,2023-05-21 21:00:00+00:00,2023-05-22 00:00:00+00:00,2023-05-22 04:00:00+00:00,2023-05-22 05:00:00+00:00,2023-05-22 06:00:00+00:00,2023-05-22 08:00:00+00:00,0.3614,0.3618,0.362373453,0.3610752831144255,0.363249433771149,69098.949,0.01,0.363249433771149,tp_hit,5.013977884623239,39.624999600897105,0.0,0.0,55.51537274598439,89.70217471664947,0.6188854720785301,False,ADA/USDT:USDT|1684702800000,False,False,1
SOL/USDT:USDT,long,2023-05-21 21:00:00+00:00,2023-05-22 06:00:00+00:00,2023-05-22 09:00:00+00:00,2023-05-22 11:00:00+00:00,2023-05-22 12:00:00+00:00,2023-05-22 16:00:00+00:00,19.78,19.86,19.8914781,19.71882787892895,20.1423442421421,708.355,0.01,19.718354627059853,sl_hit,2.8057823061376483,22.297669525500755,0.33522228220442357,4.440892098500626e-16,-125.43865998065355,122.29764734678511,-1.025683344708683,False,SOL/USDT:USDT|1684702800000,False,False,3
LTC/USDT:USDT,long,2023-05-31 11:00:00+00:00,2023-05-31 20:00:00+00:00,2023-05-31 23:00:00+00:00,2023-06-01 03:00:00+00:00,2023-06-01 04:00:00+00:00,2023-06-01 16:00:00+00:00,89.82,90.84,90.9839814,89.03358130578812,94.45283738842376,55.358,0.01,94.45283738842376,tp_hit,1.0265411414489563,7.970522341200069,0.0,2.220446049250313e-16,191.00238866571405,107.9702484153816,1.7690279634338932,False,LTC/USDT:USDT|1685530800000,False,False,11
XRP/USDT:USDT,short,2023-06-03 10:00:00+00:00,2023-06-03 11:00:00+00:00,2023-06-03 13:00:00+00:00,2023-06-03 16:00:00+00:00,2023-06-03 17:00:00+00:00,2023-06-04 04:00:00+00:00,0.5221,0.5199,0.5190759585000001,0.52324709809851,0.5132058038029801,29876.626,0.01,0.5232596560288644,sl_hit,3.1141471321759053,24.619579703976846,0.37519759305751266,0.0,-128.10891349917796,124.6195777784704,-1.0279999000390643,False,XRP/USDT:USDT|1685786400000,False,False,10
XRP/USDT:USDT,short,2023-06-04 19:00:00+00:00,2023-06-05 01:00:00+00:00,2023-06-05 02:00:00+00:00,2023-06-05 03:00:00+00:00,2023-06-05 04:00:00+00:00,2023-06-05 06:00:00+00:00,0.532,0.5303,0.5294594745,0.5332515186855725,0.5243969626288549,33880.862,0.01,0.533264316722021,sl_hit,3.6005998114510107,28.477728472981756,0.4336189133851941,4.440892098500626e-16,-132.51193406751935,128.477725749286,-1.031400060163781,False,XRP/USDT:USDT|1685905200000,False,False,1
LTC/USDT:USDT,long,2023-06-08 10:00:00+00:00,2023-06-08 12:00:00+00:00,2023-06-08 14:00:00+00:00,2023-06-08 15:00:00+00:00,2023-06-08 16:00:00+00:00,2023-06-08 18:00:00+00:00,88.73,88.79,88.93073215,88.32520590921278,89.71958818157445,215.149,0.01,88.32308610427096,sl_hit,3.8135981743588143,30.278381340348055,0.456062967653947,0.0,-134.54803726691625,130.2783651791282,-1.0327734546094234,False,LTC/USDT:USDT|1686218400000,False,False,1
ICP/USDT:USDT,short,2023-06-13 17:00:00+00:00,2023-06-14 05:00:00+00:00,2023-06-14 06:00:00+00:00,2023-06-14 07:00:00+00:00,2023-06-14 08:00:00+00:00,2023-06-14 10:00:00+00:00,3.906,3.9,3.8938185,3.9149436936654114,3.870112612669177,6410.256,0.01,3.91503765231406,sl_hit,5.005676700350812,39.62499746399897,0.6023134464233307,0.0,-141.02587513646438,135.41789944486493,-1.0414123665674102,False,ICP/USDT:USDT|1686675600000,False,False,1
NEAR/USDT:USDT,short,2023-06-17 18:00:00+00:00,2023-06-17 23:00:00+00:00,2023-06-18 00:00:00+00:00,2023-06-18 01:00:00+00:00,2023-06-18 02:00:00+00:00,2023-06-18 04:00:00+00:00,1.254,1.252,1.25001558,1.2552269490028587,1.2455461019942826,19968.051,0.01,1.2455461019942826,tp_hit,4.983150293970761,39.624999765421954,0.0,1.7763568394002505e-15,84.26361446757474,104.06088202890346,0.8097530294253135,False,NEAR/USDT:USDT|1687024800000,False,False,1
NEAR/USDT:USDT,short,2023-06-24 08:00:00+00:00,2023-06-24 13:00:00+00:00,2023-06-24 15:00:00+00:00,2023-06-24 17:00:00+00:00,2023-06-24 18:00:00+00:00,2023-06-25 04:00:00+00:00,1.406,1.398,1.39578417,1.4170594181222769,1.359881163755446,5246.749,0.01,1.4170934275483118,sl_hit,1.4758462722059007,11.625903836669574,0.17844320457349624,0.0,-113.28017200455334,111.62588681030809,-1.0148199063990995,False,NEAR/USDT:USDT|1687593600000,False,False,9
ETH/USDT:USDT,short,2023-07-03 10:00:00+00:00,2023-07-03 20:00:00+00:00,2023-07-04 00:00:00+00:00,2023-07-04 01:00:00+00:00,2023-07-04 02:00:00+00:00,2023-07-04 05:00:00+00:00,1954.46,1953.63,1950.5334964500005,1960.7299535229115,1939.430092954177,12.796,0.01,1960.777011041796,sl_hit,5.004912925386503,39.6228594257952,0.6021624631989796,0.0,-136.0809256420072,130.47386470496937,-1.0429745907329153,False,ETH/USDT:USDT|1688378400000,False,False,2
LTC/USDT:USDT,short,2023-07-11 07:00:00+00:00,2023-07-11 14:00:00+00:00,2023-07-11 15:00:00+00:00,2023-07-11 16:00:00+00:00,2023-07-11 17:00:00+00:00,2023-07-11 19:00:00+00:00,96.64,96.61,96.45687315,96.85003375187596,96.12993249624807,258.772,0.01,96.12993249624807,tp_hit,4.983607287069091,39.624941228198054,0.0,8.881784197001252e-16,79.61947956562244,101.73895526864285,0.7825859756018362,False,LTC/USDT:USDT|1689058800000,False,False,1
BNB/USDT:USDT,long,2023-07-16 23:00:00+00:00,2023-07-17 11:00:00+00:00,2023-07-17 13:00:00+00:00,2023-07-17 14:00:00+00:00,2023-07-17 15:00:00+00:00,2023-07-17 18:00:00+00:00,243.75,243.86,244.2465181,242.77491392143324,246.0301721571336,92.158,0.01,242.76908732349912,sl_hit,4.488238416461884,35.62073505979902,0.5369547251894167,0.0,-140.6453039172301,135.62009788835584,-1.0370535496369504,False,BNB/USDT:USDT|1689548400000,False,False,2
LTC/USDT:USDT,short,2023-07-22 02:00:00+00:00,2023-07-22 09:00:00+00:00,2023-07-22 10:00:00+00:00,2023-07-22 16:00:00+00:00,2023-07-22 17:00:00+00:00,2023-07-22 20:00:00+00:00,93.89,93.71,93.56146965,94.04948075606372,93.03103848787252,266.78,0.01,93.03103848787252,tp_hit,4.977914932102163,39.6249267729966,0.0,0.0,136.53051050026446,130.1916028756763,1.048689066610858,False,LTC/USDT:USDT|1689991200000,False,False,2
BNB/USDT:USDT,long,2023-07-22 23:00:00+00:00,2023-07-23 04:00:00+00:00,2023-07-23 06:00:00+00:00,2023-07-23 07:00:00+00:00,2023-07-23 08:00:00+00:00,2023-07-23 11:00:00+00:00,242.46,242.65,243.03460025,242.23086848479429,243.48826303041145,103.029,0.01,242.22505494395065,sl_hit,4.999581701497754,39.62497915725056,0.598948924459687,0.0,-88.40622503845417,82.80768003738068,-1.0676090067798811,False,BNB/USDT:USDT|1690066800000,False,False,2
ADA/USDT:USDT,short,2023-07-27 04:00:00+00:00,2023-07-27 13:00:00+00:00,2023-07-27 14:00:00+00:00,2023-07-27 15:00:00+00:00,2023-07-27 16:00:00+00:00,2023-07-28 02:00:00+00:00,0.3085,0.3084,0.307911186,0.3101261292661239,0.3049477414677523,57933.088,0.01,0.3101335722932262,sl_hit,3.5805241370140206,28.31850447763224,0.43120789285002803,4.440892098500626e-16,-132.33022483248368,128.3185031513616,-1.0312637817820391,False,ADA/USDT:USDT|1690430400000,False,False,9
BNB/USDT:USDT,short,2023-07-27 08:00:00+00:00,2023-07-27 14:00:00+00:00,2023-07-27 18:00:00+00:00,2023-07-27 20:00:00+00:00,2023-07-27 21:00:00+00:00,2023-07-27 23:00:00+00:00,240.58,240.19,239.80929885,240.7004801209991,239.16903975800184,104.084,0.01,240.706256932522,sl_hit,5.001398110806802,39.62489849659928,0.6012880811175508,8.881784197001252e-16,-98.36038317202568,92.75771141066866,-1.0604011426775306,False,BNB/USDT:USDT|1690444800000,False,False,1
DOGE/USDT:USDT,long,2023-07-30 22:00:00+00:00,2023-07-31 02:00:00+00:00,2023-07-31 08:00:00+00:00,2023-07-31 09:00:00+00:00,2023-07-31 10:00:00+00:00,2023-07-31 13:00:00+00:00,0.07902,0.07917,0.07929548445,0.0789411870894442,0.0796276258211116,315776.177,0.01,0.0796276258211116,tp_hit,5.0184132198361056,39.62499989394473,0.0,0.0,99.86391917333005,111.87866603750017,0.8926091337186399,False,DOGE/USDT:USDT|1690754400000,False,False,2
LTC/USDT:USDT,long,2023-08-01 04:00:00+00:00,2023-08-01 12:00:00+00:00,2023-08-01 14:00:00+00:00,2023-08-01 15:00:00+00:00,2023-08-01 16:00:00+00:00,2023-08-02 05:00:00+00:00,91.59,93.08,93.2275318,91.09043539675083,97.05912920649833,50.262,0.01,92.71777472,max_hold,0.9345982996308241,7.415243331599793,0.11184433903143935,-1.1102230246251565e-16,-26.556008654590823,107.41473942010929,-0.24722872110435182,False,LTC/USDT:USDT|1690862400000,False,False,12
DOGE/USDT:USDT,long,2023-08-01 02:00:00+00:00,2023-08-01 12:00:00+00:00,2023-08-01 18:00:00+00:00,2023-08-01 19:00:00+00:00,2023-08-01 20:00:00+00:00,2023-08-01 22:00:00+00:00,0.07727,0.07731,0.07743253635,0.0770657702514332,0.0777984594971335,323373.431,0.01,0.0770639206729471,sl_hit,4.996004938485445,39.624999921714824,0.5980901864237455,2.6645352591003757e-15,-124.19652114743909,118.60241166802967,-1.0471669117072209,False,DOGE/USDT:USDT|1690855200000,False,False,1
XRP/USDT:USDT,long,2023-08-07 16:00:00+00:00,2023-08-07 18:00:00+00:00,2023-08-07 22:00:00+00:00,2023-08-07 23:00:00+00:00,2023-08-08 00:00:00+00:00,2023-08-08 04:00:00+00:00,0.6201,0.6232,0.624187772,0.6178769798431835,0.633846040313633,18786.327,0.01,0.6178621507956672,sl_hit,2.333355599996416,18.556607793443963,0.27857664973849716,0.0,-121.16854402272575,118.55660508699032,-1.0220311549391865,False,XRP/USDT:USDT|1691424000000,False,False,3
XLM/USDT:USDT,short,2023-08-09 13:00:00+00:00,2023-08-09 15:00:00+00:00,2023-08-09 17:00:00+00:00,2023-08-09 18:00:00+00:00,2023-08-09 19:00:00+00:00,2023-08-09 21:00:00+00:00,0.14209,0.14191,0.14168507265,0.1424449336767701,0.1408401326464597,176167.993,0.01,0.1424483523551784,sl_hit,5.005521522737828,39.62499982031116,0.6022761681736464,1.7763568394002505e-15,-139.47097528164224,133.86319204501032,-1.0418918983699892,False,XLM/USDT:USDT|1691586000000,False,False,1
ETH/USDT:USDT,long,2023-08-22 19:00:00+00:00,2023-08-23 00:00:00+00:00,2023-08-23 06:00:00+00:00,2023-08-23 07:00:00+00:00,2023-08-23 08:00:00+00:00,2023-08-23 13:00:00+00:00,1641.43,1644.53,1647.1365800499998,1640.0953754617135,1653.399249076573,15.201,0.01,1640.0560131727025,sl_hit,4.996861460957829,39.62262334004727,0.598331794949718,8.881784197001252e-16,-112.62855856275432,107.03335094653991,-1.052275366198794,False,ETH/USDT:USDT|1692730800000,False,False,4
BCH/USDT:USDT,short,2023-08-23 23:00:00+00:00,2023-08-24 06:00:00+00:00,2023-08-24 08:00:00+00:00,2023-08-24 09:00:00+00:00,2023-08-24 10:00:00+00:00,2023-08-24 13:00:00+00:00,191.64,191.55,191.24639325,192.5388482301634,189.5723035396732,101.127,0.01,192.54346916252092,sl_hit,3.8811517416191004,30.70283980725001,0.46731224174395813,4.440892098500626e-16,-135.05054754712404,130.70209477898402,-1.0332699546667037,False,BCH/USDT:USDT|1692831600000,False,False,2
ADA/USDT:USDT,long,2023-08-31 19:00:00+00:00,2023-09-01 06:00:00+00:00,2023-09-01 11:00:00+00:00,2023-09-01 12:00:00+00:00,2023-09-01 13:00:00+00:00,2023-09-01 15:00:00+00:00,0.2575,0.2579,0.2583087715,0.2568280473835538,0.2600439052328924,93287.705,0.01,0.2568218835104165,sl_hit,4.805535658106851,38.1333551044038,0.5749997785551384,8.881784197001252e-16,-143.51390379840686,138.1333545614164,-1.0389518465983403,False,ADA/USDT:USDT|1693508400000,False,False,1
XLM/USDT:USDT,short,2023-09-07 23:00:00+00:00,2023-09-08 06:00:00+00:00,2023-09-08 09:00:00+00:00,2023-09-08 10:00:00+00:00,2023-09-08 11:00:00+00:00,2023-09-08 14:00:00+00:00,0.12378,0.12335,0.12315449025,0.1240293757433641,0.1219912485132718,147193.951,0.01,0.1240323524483819,sl_hit,3.6384408011990335,28.777852561522696,0.4381634882088445,0.0,-132.85444621458095,128.77785244084694,-1.0316560161275135,False,XLM/USDT:USDT|1694127600000,False,False,2
XRP/USDT:USDT,long,2023-09-10 11:00:00+00:00,2023-09-10 19:00:00+00:00,2023-09-10 20:00:00+00:00,2023-09-10 21:00:00+00:00,2023-09-10 22:00:00+00:00,2023-09-11 00:00:00+00:00,0.4992,0.4997,0.5004920245,0.4987568790802816,0.5015862418394366,50030.018,0.01,0.4987449089151837,sl_hit,4.999184176502644,39.624999991440404,0.5988532024904399,-8.881784197001252e-16,-92.40740833294126,86.80935658112733,-1.0644867324478127,False,XRP/USDT:USDT|1694343600000,False,False,1
SOL/USDT:USDT,short,2023-09-12 11:00:00+00:00,2023-09-12 13:00:00+00:00,2023-09-12 16:00:00+00:00,2023-09-12 17:00:00+00:00,2023-09-12 18:00:00+00:00,2023-09-12 21:00:00+00:00,17.933,17.716,17.687920140000003,17.994611866490462,17.15877626701908,358.922,0.01,17.99504373717526,sl_hit,1.28074007607235,10.078479510919387,0.15501161011762604,0.0,-111.51415582140947,110.07840785540876,-1.0130429572335986,False,SOL/USDT:USDT|1694516400000,False,False,2
DOGE/USDT:USDT,long,2023-09-25 02:00:00+00:00,2023-09-25 14:00:00+00:00,2023-09-25 15:00:00+00:00,2023-09-25 17:00:00+00:00,2023-09-25 18:00:00+00:00,2023-09-25 20:00:00+00:00,0.06097,0.06103,0.06112673255,0.0608833948145437,0.0613232103709125,409634.605,0.01,0.0608819336130681,sl_hit,4.997897177028527,39.624999909892374,0.5985443238534089,2.6645352591003757e-15,-105.27601301152072,99.67955714523725,-1.0561444696040252,False,DOGE/USDT:USDT|1695607200000,False,False,2
XLM/USDT:USDT,long,2023-09-25 14:00:00+00:00,2023-09-25 16:00:00+00:00,2023-09-25 17:00:00+00:00,2023-09-25 19:00:00+00:00,2023-09-25 20:00:00+00:00,2023-09-25 23:00:00+00:00,0.11261,0.11285,0.11302886725,0.1124447155751566,0.1136605688496867,221533.008,0.01,0.1124420169019828,sl_hit,4.9949243182608285,39.62499992518626,0.5978308375171941,8.881784197001252e-16,-135.00164716035454,129.40887765629512,-1.0432178194058184,False,XLM/USDT:USDT|1695650400000,False,False,2
BNB/USDT:USDT,short,2023-09-27 03:00:00+00:00,2023-09-27 08:00:00+00:00,2023-09-27 14:00:00+00:00,2023-09-27 15:00:00+00:00,2023-09-27 16:00:00+00:00,2023-09-27 18:00:00+00:00,212.47,212.43,212.09329845,212.94646748816115,211.39706502367773,117.685,0.01,212.95157820338088,sl_hit,5.002140630895314,39.62472191175176,0.6014689555407571,0.0,-106.00879340752134,100.40519825599557,-1.0558098111338687,False,BNB/USDT:USDT|1695783600000,False,False,1
NEAR/USDT:USDT,short,2023-10-01 11:00:00+00:00,2023-10-01 14:00:00+00:00,2023-10-01 16:00:00+00:00,2023-10-01 17:00:00+00:00,2023-10-01 18:00:00+00:00,2023-10-02 00:00:00+00:00,1.142,1.133,1.131204195,1.1428349576941814,1.1133300846116372,10167.811,0.01,1.142862385733166,sl_hit,2.3122279194311073,18.259405832854835,0.2788898096914542,8.881784197001252e-16,-120.8505078962154,118.25939686028723,-1.0219104029338941,False,NEAR/USDT:USDT|1696158000000,False,False,5
ETH/USDT:USDT,long,2023-10-19 09:00:00+00:00,2023-10-19 12:00:00+00:00,2023-10-19 14:00:00+00:00,2023-10-19 15:00:00+00:00,2023-10-19 16:00:00+00:00,2023-10-19 18:00:00+00:00,1556.35,1560.34,1562.8131388999998,1554.974647314491,1571.0707053710178,16.022,0.01,1571.0707053710178,tp_hit,5.021108695291024,39.62463145579787,0.0,8.881784197001252e-16,127.28162130335906,125.58831218302184,1.0134830151859158,False,ETH/USDT:USDT|1697706000000,False,False,1
BCH/USDT:USDT,long,2023-10-27 14:00:00+00:00,2023-10-28 00:00:00+00:00,2023-10-28 04:00:00+00:00,2023-10-28 07:00:00+00:00,2023-10-28 08:00:00+00:00,2023-10-28 10:00:00+00:00,242.69,242.77,243.15479045,242.41790884775284,243.47418230449435,102.978,0.01,242.41209081794048,sl_hit,5.000270629920998,39.62495096009969,0.599114694917997,0.0,-81.48199334014691,75.88259363620868,-1.07379030467491,False,BCH/USDT:USDT|1698415200000,False,True,1
XLM/USDT:USDT,short,2023-10-29 18:00:00+00:00,2023-10-30 00:00:00+00:00,2023-10-30 03:00:00+00:00,2023-10-30 04:00:00+00:00,2023-10-30 05:00:00+00:00,2023-10-30 08:00:00+00:00,0.11509,0.11495,0.11476780425,0.1154133047022435,0.1140233905955129,215840.675,0.01,0.1154160746215563,sl_hit,4.968304378975494,39.32525366213182,0.5978756028520099,1.7763568394002505e-15,-144.89141895820134,139.32525332504227,-1.039950873946544,False,XLM/USDT:USDT|1698602400000,False,False,2
XRP/USDT:USDT,short,2023-10-30 15:00:00+00:00,2023-10-31 03:00:00+00:00,2023-10-31 05:00:00+00:00,2023-10-31 06:00:00+00:00,2023-10-31 07:00:00+00:00,2023-10-31 10:00:00+00:00,0.5735,0.5718,0.570893697,0.5757040006025022,0.5639919987949956,25614.75,0.01,0.5639919987949956,tp_hit,2.906981337636487,23.214724769248505,0.0,-4.440892098500626e-16,173.87829275900032,123.21472420219116,1.411181122100894,False,XRP/USDT:USDT|1698678000000,False,False,2
ETH/USDT:USDT,long,2023-11-03 01:00:00+00:00,2023-11-03 08:00:00+00:00,2023-11-03 13:00:00+00:00,2023-11-03 14:00:00+00:00,2023-11-03 15:00:00+00:00,2023-11-03 18:00:00+00:00,1804.8,1806.28,1809.1429538,1800.092716248047,1818.6545675039056,13.84,0.01,1818.6545675039056,tp_hit,5.0208717694846055,39.62328059200019,0.0,0.0,126.619861892572,125.25528771902859,1.0108943438508113,False,ETH/USDT:USDT|1698973200000,False,False,2
BCH/USDT:USDT,long,2023-11-11 02:00:00+00:00,2023-11-11 11:00:00+00:00,2023-11-11 12:00:00+00:00,2023-11-11 13:00:00+00:00,2023-11-11 14:00:00+00:00,2023-11-11 22:00:00+00:00,237.45,238.92,239.2986882,237.20147147701397,242.35705704597208,58.189,0.01,237.1957786416985,sl_hit,2.7726736531051595,22.03548766979995,0.331252443921163,0.0,-125.1388779411106,122.03494389383346,-1.0254347971838087,False,BCH/USDT:USDT|1699668000000,False,False,7
NEAR/USDT:USDT,long,2023-11-14 12:00:00+00:00,2023-11-15 00:00:00+00:00,2023-11-15 01:00:00+00:00,2023-11-15 02:00:00+00:00,2023-11-15 03:00:00+00:00,2023-11-15 05:00:00+00:00,1.563,1.576,1.57849796,1.5577377009409277,1.6125245981181449,5475.761,0.01,1.557700315236105,sl_hit,1.7173072203805133,13.67823194755951,0.2047102712605817,-2.220446049250313e-16,-115.6002393103704,113.67821690556484,-1.0169075699560122,False,NEAR/USDT:USDT|1699963200000,False,False,1
ICP/USDT:USDT,short,2023-11-15 20:00:00+00:00,2023-11-16 08:00:00+00:00,2023-11-16 09:00:00+00:00,2023-11-16 10:00:00+00:00,2023-11-16 11:00:00+00:00,2023-11-16 13:00:00+00:00,4.666,4.652,4.644626580000001,4.697284089649612,4.5614318207007765,2208.281,0.01,4.697396824467764,sl_hit,2.0629812785641484,16.282583291018938,0.24895613176637993,-4.440892098500626e-16,-118.59450950208058,116.28257806655341,-1.0198820104779922,False,ICP/USDT:USDT|1700078400000,False,False,1
BNB/USDT:USDT,long,2023-11-18 07:00:00+00:00,2023-11-18 08:00:00+00:00,2023-11-18 10:00:00+00:00,2023-11-18 12:00:00+00:00,2023-11-18 13:00:00+00:00,2023-11-18 15:00:00+00:00,243.0,243.01,243.39517085,242.6674644328512,243.6950711342976,102.876,0.01,242.6616404137048,sl_hit,5.000358051556489,39.62483636460089,0.5991374140608071,8.881784197001252e-16,-80.46303521585975,74.86352537059945,-1.0747962351163782,False,BNB/USDT:USDT|1700290800000,False,False,1
LTC/USDT:USDT,long,2023-11-21 05:00:00+00:00,2023-11-21 06:00:00+00:00,2023-11-21 10:00:00+00:00,2023-11-21 11:00:00+00:00,2023-11-21 12:00:00+00:00,2023-11-21 14:00:00+00:00,70.01,70.11,70.22112435,69.86229978803767,70.60540042392465,356.582,0.01,70.60540042392465,tp_hit,5.02162038569356,39.62494297169901,0.0,0.0,132.00431060650703,127.95037995364879,1.0316836155885338,False,LTC/USDT:USDT|1700542800000,False,False,1
XLM/USDT:USDT,long,2023-11-23 19:00:00+00:00,2023-11-23 20:00:00+00:00,2023-11-24 01:00:00+00:00,2023-11-24 02:00:00+00:00,2023-11-24 03:00:00+00:00,2023-11-24 06:00:00+00:00,0.1174,0.11753,0.11771628505,0.1171089704234829,0.118372059153034,212711.648,0.01,0.1171061598081928,sl_hit,4.994946923317531,39.62499998326208,0.5978362618500492,0.0,-134.77569259452014,129.18289506095678,-1.0432936383019153,False,XLM/USDT:USDT|1700766000000,False,False,2
ETH/USDT:USDT,short,2023-11-24 13:00:00+00:00,2023-11-24 16:00:00+00:00,2023-11-24 21:00:00+00:00,2023-11-24 22:00:00+00:00,2023-11-24 23:00:00+00:00,2023-11-25 05:00:00+00:00,2087.71,2074.35,2071.06215525,2089.584463107208,2043.8810737855836,6.564,0.01,2089.634613134323,sl_hit,2.73108135876747,21.581412938998355,0.3291926784147287,-4.440892098500626e-16,-124.64069491146252,121.58042877471354,-1.0251707134741201,False,ETH/USDT:USDT|1700830800000,False,False,5
ICP/USDT:USDT,short,2023-11-25 02:00:00+00:00,2023-11-25 09:00:00+00:00,2023-11-25 11:00:00+00:00,2023-11-25 12:00:00+00:00,2023-11-25 13:00:00+00:00,2023-11-25 15:00:00+00:00,4.654,4.637,4.629650355,4.66413086018184,4.582738279636319,3685.839,0.01,4.664242799322484,sl_hit,3.4255793850034832,27.08960817715383,0.41259955236508766,0.0,-130.92775977414556,127.08959073892707,-1.0302004988205762,False,ICP/USDT:USDT|1700877600000,False,False,1
NEAR/USDT:USDT,short,2023-11-26 05:00:00+00:00,2023-11-26 07:00:00+00:00,2023-11-26 08:00:00+00:00,2023-11-26 09:00:00+00:00,2023-11-26 10:00:00+00:00,2023-11-26 14:00:00+00:00,1.876,1.871,1.868034465,1.8800699806911747,1.8528600386176504,11025.381,0.01,1.8528600386176504,tp_hit,4.1024279563190476,32.696153243834594,0.0,8.881784197001252e-16,163.2014043655353,132.69614602667906,1.2298880506501149,False,NEAR/USDT:USDT|1700974800000,False,False,3
DOGE/USDT:USDT,long,2023-11-26 16:00:00+00:00,2023-11-26 20:00:00+00:00,2023-11-26 22:00:00+00:00,2023-11-26 23:00:00+00:00,2023-11-27 00:00:00+00:00,2023-11-27 07:00:00+00:00,0.07761,0.07864,0.0787646444,0.0774567540798579,0.081006491840284,84513.285,0.01,0.081006491840284,tp_hit,1.3502783571848949,10.534107700853877,0.0,6.661338147750939e-16,188.1156132900604,110.53410737491049,1.7018784315325253,False,DOGE/USDT:USDT|1701014400000,False,False,6
DOGE/USDT:USDT,long,2023-12-11 17:00:00+00:00,2023-12-12 01:00:00+00:00,2023-12-12 02:00:00+00:00,2023-12-12 03:00:00+00:00,2023-12-12 04:00:00+00:00,2023-12-12 06:00:00+00:00,0.09606,0.09624,0.0963925404,0.0957983432954808,0.0971233134090383,226420.201,0.01,0.0957960441352417,sl_hit,4.351537794037492,34.538228028619955,0.5205638296345511,0.0,-139.41034195635797,134.53822783885607,-1.0362136040868437,False,DOGE/USDT:USDT|1702314000000,False,False,1
ADA/USDT:USDT,short,2023-12-13 22:00:00+00:00,2023-12-14 08:00:00+00:00,2023-12-14 13:00:00+00:00,2023-12-14 14:00:00+00:00,2023-12-14 15:00:00+00:00,2023-12-14 18:00:00+00:00,0.6376,0.6345,0.6334943175,0.6404874234118455,0.6225251531763089,16701.675,0.01,0.6405027951100074,sl_hit,2.1277885725750747,16.796582268187393,0.2567392684924544,0.0,-119.18110385969618,116.7965821802229,-1.0204160227547914,False,ADA/USDT:USDT|1702504800000,False,False,2
DOGE/USDT:USDT,long,2023-12-16 00:00:00+00:00,2023-12-16 09:00:00+00:00,2023-12-16 10:00:00+00:00,2023-12-16 11:00:00+00:00,2023-12-16 12:00:00+00:00,2023-12-16 15:00:00+00:00,0.09426,0.09462,0.0947699727,0.0940020208037429,0.095855958392514,161817.745,0.01,0.0939997647552436,sl_hit,3.0546293239249556,24.2682441255616,0.3650599191173759,1.3322676295501878e-15,-127.68794212547785,124.26824412079772,-1.0275186796826061,False,DOGE/USDT:USDT|1702684800000,False,False,2
ADA/USDT:USDT,short,2023-12-22 02:00:00+00:00,2023-12-22 04:00:00+00:00,2023-12-22 07:00:00+00:00,2023-12-22 08:00:00+00:00,2023-12-22 09:00:00+00:00,2023-12-22 20:00:00+00:00,0.619,0.6142,0.613226493,0.6222551252443229,0.5980897495113541,12414.456,0.01,0.6222700593673288,sl_hit,1.53380175875159,12.08555981719181,0.1854034625311942,2.220446049250313e-16,-113.80475850903528,112.08555773732829,-1.0153382898422643,False,ADA/USDT:USDT|1703210400000,False,False,10
DOGE/USDT:USDT,long,2023-12-31 03:00:00+00:00,2023-12-31 05:00:00+00:00,2023-12-31 07:00:00+00:00,2023-12-31 08:00:00+00:00,2023-12-31 09:00:00+00:00,2023-12-31 14:00:00+00:00,0.09042,0.09056,0.0907035376,0.0902737471635639,0.0911325056728721,276060.07,0.01,0.090271580593632,sl_hit,4.9960003796792325,39.62499990363014,0.5980890925845286,8.881784197001252e-16,-124.2420817946121,118.64797796787892,-1.0471487497936767,False,DOGE/USDT:USDT|1703991600000,False,False,4
ICP/USDT:USDT,short,2024-01-03 05:00:00+00:00,2024-01-03 11:00:00+00:00,2024-01-03 12:00:00+00:00,2024-01-03 13:00:00+00:00,2024-01-03 14:00:00+00:00,2024-01-03 19:00:00+00:00,14.66,13.987,13.964830605,14.735762624106968,12.489474751786064,133.553,0.01,14.736116282409949,sl_hit,0.3833097559654261,2.960789210435079,0.0472332609087527,0.0,-103.3908258310959,102.96028394779297,-1.0041816306909297,False,ICP/USDT:USDT|1704258000000,False,False,4
BNB/USDT:USDT,long,2024-01-08 02:00:00+00:00,2024-01-08 08:00:00+00:00,2024-01-08 12:00:00+00:00,2024-01-08 16:00:00+00:00,2024-01-08 17:00:00+00:00,2024-01-08 19:00:00+00:00,299.99,300.15,300.62573775,299.16993778915554,302.11012442168885,83.291,0.01,302.11012442168885,tp_hit,5.020247269614213,39.62467293525062,0.0,0.0,118.6158030020232,121.25503453869464,0.9782340457308664,False,BNB/USDT:USDT|1704679200000,False,False,1
ETH/USDT:USDT,short,2024-01-08 20:00:00+00:00,2024-01-09 06:00:00+00:00,2024-01-09 08:00:00+00:00,2024-01-09 09:00:00+00:00,2024-01-09 10:00:00+00:00,2024-01-09 12:00:00+00:00,2297.17,2291.48,2287.8480042,2299.241811862025,2275.9563762759503,10.909,0.01,2299.296993665509,sl_hit,5.004116478171484,39.621442182199054,0.6019927416935289,8.881784197001252e-16,-129.90114255741338,124.29504778502807,-1.0451031225482226,False,ETH/USDT:USDT|1704744000000,False,False,1
BNB/USDT:USDT,long,2024-01-18 01:00:00+00:00,2024-01-18 02:00:00+00:00,2024-01-18 06:00:00+00:00,2024-01-18 10:00:00+00:00,2024-01-18 11:00:00+00:00,2024-01-18 14:00:00+00:00,310.57,311.19,311.68323615,310.01992186394284,313.5301562721143,80.336,0.01,310.0124813858181,sl_hit,4.994454716395748,39.62461934640239,0.5977239049106658,0.0,-139.2162094517112,133.62401648469015,-1.0418502086237003,False,BNB/USDT:USDT|1705539600000,False,False,2
ETH/USDT:USDT,long,2024-01-20 19:00:00+00:00,2024-01-20 20:00:00+00:00,2024-01-21 02:00:00+00:00,2024-01-21 04:00:00+00:00,2024-01-21 05:00:00+00:00,2024-01-21 08:00:00+00:00,2473.3,2474.15,2478.07152775,2471.715109774785,2479.01978045043,10.104,0.01,2471.6557886121504,sl_hit,5.0012044804523175,39.623116385997655,0.599366642115292,-8.881784197001252e-16,-69.8258327292828,64.22524722156987,-1.0872022413302906,False,ETH/USDT:USDT|1705777200000,False,False,2
DOGE/USDT:USDT,short,2024-01-28 05:00:00+00:00,2024-01-28 06:00:00+00:00,2024-01-28 12:00:00+00:00,2024-01-28 14:00:00+00:00,2024-01-28 15:00:00+00:00,2024-01-29 04:00:00+00:00,0.07991,0.07929,0.07916432535,0.0799759426595091,0.0779181146809817,145784.78,0.01,0.07901189624,max_hold,2.30596856657294,18.321451201827646,0.27644956585754943,0.0,19.915875700373544,118.32145091097598,0.1683200767657766,False,DOGE/USDT:USDT|1706418000000,False,False,12
NEAR/USDT:USDT,short,2024-01-28 07:00:00+00:00,2024-01-28 12:00:00+00:00,2024-01-28 14:00:00+00:00,2024-01-28 15:00:00+00:00,2024-01-28 16:00:00+00:00,2024-01-28 18:00:00+00:00,2.954,2.94,2.9353401,2.9589823915076314,2.902035216984737,5268.04,0.01,2.959053407085028,sl_hit,3.105190077106421,24.548539596000264,0.374121881055845,0.0,-128.02784033331704,124.54853735386321,-1.0279353178557895,False,NEAR/USDT:USDT|1706425200000,False,False,1
XLM/USDT:USDT,long,2024-01-28 17:00:00+00:00,2024-01-29 03:00:00+00:00,2024-01-29 09:00:00+00:00,2024-01-29 12:00:00+00:00,2024-01-29 13:00:00+00:00,2024-01-29 15:00:00+00:00,0.11458,0.11496,0.1151422116,0.1143794391905761,0.1161211216188477,172247.245,0.01,0.1143766940840355,sl_hit,3.9533999179489956,31.385446107041258,0.47282569075638986,1.3322676295501878e-15,-135.81168304206815,131.3854460852799,-1.0336889441614048,False,XLM/USDT:USDT|1706461200000,False,False,1
ADA/USDT:USDT,long,2024-02-01 04:00:00+00:00,2024-02-01 15:00:00+00:00,2024-02-01 19:00:00+00:00,2024-02-01 20:00:00+00:00,2024-02-01 21:00:00+00:00,2024-02-02 01:00:00+00:00,0.4982,0.5004,0.501193134,0.4975657342359043,0.5060685315281912,35282.506,0.01,0.5060685315281912,tp_hit,3.5538715757568404,27.98375511380501,0.0,0.0,168.46237096503495,127.98375394110536,1.3162793384116296,False,ADA/USDT:USDT|1706760000000,False,False,3
BCH/USDT:USDT,long,2024-02-10 12:00:00+00:00,2024-02-10 18:00:00+00:00,2024-02-10 20:00:00+00:00,2024-02-11 00:00:00+00:00,2024-02-11 01:00:00+00:00,2024-02-11 03:00:00+00:00,246.82,247.29,247.68195465,246.64723529260704,248.57552941478585,101.095,0.01,246.64131575896005,sl_hit,4.997361102199381,39.62465534175024,0.5984208915996495,8.881784197001252e-16,-110.20074979187996,104.60495343564116,-1.0534945638084112,False,BCH/USDT:USDT|1707566400000,False,False,1
XRP/USDT:USDT,short,2024-02-11 12:00:00+00:00,2024-02-11 14:00:00+00:00,2024-02-11 20:00:00+00:00,2024-02-11 21:00:00+00:00,2024-02-11 22:00:00+00:00,2024-02-12 00:00:00+00:00,0.5257,0.5249,0.5240680335000001,0.5260036668256612,0.5226926663486776,47628.119,0.01,0.5260162909136651,sl_hit,5.001354116320865,39.624999466011005,0.6012759959897918,0.0,-97.79319005698972,92.19057437495533,-1.0607721095135774,False,XRP/USDT:USDT|1707652800000,False,False,1
XLM/USDT:USDT,short,2024-02-15 04:00:00+00:00,2024-02-15 15:00:00+00:00,2024-02-15 16:00:00+00:00,2024-02-15 17:00:00+00:00,2024-02-15 18:00:00+00:00,2024-02-15 22:00:00+00:00,0.11517,0.115,0.114817725,0.1157395721770402,0.1135208556459195,135213.307,0.01,0.1157423499267724,sl_hit,3.117479019301668,24.646005533426287,0.3755977414452025,8.881784197001252e-16,-128.13907310283926,124.64600535622064,-1.0280239044695891,False,XLM/USDT:USDT|1707969600000,False,False,3
ETH/USDT:USDT,long,2024-02-17 16:00:00+00:00,2024-02-17 19:00:00+00:00,2024-02-17 20:00:00+00:00,2024-02-17 21:00:00+00:00,2024-02-17 22:00:00+00:00,2024-02-18 04:00:00+00:00,2778.97,2787.72,2792.1385362,2774.6086932584235,2813.9426134831524,7.627,0.01,2774.542102649785,sl_hit,4.245707323250731,33.70017559740221,0.5078743828058379,-8.881784197001252e-16,-138.45370601073628,133.70011211540464,-1.0355541504051136,False,ETH/USDT:USDT|1708185600000,False,False,5
XLM/USDT:USDT,long,2024-02-17 14:00:00+00:00,2024-02-17 19:00:00+00:00,2024-02-17 20:00:00+00:00,2024-02-17 21:00:00+00:00,2024-02-17 22:00:00+00:00,2024-02-18 03:00:00+00:00,0.11414,0.11422,0.1144010387,0.1138908546374135,0.1148782907251729,218875.853,0.01,0.1138881212569022,sl_hit,4.996698461622041,39.624999888510416,0.5982566324801256,1.7763568394002505e-15,-117.26194133822204,111.66697188562607,-1.0501040671034456,False,XLM/USDT:USDT|1708178400000,False,False,4
NEAR/USDT:USDT,short,2024-02-26 17:00:00+00:00,2024-02-27 03:00:00+00:00,2024-02-27 07:00:00+00:00,2024-02-27 08:00:00+00:00,2024-02-27 09:00:00+00:00,2024-02-27 11:00:00+00:00,4.008,3.999,3.992661585000001,4.037689722539781,3.921620554920438,2584.665,0.01,4.037786627093122,sl_hit,2.075601842810967,16.382679405972954,0.2504718185403754,0.0,-118.70871876442888,116.38265111425625,-1.019986377934363,False,NEAR/USDT:USDT|1708966800000,False,False,1
XLM/USDT:USDT,long,2024-02-28 18:00:00+00:00,2024-02-28 22:00:00+00:00,2024-02-29 00:00:00+00:00,2024-02-29 01:00:00+00:00,2024-02-29 02:00:00+00:00,2024-02-29 06:00:00+00:00,0.12142,0.12238,0.1225739723,0.1210940252082866,0.1249519495834267,77762.021,0.01,0.1249519495834267,tp_hit,1.9248115935543386,15.083678066018116,0.0,-2.220446049250313e-16,182.99150785779688,115.08367682470602,1.5900735265569172,False,XLM/USDT:USDT|1709143200000,False,False,3
ADA/USDT:USDT,short,2024-02-29 11:00:00+00:00,2024-02-29 16:00:00+00:00,2024-02-29 17:00:00+00:00,2024-02-29 18:00:00+00:00,2024-02-29 19:00:00+00:00,2024-02-29 21:00:00+00:00,0.671,0.6685,0.6674404275,0.6783634512399813,0.6487730975200373,10138.439,0.01,0.6783797319628111,sl_hit,1.3644515591683983,10.742411157327444,0.16506507675219145,0.0,-112.27192255780658,110.74240988335258,-1.0138114447397801,False,ADA/USDT:USDT|1709204400000,False,False,1
BCH/USDT:USDT,short,2024-02-29 06:00:00+00:00,2024-02-29 12:00:00+00:00,2024-02-29 17:00:00+00:00,2024-02-29 18:00:00+00:00,2024-02-29 19:00:00+00:00,2024-02-29 23:00:00+00:00,307.23,306.24,305.75460960000004,309.94514975084127,298.8297004983175,26.989,0.01,298.8297004983175,tp_hit,1.6317125945243491,13.100201505599234,0.0,0.0,185.26465915078583,113.09848813105395,1.6380825439161364,False,BCH/USDT:USDT|1709186400000,False,False,3
ETH/USDT:USDT,short,2024-02-29 06:00:00+00:00,2024-02-29 16:00:00+00:00,2024-02-29 17:00:00+00:00,2024-02-29 18:00:00+00:00,2024-02-29 19:00:00+00:00,2024-03-01 08:00:00+00:00,3399.7,3375.35,3370.00007025,3421.701761408449,3282.646477183102,2.157,0.01,3389.37134296,max_hold,1.4579964138293973,11.539798470749512,0.1754609756823533,-2.220446049250313e-16,-43.241831649299584,111.52054782877393,-0.3877476616747982,False,ETH/USDT:USDT|1709186400000,False,False,12
LTC/USDT:USDT,short,2024-03-01 05:00:00+00:00,2024-03-01 14:00:00+00:00,2024-03-01 15:00:00+00:00,2024-03-01 16:00:00+00:00,2024-03-01 17:00:00+00:00,2024-03-01 19:00:00+00:00,83.1,83.08,82.9483182,83.49665360630348,82.24669278739303,240.007,0.01,83.49865752599004,sl_hit,3.9948439303067698,31.604553772598926,0.48096629512416705,-8.881784197001252e-16,-136.08013454319774,131.6043358606792,-1.0340095077661937,False,LTC/USDT:USDT|1709269200000,False,False,1
XRP/USDT:USDT,long,2024-03-05 20:00:00+00:00,2024-03-06 05:00:00+00:00,2024-03-06 06:00:00+00:00,2024-03-06 07:00:00+00:00,2024-03-06 08:00:00+00:00,2024-03-06 14:00:00+00:00,0.606,0.6154,0.6163754089999999,0.601733412678807,0.6427331746423859,7317.115,0.01,0.6017189710769026,sl_hit,0.8912936659876404,7.137179825034466,0.10566832581723289,2.220446049250313e-16,-108.13413543965125,107.13717091174536,-1.0093054961170025,False,XRP/USDT:USDT|1709668800000,False,False,5
ETH/USDT:USDT,long,2024-03-16 21:00:00+00:00,2024-03-17 08:00:00+00:00,2024-03-17 10:00:00+00:00,2024-03-17 11:00:00+00:00,2024-03-17 12:00:00+00:00,2024-03-17 14:00:00+00:00,3577.42,3582.47,3588.14821495,3571.935796128208,3603.5384077435833,6.978,0.01,3571.850069669101,sl_hit,4.9962468030072085,39.62258392109988,0.5981848748676236,-8.881784197001252e-16,-118.72470457312048,113.13025853846278,-1.049451367891603,False,ETH/USDT:USDT|1710622800000,False,True,1
BCH/USDT:USDT,short,2024-03-24 13:00:00+00:00,2024-03-24 18:00:00+00:00,2024-03-24 19:00:00+00:00,2024-03-24 20:00:00+00:00,2024-03-24 21:00:00+00:00,2024-03-24 23:00:00+00:00,464.64,464.6,463.86360900000005,468.8814255258986,456.0371489482028,23.356,0.01,468.89267868011126,sl_hit,2.1785455855056686,17.199148195999282,0.2628349776780643,-4.440892098500626e-16,-119.637497034183,117.19612277888595,-1.0208315275062743,False,BCH/USDT:USDT|1711285200000,False,False,1
BNB/USDT:USDT,long,2024-04-05 06:00:00+00:00,2024-04-05 08:00:00+00:00,2024-04-05 13:00:00+00:00,2024-04-05 14:00:00+00:00,2024-04-05 15:00:00+00:00,2024-04-05 19:00:00+00:00,580.6,583.86,584.7854181,579.0941643063924,593.3916713872153,20.982,0.01,579.080266046449,sl_hit,2.4420229784760794,19.417122574200036,0.2916062914124782,-4.440892098500626e-16,-122.14752336608412,119.41388709747557,-1.022892113597953,False,BNB/USDT:USDT|1712296800000,False,False,3
ADA/USDT:USDT,short,2024-04-08 14:00:00+00:00,2024-04-09 01:00:00+00:00,2024-04-09 06:00:00+00:00,2024-04-09 07:00:00+00:00,2024-04-09 08:00:00+00:00,2024-04-09 11:00:00+00:00,0.6069,0.603,0.602044245,0.6086134007252276,0.5917731985495447,17814.512,0.01,0.6086280074468451,sl_hit,2.156753536928135,17.026308916560044,0.2602178626127498,0.0,-119.44326865139968,117.02630349693665,-1.020653178663601,False,ADA/USDT:USDT|1712584800000,False,False,2
ADA/USDT:USDT,long,2024-04-10 07:00:00+00:00,2024-04-10 16:00:00+00:00,2024-04-10 21:00:00+00:00,2024-04-10 22:00:00+00:00,2024-04-10 23:00:00+00:00,2024-04-11 09:00:00+00:00,0.5832,0.5858,0.586728493,0.582391523651357,0.5926169526972859,29338.622,0.01,0.5926169526972859,tp_hit,3.4600370238734195,27.24070515664526,0.0,4.440892098500626e-16,169.29925619703226,127.24070434542072,1.3305432178168006,False,ADA/USDT:USDT|1712732400000,False,False,9
BNB/USDT:USDT,long,2024-04-13 19:00:00+00:00,2024-04-14 05:00:00+00:00,2024-04-14 06:00:00+00:00,2024-04-14 07:00:00+00:00,2024-04-14 08:00:00+00:00,2024-04-14 10:00:00+00:00,563.84,565.1,565.9956835,560.4576036386015,574.384792722797,21.54,0.01,560.4441526561142,sl_hit,2.4263514070802703,19.293022590000394,0.28972720915710476,-4.440892098500626e-16,-122.00632578438191,119.2902402145237,-1.0227687157388046,False,BNB/USDT:USDT|1713034800000,False,False,1
XRP/USDT:USDT,long,2024-04-16 02:00:00+00:00,2024-04-16 06:00:00+00:00,2024-04-16 07:00:00+00:00,2024-04-16 08:00:00+00:00,2024-04-16 09:00:00+00:00,2024-04-16 11:00:00+00:00,0.4951,0.4968,0.497587428,0.4937952445552045,0.5028095108895909,33280.578,0.01,0.4937833934693352,sl_hit,3.2993393950834284,26.2060589733833,0.3944015217950616,4.440892098500626e-16,-129.8998073075649,126.20605692482476,-1.0292676157764786,False,XRP/USDT:USDT|1713232800000,False,False,1
BCH/USDT:USDT,long,2024-04-16 06:00:00+00:00,2024-04-16 18:00:00+00:00,2024-04-16 21:00:00+00:00,2024-04-16 22:00:00+00:00,2024-04-16 23:00:00+00:00,2024-04-17 01:00:00+00:00,486.46,489.65,490.42609525,485.324152991284,498.30169401743206,23.116,0.01,485.3125052116121,sl_hit,2.2555173488270626,17.940217799000596,0.26924361289131904,0.0,-120.46126467620007,117.93649725247924,-1.0214078549265015,False,BCH/USDT:USDT|1713247200000,False,False,1
SOL/USDT:USDT,short,2024-04-21 09:00:00+00:00,2024-04-21 10:00:00+00:00,2024-04-21 13:00:00+00:00,2024-04-21 14:00:00+00:00,2024-04-21 15:00:00+00:00,2024-04-21 17:00:00+00:00,149.523,149.036,148.79977794,150.2697208852167,146.56855822956658,81.055,0.01,150.27332735851795,sl_hit,2.4241370549971375,19.146979073299086,0.2923297091770722,4.440892098500626e-16,-121.86268517297054,119.14622542453971,-1.0227993773092818,False,SOL/USDT:USDT|1713690000000,False,False,1
XRP/USDT:USDT,short,2024-04-21 07:00:00+00:00,2024-04-21 12:00:00+00:00,2024-04-21 13:00:00+00:00,2024-04-21 14:00:00+00:00,2024-04-21 15:00:00+00:00,2024-04-21 17:00:00+00:00,0.5263,0.524,0.5231694600000001,0.5268716335163667,0.5182567329672667,34823.385,0.01,0.5268842784355711,sl_hit,3.656642560423119,28.922214177897747,0.4403494578818181,8.881784197001252e-16,-133.01919514740894,128.92221369723762,-1.0317787085148313,False,XRP/USDT:USDT|1713682800000,False,False,1
BNB/USDT:USDT,short,2024-04-23 17:00:00+00:00,2024-04-23 20:00:00+00:00,2024-04-24 02:00:00+00:00,2024-04-24 03:00:00+00:00,2024-04-24 04:00:00+00:00,2024-04-24 06:00:00+00:00,604.71,604.11,603.15248565,605.1655421866865,601.9989156266271,41.383,0.01,605.180066159699,sl_hit,5.000442599154078,39.62481634604987,0.6010600002692837,0.0,-88.90780683202632,83.3063186576959,-1.0672396555817913,False,BNB/USDT:USDT|1713891600000,False,False,1
XRP/USDT:USDT,long,2024-04-27 06:00:00+00:00,2024-04-27 14:00:00+00:00,2024-04-27 17:00:00+00:00,2024-04-27 18:00:00+00:00,2024-04-27 19:00:00+00:00,2024-04-28 08:00:00+00:00,0.5189,0.5203,0.5211246755,0.5162642840339721,0.5283714319320558,24778.75,0.01,0.5240874216,max_hold,2.5899049251016626,20.434428045624575,0.311669548751304,0.0,70.82324000027394,120.43442503883888,0.5880647495716791,False,XRP/USDT:USDT|1714197600000,False,False,12
BNB/USDT:USDT,long,2024-04-30 15:00:00+00:00,2024-04-30 19:00:00+00:00,2024-04-30 21:00:00+00:00,2024-04-30 22:00:00+00:00,2024-04-30 23:00:00+00:00,2024-05-01 02:00:00+00:00,576.67,577.35,578.26509975,575.0415913645018,581.9668172709966,43.301,0.01,575.027790366309,sl_hit,4.99387354349263,39.6247342747486,0.5975826804156371,0.0,-145.1726071666972,139.58113660045908,-1.040058927032836,False,BNB/USDT:USDT|1714489200000,False,False,2
ADA/USDT:USDT,long,2024-04-30 10:00:00+00:00,2024-04-30 20:00:00+00:00,2024-04-30 22:00:00+00:00,2024-04-30 23:00:00+00:00,2024-05-01 00:00:00+00:00,2024-05-01 02:00:00+00:00,0.4407,0.441,0.441698985,0.4380226248252842,0.4469547503494315,33586.63,0.01,0.4380121122822884,sl_hit,2.9546531131314224,23.476550570549506,0.3530724180178482,0.0,-126.7842829400042,123.47654893491449,-1.0267883580616854,False,ADA/USDT:USDT|1714471200000,False,False,1
NEAR/USDT:USDT,short,2024-05-07 10:00:00+00:00,2024-05-07 14:00:00+00:00,2024-05-07 17:00:00+00:00,2024-05-07 21:00:00+00:00,2024-05-07 22:00:00+00:00,2024-05-08 01:00:00+00:00,7.407,7.348,7.33635342,7.450029950348532,7.143940099302935,980.104,0.01,7.143940099302935,tp_hit,1.4192193599442886,11.414859644319854,0.0,-2.220446049250313e-16,187.16584590853157,111.4148221007177,1.6799007742375232,False,NEAR/USDT:USDT|1715076000000,False,False,2
SOL/USDT:USDT,short,2024-05-20 21:00:00+00:00,2024-05-21 05:00:00+00:00,2024-05-21 11:00:00+00:00,2024-05-21 13:00:00+00:00,2024-05-21 14:00:00+00:00,2024-05-22 03:00:00+00:00,181.306,179.006,178.72227549000002,181.63146348830972,173.7550730233805,38.088,0.01,178.455282824,max_hold,1.3604178841063632,10.80649913687942,0.16312811549281228,0.0,8.808798778502455,110.80515247962002,0.07949809716766217,False,SOL/USDT:USDT|1716238800000,False,False,12
ETH/USDT:USDT,short,2024-05-23 08:00:00+00:00,2024-05-23 12:00:00+00:00,2024-05-23 13:00:00+00:00,2024-05-23 14:00:00+00:00,2024-05-23 15:00:00+00:00,2024-05-23 17:00:00+00:00,3785.51,3765.54,3759.5716191,3835.102273160801,3626.415453678399,1.437,0.01,3835.194315615357,sl_hit,1.091367864818597,8.576563353299754,0.13226818155694242,0.0,-109.7611827573858,108.53754988537071,-1.0112738206575274,False,ETH/USDT:USDT|1716451200000,False,False,1
SOL/USDT:USDT,long,2024-05-23 14:00:00+00:00,2024-05-23 17:00:00+00:00,2024-05-23 21:00:00+00:00,2024-05-23 23:00:00+00:00,2024-05-24 00:00:00+00:00,2024-05-24 02:00:00+00:00,175.297,176.194,176.47326748999998,174.41626812840985,179.7494637431803,56.251,0.01,174.41208213797475,sl_hit,1.9737651801923208,15.709075579989728,0.23546049677623718,-4.440892098500626e-16,-117.91750241696374,115.70827108880638,-1.0190931150156222,False,SOL/USDT:USDT|1716472800000,False,False,1
BNB/USDT:USDT,long,2024-05-23 16:00:00+00:00,2024-05-24 00:00:00+00:00,2024-05-24 01:00:00+00:00,2024-05-24 02:00:00+00:00,2024-05-24 03:00:00+00:00,2024-05-24 07:00:00+00:00,603.04,603.5,604.4565474999999,600.5445136448025,609.4109727103951,33.835,0.01,600.530100576475,sl_hit,4.077072323766753,32.36478466249805,0.4876544628721207,0.0,-136.92840398123388,132.36366549060668,-1.0344863408980702,False,BNB/USDT:USDT|1716480000000,False,False,3
ETH/USDT:USDT,long,2024-05-24 14:00:00+00:00,2024-05-24 15:00:00+00:00,2024-05-24 18:00:00+00:00,2024-05-24 19:00:00+00:00,2024-05-24 20:00:00+00:00,2024-05-25 02:00:00+00:00,3734.43,3745.31,3751.24631635,3717.306248477291,3801.317503045418,3.57,0.01,3717.2170331273273,sl_hit,2.6662414157634062,21.192649369500703,0.3184911553983494,-4.440892098500626e-16,-124.15078252070369,121.16604230557212,-1.024633471213034,False,ETH/USDT:USDT|1716559200000,False,False,5
DOGE/USDT:USDT,short,2024-05-24 16:00:00+00:00,2024-05-24 21:00:00+00:00,2024-05-25 00:00:00+00:00,2024-05-25 01:00:00+00:00,2024-05-25 02:00:00+00:00,2024-05-25 05:00:00+00:00,0.16311,0.16302,0.1627616133,0.1640850427646352,0.1608899144707295,93892.943,0.01,0.1640889808056616,sl_hit,3.068896420187902,24.260687695058262,0.36976313572113784,0.0,-127.69933796932392,124.26068728751393,-1.027672876730946,False,DOGE/USDT:USDT|1716566400000,False,False,2
DOGE/USDT:USDT,long,2024-05-30 10:00:00+00:00,2024-05-30 14:00:00+00:00,2024-05-30 15:00:00+00:00,2024-05-30 16:00:00+00:00,2024-05-30 17:00:00+00:00,2024-05-30 22:00:00+00:00,0.16232,0.16251,0.1627675783499999,0.1607405892448919,0.1660488215102161,56515.989,0.01,0.16073673147075,sl_hit,1.8283166015282095,14.557295195232413,0.21802068834472466,8.881784197001252e-16,-116.60363648990293,114.55729396740271,-1.017863048712398,False,DOGE/USDT:USDT|1717063200000,False,False,4
ICP/USDT:USDT,short,2024-06-05 02:00:00+00:00,2024-06-05 12:00:00+00:00,2024-06-05 13:00:00+00:00,2024-06-05 14:00:00+00:00,2024-06-05 15:00:00+00:00,2024-06-05 17:00:00+00:00,12.329,12.294,12.27451401,12.36794568393222,12.146108632135562,1352.343,0.01,12.368242514628635,sl_hit,3.332545928678587,26.351742174569637,0.40142654848705045,0.0,-130.08563306368004,126.3516702205191,-1.029552144713593,False,ICP/USDT:USDT|1717552800000,False,False,1
LTC/USDT:USDT,long,2024-06-10 05:00:00+00:00,2024-06-10 14:00:00+00:00,2024-06-10 15:00:00+00:00,2024-06-10 19:00:00+00:00,2024-06-10 20:00:00+00:00,2024-06-10 22:00:00+00:00,79.73,79.84,79.9665464,79.54125856962095,80.43748286075811,313.126,0.01,79.53934957941527,sl_hit,4.994544318445039,39.624968046398486,0.5977401210336957,0.0,-138.7609759608579,133.16867717526983,-1.0419941002960311,False,LTC/USDT:USDT|1717995600000,False,False,1
XLM/USDT:USDT,short,2024-06-16 21:00:00+00:00,2024-06-17 01:00:00+00:00,2024-06-17 05:00:00+00:00,2024-06-17 07:00:00+00:00,2024-06-17 08:00:00+00:00,2024-06-17 10:00:00+00:00,0.09828,0.09805,0.09789459075,0.0983653802766705,0.0974192394466589,254971.953,0.01,0.0974192394466589,tp_hit,4.979954873315249,39.62499998676577,0.0,3.552713678800501e-15,116.22129530064304,120.0381250671225,0.968203187409457,False,XLM/USDT:USDT|1718571600000,False,False,1
ADA/USDT:USDT,short,2024-06-25 16:00:00+00:00,2024-06-26 01:00:00+00:00,2024-06-26 04:00:00+00:00,2024-06-26 05:00:00+00:00,2024-06-26 06:00:00+00:00,2024-06-26 10:00:00+00:00,0.3904,0.3886,0.387984069,0.3914945240490542,0.3828109519018915,34547.994,0.01,0.3915039199176314,sl_hit,2.6929746364198395,21.279180492414483,0.3246162018309794,4.440892098500626e-16,-124.29676301964224,121.27917997199519,-1.0248812949456274,False,ADA/USDT:USDT|1719331200000,False,False,3
ICP/USDT:USDT,short,2024-06-25 20:00:00+00:00,2024-06-26 03:00:00+00:00,2024-06-26 04:00:00+00:00,2024-06-26 05:00:00+00:00,2024-06-26 06:00:00+00:00,2024-06-26 09:00:00+00:00,8.206,8.172,8.15904738,8.230247975569677,8.055504048860648,1716.797,0.01,8.230445501521091,sl_hit,2.8137432210516766,22.23701915814014,0.3391200994961977,0.0,-125.38982405409509,122.23696887223373,-1.0257929758153348,False,ICP/USDT:USDT|1719345600000,False,False,2
DOGE/USDT:USDT,short,2024-07-01 06:00:00+00:00,2024-07-01 10:00:00+00:00,2024-07-01 11:00:00+00:00,2024-07-01 12:00:00+00:00,2024-07-01 13:00:00+00:00,2024-07-01 15:00:00+00:00,0.12478,0.12471,0.12451233465,0.1250919958715776,0.1239460082568447,200465.078,0.01,0.1250949980794785,sl_hit,5.003755342498686,39.62499980564747,0.6018522851379001,1.7763568394002505e-15,-121.80742518066592,116.20183199712861,-1.0482401446448437,False,DOGE/USDT:USDT|1719813600000,False,True,1
NEAR/USDT:USDT,short,2024-06-30 21:00:00+00:00,2024-07-01 09:00:00+00:00,2024-07-01 13:00:00+00:00,2024-07-01 14:00:00+00:00,2024-07-01 15:00:00+00:00,2024-07-01 17:00:00+00:00,5.26,5.25,5.24167875,5.273914489887185,5.202171020225631,4181.565,0.01,5.274041063834942,sl_hit,4.397216592333871,34.79584775624931,0.529289892506279,0.0,-139.72233544354324,134.79584166135433,-1.0365478172135731,False,NEAR/USDT:USDT|1719781200000,False,False,1
XRP/USDT:USDT,short,2024-07-01 10:00:00+00:00,2024-07-01 15:00:00+00:00,2024-07-01 18:00:00+00:00,2024-07-01 21:00:00+00:00,2024-07-01 22:00:00+00:00,2024-07-02 00:00:00+00:00,0.4784,0.4782,0.477442053,0.4787276404304171,0.4771447191391658,52279.381,0.01,0.4771447191391658,tp_hit,4.990520555822364,39.62499999080891,0.0,0.0,10.55390963892936,67.20971508358778,0.15702952505904258,False,XRP/USDT:USDT|1719828000000,False,False,1
BCH/USDT:USDT,short,2024-07-07 00:00:00+00:00,2024-07-07 03:00:00+00:00,2024-07-07 04:00:00+00:00,2024-07-07 05:00:00+00:00,2024-07-07 06:00:00+00:00,2024-07-07 14:00:00+00:00,334.61,332.22,331.69343130000004,335.13786863794843,326.3842627241032,34.271,0.01,326.3842627241032,tp_hit,2.2552980651900043,18.046035917699463,0.0,0.0,179.69521819936992,118.04431200882915,1.5222691813048101,False,BCH/USDT:USDT|1720310400000,False,False,7
LTC/USDT:USDT,long,2024-07-08 01:00:00+00:00,2024-07-08 05:00:00+00:00,2024-07-08 06:00:00+00:00,2024-07-08 07:00:00+00:00,2024-07-08 08:00:00+00:00,2024-07-08 10:00:00+00:00,62.74,62.86,62.9596331,62.29803018726349,63.98393962547301,177.945,0.01,63.98393962547301,tp_hit,2.258897404863429,17.72921197949971,0.0,4.440892098500626e-16,180.0113272704323,117.72893030689742,1.5290322166452737,False,LTC/USDT:USDT|1720400400000,False,False,1
BCH/USDT:USDT,short,2024-07-11 17:00:00+00:00,2024-07-11 19:00:00+00:00,2024-07-11 21:00:00+00:00,2024-07-11 23:00:00+00:00,2024-07-12 00:00:00+00:00,2024-07-12 02:00:00+00:00,347.08,346.87,346.32021105,348.8822775817439,342.84544483651223,49.694,0.01,348.8906507564059,sl_hit,3.4547808566607534,27.321212081299645,0.41610652796853204,4.440892098500626e-16,-131.19021162679377,127.31933422848041,-1.0304029032335882,False,BCH/USDT:USDT|1720717200000,False,False,1
XRP/USDT:USDT,short,2024-07-16 04:00:00+00:00,2024-07-16 05:00:00+00:00,2024-07-16 06:00:00+00:00,2024-07-16 07:00:00+00:00,2024-07-16 08:00:00+00:00,2024-07-16 10:00:00+00:00,0.5407,0.5402,0.5393437830000001,0.5439738556318209,0.5326522887363583,26498.098,0.01,0.5326522887363583,tp_hit,2.840585696448506,22.68812197526433,0.0,0.0,174.47128506796963,122.68811834510556,1.4220715699396809,False,XRP/USDT:USDT|1721102400000,False,False,1
LTC/USDT:USDT,short,2024-07-15 23:00:00+00:00,2024-07-16 05:00:00+00:00,2024-07-16 06:00:00+00:00,2024-07-16 11:00:00+00:00,2024-07-16 12:00:00+00:00,2024-07-16 14:00:00+00:00,71.8,71.6,71.486514,71.93435482826048,70.93129034347902,299.083,0.01,71.93608125277636,sl_hit,4.289526005598612,33.9417333379984,0.5163566157437788,0.0,-138.7474486677112,133.94157843862968,-1.035880346380146,False,LTC/USDT:USDT|1721084400000,False,False,1
BNB/USDT:USDT,long,2024-07-23 16:00:00+00:00,2024-07-24 01:00:00+00:00,2024-07-24 07:00:00+00:00,2024-07-24 08:00:00+00:00,2024-07-24 09:00:00+00:00,2024-07-24 13:00:00+00:00,586.05,588.11,589.04215435,584.9546939947005,594.420612010599,31.692,0.01,584.9406550820446,sl_hit,3.720586319652036,29.5418356602006,0.4449105417806437,0.0,-133.7053011196956,129.5397935801526,-1.0321562002255746,False,BNB/USDT:USDT|1721750400000,False,False,3
BNB/USDT:USDT,short,2024-08-09 00:00:00+00:00,2024-08-09 08:00:00+00:00,2024-08-09 12:00:00+00:00,2024-08-09 13:00:00+00:00,2024-08-09 14:00:00+00:00,2024-08-09 15:00:00+00:00,506.97,505.71,504.90844965,508.978015889324,499.173968221352,30.599,0.01,508.9902313617053,sl_hit,3.102428574027717,24.526639159648678,0.37379021014648367,0.0,-128.00086717049746,124.52465735707477,-1.0279158352024582,False,BNB/USDT:USDT|1723161600000,False,True,1
NEAR/USDT:USDT,short,2024-08-09 01:00:00+00:00,2024-08-09 10:00:00+00:00,2024-08-09 12:00:00+00:00,2024-08-09 13:00:00+00:00,2024-08-09 14:00:00+00:00,2024-08-09 15:00:00+00:00,3.997,3.978,3.97169487,4.011650952338314,3.910698095323372,2971.684,0.01,4.011747231961171,sl_hit,2.372426715932438,18.736853938920966,0.28611948147031924,0.0,-121.39538991815164,118.73685058745177,-1.0223901789338923,False,NEAR/USDT:USDT|1723165200000,False,False,1
ETH/USDT:USDT,short,2024-08-08 22:00:00+00:00,2024-08-09 10:00:00+00:00,2024-08-09 13:00:00+00:00,2024-08-09 14:00:00+00:00,2024-08-09 15:00:00+00:00,2024-08-10 04:00:00+00:00,2616.9,2589.85,2585.74508775,2666.9373802942155,2435.675239411569,1.297,0.01,2602.93246888,max_hold,0.6729714790949111,5.324071188249832,0.08102408189129663,-2.220446049250313e-16,-22.96500480470455,105.3064034298474,-0.21807795211620995,False,ETH/USDT:USDT|1723154400000,False,False,12
ETH/USDT:USDT,short,2024-08-11 08:00:00+00:00,2024-08-11 11:00:00+00:00,2024-08-11 12:00:00+00:00,2024-08-11 13:00:00+00:00,2024-08-11 14:00:00+00:00,2024-08-11 16:00:00+00:00,2643.57,2637.36,2633.1797844,2646.3337515963176,2619.412496807365,9.479,0.01,2646.397263606356,sl_hit,5.004511083805224,39.6242636724032,0.6020447918813914,8.881784197001252e-16,-130.29299648085012,124.6864550538965,-1.0449651201049077,False,ETH/USDT:USDT|1723363200000,False,True,1
BCH/USDT:USDT,long,2024-08-11 21:00:00+00:00,2024-08-12 05:00:00+00:00,2024-08-12 06:00:00+00:00,2024-08-12 07:00:00+00:00,2024-08-12 08:00:00+00:00,2024-08-12 15:00:00+00:00,339.89,347.39,347.94061315,337.3809031428528,367.4081937142945,9.99,0.01,337.3728060011773,sl_hit,0.6846281057320261,5.500625368500038,0.08088850396684227,0.0,-106.2570215224706,105.49150297140056,-1.0072566844675401,False,BCH/USDT:USDT|1723410000000,False,False,6
BCH/USDT:USDT,long,2024-08-19 07:00:00+00:00,2024-08-19 11:00:00+00:00,2024-08-19 17:00:00+00:00,2024-08-19 18:00:00+00:00,2024-08-19 19:00:00+00:00,2024-08-20 02:00:00+00:00,335.33,336.41,336.94320985,334.073952764134,341.0820944717321,42.807,0.01,341.0820944717321,tp_hit,2.902422920210039,22.82511404894964,0.0,0.0,174.2708110822749,122.82428807466692,1.418862782060929,False,BCH/USDT:USDT|1724050800000,False,False,6
BCH/USDT:USDT,long,2024-08-25 10:00:00+00:00,2024-08-25 13:00:00+00:00,2024-08-25 17:00:00+00:00,2024-08-25 22:00:00+00:00,2024-08-25 23:00:00+00:00,2024-08-26 01:00:00+00:00,358.09,358.61,359.17839685,357.22450813208866,361.3809837358227,69.713,0.01,357.21593474389346,sl_hit,4.994199803840509,39.62464960404994,0.5976622670112249,8.881784197001252e-16,-141.80332060684688,136.21144419175425,-1.0410529118773644,False,BCH/USDT:USDT|1724580000000,False,False,1
ICP/USDT:USDT,long,2024-08-30 19:00:00+00:00,2024-08-30 23:00:00+00:00,2024-08-31 04:00:00+00:00,2024-08-31 05:00:00+00:00,2024-08-31 06:00:00+00:00,2024-08-31 08:00:00+00:00,7.651,7.653,7.665130004999999,7.641947917138458,7.675104165723083,3266.692,0.01,7.675104165723083,tp_hit,5.011182024362773,39.62499029345837,0.0,0.0,27.571329016451003,75.72874096059444,0.36408011894450726,False,ICP/USDT:USDT|1725044400000,False,False,1
SOL/USDT:USDT,long,2024-09-02 03:00:00+00:00,2024-09-02 08:00:00+00:00,2024-09-02 09:00:00+00:00,2024-09-02 14:00:00+00:00,2024-09-02 15:00:00+00:00,2024-09-03 04:00:00+00:00,130.629,132.824,133.03452604,129.7061290837924,139.05974183241523,32.073,0.01,135.63674464,max_hold,0.861709366451964,6.7522016809197,0.10440665546012928,-1.1102230246251565e-16,82.5992477913476,106.7516755764463,0.773751300345606,False,SOL/USDT:USDT|1725246000000,False,False,12
ICP/USDT:USDT,long,2024-09-04 02:00:00+00:00,2024-09-04 06:00:00+00:00,2024-09-04 07:00:00+00:00,2024-09-04 08:00:00+00:00,2024-09-04 09:00:00+00:00,2024-09-04 11:00:00+00:00,7.227,7.231,7.242461134999999,7.195866030359342,7.301267939281315,2846.248,0.01,7.301267939281315,tp_hit,4.139505979021504,32.62123257147814,0.0,8.881784197001252e-16,163.23924309306534,132.62122339326064,1.2308681741610341,False,ICP/USDT:USDT|1725415200000,False,False,1
XRP/USDT:USDT,long,2024-09-04 04:00:00+00:00,2024-09-04 09:00:00+00:00,2024-09-04 14:00:00+00:00,2024-09-04 19:00:00+00:00,2024-09-04 20:00:00+00:00,2024-09-04 23:00:00+00:00,0.5566,0.5575,0.5583836375,0.5557409380043561,0.5610181239912878,44843.049,0.01,0.555727600221844,sl_hit,4.9960144824611294,39.62499971073654,0.5980924801776134,8.881784197001252e-16,-124.10082429263718,118.50670297543404,-1.0472051046628374,False,XRP/USDT:USDT|1725422400000,False,False,2
ETH/USDT:USDT,short,2024-09-17 15:00:00+00:00,2024-09-17 19:00:00+00:00,2024-09-18 00:00:00+00:00,2024-09-18 01:00:00+00:00,2024-09-18 02:00:00+00:00,2024-09-18 04:00:00+00:00,2326.9,2323.84,2320.1567136000003,2331.4300538758016,2308.659892248397,10.758,0.01,2331.486008197094,sl_hit,5.004237240109314,39.62479509119801,0.601971035428424,8.881784197001252e-16,-126.88478851564984,121.2785946870701,-1.046225748600115,False,ETH/USDT:USDT|1726585200000,False,False,1
DOGE/USDT:USDT,short,2024-09-19 13:00:00+00:00,2024-09-19 22:00:00+00:00,2024-09-20 00:00:00+00:00,2024-09-20 02:00:00+00:00,2024-09-20 03:00:00+00:00,2024-09-20 05:00:00+00:00,0.10453,0.10449,0.10432438335,0.1046623635491238,0.1041452729017523,239257.345,0.01,0.1046648754458489,sl_hit,5.00022151930127,39.624999966795585,0.601004165134308,2.6645352591003757e-15,-86.46545636561359,80.8642451049323,-1.0692668465947215,False,DOGE/USDT:USDT|1726750800000,False,False,1
XRP/USDT:USDT,long,2024-09-24 02:00:00+00:00,2024-09-24 03:00:00+00:00,2024-09-24 08:00:00+00:00,2024-09-24 11:00:00+00:00,2024-09-24 12:00:00+00:00,2024-09-24 14:00:00+00:00,0.5868,0.5877,0.5886315045,0.5864696218508271,0.5901607562983459,42538.71,0.01,0.5901607562983459,tp_hit,5.014430213234521,39.62499978919556,0.0,-8.881784197001252e-16,60.03796855357778,91.9636990671995,0.6528442109500943,False,XRP/USDT:USDT|1727143200000,False,False,1
ICP/USDT:USDT,short,2024-09-24 17:00:00+00:00,2024-09-25 05:00:00+00:00,2024-09-25 06:00:00+00:00,2024-09-25 08:00:00+00:00,2024-09-25 09:00:00+00:00,2024-09-25 13:00:00+00:00,9.215,9.177,9.162454455,9.234240899743936,9.062518200512129,1747.002,0.01,9.234462521525533,sl_hit,3.213945075182406,25.411096206088146,0.38718298785672356,-8.881784197001252e-16,-129.01218131141684,125.41106254054456,-1.0287145224505858,False,ICP/USDT:USDT|1727197200000,False,False,3
DOGE/USDT:USDT,short,2024-09-28 14:00:00+00:00,2024-09-29 00:00:00+00:00,2024-09-29 06:00:00+00:00,2024-09-29 07:00:00+00:00,2024-09-29 08:00:00+00:00,2024-09-29 21:00:00+00:00,0.12708,0.12594,0.1257403851,0.1274860487136076,0.1228479025727847,64681.014,0.01,0.1274891083787767,sl_hit,1.6379140412913664,12.911294141508977,0.19790699529348413,4.440892098500626e-16,-114.74710891797685,112.9112926310449,-1.016258925428573,False,DOGE/USDT:USDT|1727532000000,False,False,12
ICP/USDT:USDT,short,2024-10-06 20:00:00+00:00,2024-10-07 06:00:00+00:00,2024-10-07 07:00:00+00:00,2024-10-07 08:00:00+00:00,2024-10-07 09:00:00+00:00,2024-10-07 11:00:00+00:00,8.432,8.408,8.39467332,8.453164566788736,8.317670866422526,2214.125,0.01,8.317670866422526,tp_hit,3.700321907176278,29.50693535499713,0.0,0.0,166.7927356200494,129.50693179610855,1.2879058542027881,False,ICP/USDT:USDT|1728244800000,False,False,1
XRP/USDT:USDT,long,2024-10-10 07:00:00+00:00,2024-10-10 08:00:00+00:00,2024-10-10 11:00:00+00:00,2024-10-10 12:00:00+00:00,2024-10-10 13:00:00+00:00,2024-10-10 20:00:00+00:00,0.5274,0.5375,0.5383519375,0.5263369678288379,0.5598260643423242,8958.139,0.01,0.52632433574161,sl_hit,0.9537518045700322,7.631774544312595,0.11315727740774423,0.0,-108.6986801928722,107.63176839505448,-1.0099126105027068,False,XRP/USDT:USDT|1728543600000,False,False,6
XRP/USDT:USDT,short,2024-10-17 06:00:00+00:00,2024-10-17 11:00:00+00:00,2024-10-17 16:00:00+00:00,2024-10-17 17:00:00+00:00,2024-10-17 18:00:00+00:00,2024-10-17 20:00:00+00:00,0.5507,0.5499,0.5490284085000001,0.5540174955971916,0.541665008805617,24286.607,0.01,0.541665008805617,tp_hit,2.6489242383588523,21.168000225038927,0.0,0.0,176.18307032304492,121.16799761826029,1.4540396291610727,False,XRP/USDT:USDT|1729144800000,False,False,1
BCH/USDT:USDT,short,2024-10-17 15:00:00+00:00,2024-10-17 17:00:00+00:00,2024-10-17 18:00:00+00:00,2024-10-17 20:00:00+00:00,2024-10-17 21:00:00+00:00,2024-10-17 23:00:00+00:00,364.71,363.2,362.624328,365.4748900680628,358.6502198638744,43.958,0.01,365.48366146542446,sl_hit,3.2006171000921126,25.30538977599988,0.38558233897673105,4.440892098500626e-16,-128.89119757322095,125.30500738790455,-1.028619687752898,False,BCH/USDT:USDT|1729177200000,False,False,1
BCH/USDT:USDT,short,2024-10-17 22:00:00+00:00,2024-10-18 09:00:00+00:00,2024-10-18 10:00:00+00:00,2024-10-18 14:00:00+00:00,2024-10-18 15:00:00+00:00,2024-10-18 18:00:00+00:00,369.74,368.3,367.7162445,370.5274830761107,363.84503384777867,44.893,0.01,363.84503384777867,tp_hit,3.284198046886683,26.206535661499785,0.0,0.0,170.5060617632864,126.20493339733622,1.3510253297822765,False,BCH/USDT:USDT|1729202400000,False,False,2
NEAR/USDT:USDT,short,2024-10-20 23:00:00+00:00,2024-10-21 09:00:00+00:00,2024-10-21 10:00:00+00:00,2024-10-21 11:00:00+00:00,2024-10-21 12:00:00+00:00,2024-10-21 14:00:00+00:00,4.917,4.9,4.892233500000001,4.934704810173586,4.830590379652829,2881.444,0.01,4.93482324308903,sl_hit,2.831611369003343,22.378734825999388,0.34126600379662625,0.0,-125.55157105442989,122.37870187181663,-1.0259266451930225,False,NEAR/USDT:USDT|1729465200000,False,False,1
DOGE/USDT:USDT,long,2024-11-01 03:00:00+00:00,2024-11-01 10:00:00+00:00,2024-11-01 12:00:00+00:00,2024-11-01 13:00:00+00:00,2024-11-01 14:00:00+00:00,2024-11-01 17:00:00+00:00,0.16188,0.16664,0.1669041244,0.1614812880080923,0.1769574239838153,19384.683,0.01,0.1614774124571801,sl_hit,0.6365571995029253,5.119967766564852,0.07512452285142449,0.0,-105.83164794337932,105.11996441799428,-1.0067702032561117,False,DOGE/USDT:USDT|1730430000000,False,False,2
BNB/USDT:USDT,long,2024-11-04 21:00:00+00:00,2024-11-05 00:00:00+00:00,2024-11-05 03:00:00+00:00,2024-11-05 04:00:00+00:00,2024-11-05 05:00:00+00:00,2024-11-05 16:00:00+00:00,554.97,557.34,558.2233839,554.5089410661175,563.0021178677652,35.322,0.01,563.0021178677652,tp_hit,3.960392717344101,31.202886115800446,0.0,-4.440892098500626e-16,164.834048492055,131.20154977840022,1.2563422365853159,False,BNB/USDT:USDT|1730754000000,False,False,10
DOGE/USDT:USDT,short,2024-11-19 16:00:00+00:00,2024-11-19 20:00:00+00:00,2024-11-20 00:00:00+00:00,2024-11-20 01:00:00+00:00,2024-11-20 02:00:00+00:00,2024-11-20 08:00:00+00:00,0.38662,0.38542,0.3848091093,0.3902274641381789,0.3758050717236422,20800.987,0.01,0.3902368295973182,sl_hit,1.6121720499405914,12.707129509120431,0.19481546926500076,-2.220446049250313e-16,-114.51411139409252,112.70712855034586,-1.0160325515075073,False,DOGE/USDT:USDT|1732032000000,False,False,5
LTC/USDT:USDT,long,2024-11-19 21:00:00+00:00,2024-11-20 08:00:00+00:00,2024-11-20 13:00:00+00:00,2024-11-20 14:00:00+00:00,2024-11-20 15:00:00+00:00,2024-11-20 17:00:00+00:00,86.38,86.83,86.96762555,85.9374523385581,88.61509532288379,112.038,0.01,85.93538983970197,sl_hit,1.9371708038231428,15.419291370899513,0.23107270096465268,0.0,-117.58679531419324,115.4185462635266,-1.0187859674277655,False,LTC/USDT:USDT|1732050000000,False,False,1
XRP/USDT:USDT,long,2024-11-24 15:00:00+00:00,2024-11-24 19:00:00+00:00,2024-11-24 20:00:00+00:00,2024-11-24 21:00:00+00:00,2024-11-24 22:00:00+00:00,2024-11-25 03:00:00+00:00,1.4066,1.4387,1.4409803395,1.3966189820782031,1.5228620358435936,2376.368,0.01,1.396585463222633,sl_hit,0.6743100571484378,5.418925816935882,0.0796512240976186,0.0,-106.1728734066418,105.41891021372071,-1.007152067796874,False,XRP/USDT:USDT|1732460400000,False,False,4
NEAR/USDT:USDT,short,2024-11-25 04:00:00+00:00,2024-11-25 10:00:00+00:00,2024-11-25 13:00:00+00:00,2024-11-25 14:00:00+00:00,2024-11-25 15:00:00+00:00,2024-11-26 04:00:00+00:00,6.762,6.555,6.544610325,6.839340797372694,5.986318405254611,351.69,0.01,6.584158016,max_hold,0.46172565378462904,3.653944800749956,0.05557398078352895,-5.551115123125783e-17,-14.370253101574669,103.65375982875284,-0.13863706560491268,False,NEAR/USDT:USDT|1732507200000,False,False,12
BCH/USDT:USDT,long,2024-11-26 19:00:00+00:00,2024-11-26 20:00:00+00:00,2024-11-26 22:00:00+00:00,2024-11-26 23:00:00+00:00,2024-11-27 00:00:00+00:00,2024-11-27 02:00:00+00:00,491.8,492.79,493.57107215,489.4796195871715,499.41076082565706,30.208,0.01,489.4678720763014,sl_hit,2.9695640427188112,23.5946275072,0.35486029151234183,0.0,-126.91903186900748,123.59459901792398,-1.0268978812787877,False,BCH/USDT:USDT|1732647600000,False,False,1
XLM/USDT:USDT,short,2024-12-02 00:00:00+00:00,2024-12-02 04:00:00+00:00,2024-12-02 07:00:00+00:00,2024-12-02 08:00:00+00:00,2024-12-02 09:00:00+00:00,2024-12-02 16:00:00+00:00,0.53418,0.50975,0.5089420462500001,0.5418397819726175,0.4455704360547651,3116.256,0.01,0.5418527861273849,sl_hit,0.32745457011650203,2.517790721159934,0.04052524790126831,-5.551115123125783e-17,-102.88574517745614,102.51776633202095,-1.0035894153628302,False,XLM/USDT:USDT|1733097600000,False,False,6
ETH/USDT:USDT,short,2024-12-05 08:00:00+00:00,2024-12-05 15:00:00+00:00,2024-12-05 19:00:00+00:00,2024-12-05 22:00:00+00:00,2024-12-05 23:00:00+00:00,2024-12-06 02:00:00+00:00,3862.5,3805.76,3799.727870400001,3870.865003139793,3675.549993720414,1.535,0.01,3870.9579038998686,sl_hit,1.17745026635503,9.259318935998895,0.14260608917967116,0.0,-110.51555168865258,109.1954987555806,-1.0120888951295213,False,ETH/USDT:USDT|1733385600000,False,False,2
XRP/USDT:USDT,short,2024-12-08 00:00:00+00:00,2024-12-08 06:00:00+00:00,2024-12-08 08:00:00+00:00,2024-12-08 09:00:00+00:00,2024-12-08 10:00:00+00:00,2024-12-08 13:00:00+00:00,2.5293,2.5029,2.4989329035,2.541985284787113,2.424729430425774,2558.507,0.01,2.542046292433948,sl_hit,1.289738055965138,10.149844164925046,0.15609223760439125,0.0,-111.5956454371928,110.14981888974727,-1.0131260002242284,False,XRP/USDT:USDT|1733616000000,False,False,2
BNB/USDT:USDT,long,2024-12-09 03:00:00+00:00,2024-12-09 12:00:00+00:00,2024-12-09 13:00:00+00:00,2024-12-09 14:00:00+00:00,2024-12-09 15:00:00+00:00,2024-12-09 17:00:00+00:00,727.16,730.0,731.1570499999999,725.3677211837204,739.2645576325592,21.587,0.01,725.350312358412,sl_hit,3.144162443123104,24.977238349998117,0.3757952926291449,0.0,-128.49420791208144,124.97424115702603,-1.0281655381338357,False,BNB/USDT:USDT|1733713200000,False,False,1
XRP/USDT:USDT,short,2024-12-14 08:00:00+00:00,2024-12-14 10:00:00+00:00,2024-12-14 11:00:00+00:00,2024-12-14 12:00:00+00:00,2024-12-14 13:00:00+00:00,2024-12-15 02:00:00+00:00,2.435,2.4091,2.4052815765,2.4400748471640687,2.3471503056718626,3228.425,0.01,2.3939574536,max_hold,1.5493983265750595,12.327493887986966,0.18548909021132592,0.0,35.00968314685766,112.32746484364556,0.31167518287348034,False,XRP/USDT:USDT|1734163200000,False,False,12
NEAR/USDT:USDT,short,2024-12-29 03:00:00+00:00,2024-12-29 09:00:00+00:00,2024-12-29 11:00:00+00:00,2024-12-29 14:00:00+00:00,2024-12-29 15:00:00+00:00,2024-12-30 00:00:00+00:00,5.309,5.254,5.24567241,5.3247501448930645,5.11249971021387,1413.424,0.01,5.11249971021387,tp_hit,1.4640489070841167,11.770415568159288,0.0,2.220446049250313e-16,186.76544111542756,111.77036836349475,1.6709745512159098,False,NEAR/USDT:USDT|1735441200000,False,False,8
BNB/USDT:USDT,long,2025-01-09 20:00:00+00:00,2025-01-10 02:00:00+00:00,2025-01-10 04:00:00+00:00,2025-01-10 05:00:00+00:00,2025-01-10 06:00:00+00:00,2025-01-10 12:00:00+00:00,688.98,690.78,691.8748863,687.0574524196303,698.2250951607393,26.863,0.01,698.2250951607393,tp_hit,3.7342255801979842,29.411930676899587,0.0,4.440892098500626e-16,166.85143504584377,129.41072632837026,1.2893168887907362,False,BNB/USDT:USDT|1736452800000,False,False,5
XLM/USDT:USDT,short,2025-01-11 20:00:00+00:00,2025-01-12 07:00:00+00:00,2025-01-12 09:00:00+00:00,2025-01-12 12:00:00+00:00,2025-01-12 13:00:00+00:00,2025-01-12 17:00:00+00:00,0.43178,0.42772,0.4270420638,0.4325635816976232,0.4180328366047535,20645.878,0.01,0.432573963223584,sl_hit,1.774752762077362,13.996588076983738,0.21434086249657444,2.220446049250313e-16,-115.98567336966197,113.99658488914568,-1.0174486672776255,False,XLM/USDT:USDT|1736625600000,False,False,3
NEAR/USDT:USDT,short,2025-01-17 19:00:00+00:00,2025-01-18 03:00:00+00:00,2025-01-18 04:00:00+00:00,2025-01-18 05:00:00+00:00,2025-01-18 06:00:00+00:00,2025-01-18 19:00:00+00:00,5.579,5.369,5.360490135,5.608935404721898,4.889129190556202,416.778,0.01,5.338128112000001,max_hold,0.44589487157481666,3.5467245149698865,0.05339554459831527,5.551115123125783e-17,8.874104350318955,103.54652262415338,0.08570161629212425,False,NEAR/USDT:USDT|1737140400000,False,False,12
XRP/USDT:USDT,long,2025-01-21 06:00:00+00:00,2025-01-21 11:00:00+00:00,2025-01-21 12:00:00+00:00,2025-01-21 13:00:00+00:00,2025-01-21 14:00:00+00:00,2025-01-21 16:00:00+00:00,3.1203,3.1345,3.1394681825,3.1042332059837605,3.195033588032479,3303.95,0.01,3.104158704386817,sl_hit,2.06286310529297,16.414626570874546,0.24614364363261174,-4.440892098500626e-16,-118.7236133173442,116.41460066082921,-1.0198343905610452,False,XRP/USDT:USDT|1737439200000,False,False,1
BNB/USDT:USDT,long,2025-01-21 01:00:00+00:00,2025-01-21 08:00:00+00:00,2025-01-21 10:00:00+00:00,2025-01-21 15:00:00+00:00,2025-01-21 16:00:00+00:00,2025-01-21 20:00:00+00:00,684.64,687.65,688.7399252499999,683.0621837562546,696.8256324874907,21.796,0.01,696.8256324874907,tp_hit,3.019978689644635,23.75601074899923,0.0,-4.440892098500626e-16,173.2160962587035,123.7520535976729,1.3997028026851326,False,BNB/USDT:USDT|1737421200000,False,False,3
BCH/USDT:USDT,long,2025-01-27 02:00:00+00:00,2025-01-27 13:00:00+00:00,2025-01-27 14:00:00+00:00,2025-01-27 15:00:00+00:00,2025-01-27 16:00:00+00:00,2025-01-27 18:00:00+00:00,415.47,417.89,418.55235565,413.7573885662045,426.1552228675911,24.197,0.01,413.7474583888789,sl_hit,2.013915860029875,16.027019663049877,0.2402747340152568,0.0,-118.27801488737812,116.02381852659933,-1.0194287379040365,False,BCH/USDT:USDT|1737943200000,False,False,1
ETH/USDT:USDT,long,2025-01-27 04:00:00+00:00,2025-01-27 15:00:00+00:00,2025-01-27 21:00:00+00:00,2025-01-27 22:00:00+00:00,2025-01-27 23:00:00+00:00,2025-01-28 12:00:00+00:00,3150.8,3169.21,3174.23319785,3140.448213539795,3226.7335729204106,3.476,0.01,3192.86336944,max_hold,2.213202766790004,17.460635726600305,0.26636143373216253,4.440892098500626e-16,62.545273680051295,117.43660546227377,0.5325875474163276,False,ETH/USDT:USDT|1737950400000,False,False,12
ETH/USDT:USDT,long,2025-02-12 04:00:00+00:00,2025-02-12 07:00:00+00:00,2025-02-12 08:00:00+00:00,2025-02-12 09:00:00+00:00,2025-02-12 10:00:00+00:00,2025-02-12 15:00:00+00:00,2622.7,2628.32,2632.4858872,2606.575270756854,2671.8094584862924,4.598,0.01,2606.512712950356,sl_hit,2.4088915563491335,19.15474934559915,0.2876338908994977,-4.440892098500626e-16,-121.83354675621324,119.13701440558509,-1.0226338754927011,False,ETH/USDT:USDT|1739332800000,False,False,4
BCH/USDT:USDT,short,2025-02-21 13:00:00+00:00,2025-02-21 14:00:00+00:00,2025-02-21 15:00:00+00:00,2025-02-21 16:00:00+00:00,2025-02-21 17:00:00+00:00,2025-02-21 19:00:00+00:00,327.58,326.16,325.6430364,329.2595257744625,319.9609484510751,32.262,0.01,319.9609484510751,tp_hit,2.082847575926539,16.6782796631999,0.0,0.0,181.23267383228867,116.67518019890746,1.5533095686959628,False,BCH/USDT:USDT|1740142800000,False,False,1
BNB/USDT:USDT,short,2025-02-22 23:00:00+00:00,2025-02-23 04:00:00+00:00,2025-02-23 08:00:00+00:00,2025-02-23 09:00:00+00:00,2025-02-23 10:00:00+00:00,2025-02-23 16:00:00+00:00,664.01,661.09,660.0421723500001,664.5807606674668,654.1084786650664,28.647,0.01,654.1084786650664,tp_hit,3.7646473699628613,30.017118689548024,0.0,-4.440892098500626e-16,166.21787562233283,130.0169395304699,1.278432458282708,False,BNB/USDT:USDT|1740265200000,False,False,5
BCH/USDT:USDT,short,2025-02-23 08:00:00+00:00,2025-02-23 13:00:00+00:00,2025-02-23 14:00:00+00:00,2025-02-23 15:00:00+00:00,2025-02-23 16:00:00+00:00,2025-02-23 18:00:00+00:00,325.5,323.78,323.2668087,326.35534899268265,318.6293020146346,38.829,0.01,326.3631815210585,sl_hit,2.522448289029348,19.926704987698443,0.3041365434067483,8.881784197001252e-16,-122.75150855790908,119.92493102457412,-1.0235695572987717,False,BCH/USDT:USDT|1740297600000,False,False,1
SOL/USDT:USDT,long,2025-02-28 05:00:00+00:00,2025-02-28 09:00:00+00:00,2025-02-28 11:00:00+00:00,2025-02-28 12:00:00+00:00,2025-02-28 13:00:00+00:00,2025-02-28 16:00:00+00:00,133.09,135.53,135.74481505,132.61077310124875,141.3684537975025,34.255,0.01,141.3684537975025,tp_hit,0.94925150243712,7.358489537749952,0.0,0.0,191.68849379326093,107.35660695447395,1.785530478571748,False,SOL/USDT:USDT|1740718800000,False,False,2
BNB/USDT:USDT,short,2025-03-06 08:00:00+00:00,2025-03-06 09:00:00+00:00,2025-03-06 13:00:00+00:00,2025-03-06 14:00:00+00:00,2025-03-06 15:00:00+00:00,2025-03-06 16:00:00+00:00,599.71,596.85,595.90399275,600.8394380460356,588.8711239079288,25.066,0.01,600.8538581925487,sl_hit,2.999793229172593,23.712617728499488,0.3614640674269062,0.0,-127.07312041209792,123.71187179042823,-1.027169976276519,False,BNB/USDT:USDT|1741248000000,False,False,1
ETH/USDT:USDT,short,2025-03-06 07:00:00+00:00,2025-03-06 12:00:00+00:00,2025-03-06 13:00:00+00:00,2025-03-06 15:00:00+00:00,2025-03-06 16:00:00+00:00,2025-03-06 19:00:00+00:00,2258.21,2256.41,2252.83359015,2277.583488635421,2214.0630227291576,4.722,0.01,2214.0630227291576,tp_hit,2.1092685806015385,16.887807311699486,0.0,0.0,180.96535078061595,116.86902064815797,1.5484458565407533,False,ETH/USDT:USDT|1741244400000,False,False,2
ETH/USDT:USDT,long,2025-03-09 17:00:00+00:00,2025-03-10 04:00:00+00:00,2025-03-10 09:00:00+00:00,2025-03-10 10:00:00+00:00,2025-03-10 11:00:00+00:00,2025-03-10 16:00:00+00:00,2075.64,2098.92,2102.2467882,2072.1847499215346,2152.390500156931,3.74,0.01,2072.1350174875365,sl_hit,1.5612187953271388,12.442187868000039,0.1859948391696813,2.220446049250313e-16,-114.17924125994088,112.4320231614609,-1.0155402175407877,False,ETH/USDT:USDT|1741539600000,False,False,4
ICP/USDT:USDT,short,2025-03-17 22:00:00+00:00,2025-03-18 00:00:00+00:00,2025-03-18 01:00:00+00:00,2025-03-18 02:00:00+00:00,2025-03-18 03:00:00+00:00,2025-03-18 07:00:00+00:00,5.844,5.828,5.81876262,5.8678646206032825,5.748270758793436,2508.489,0.01,5.868005449354177,sl_hit,2.9316129147526193,23.171866118820184,0.3532758509194802,4.440892098500626e-16,-126.45670867858249,123.171828391327,-1.0266690876489968,False,ICP/USDT:USDT|1742248800000,False,False,3
DOGE/USDT:USDT,long,2025-03-18 13:00:00+00:00,2025-03-18 21:00:00+00:00,2025-03-18 22:00:00+00:00,2025-03-19 02:00:00+00:00,2025-03-19 03:00:00+00:00,2025-03-19 13:00:00+00:00,0.16692,0.16787,0.16813607395,0.1665296487790939,0.1705507024418121,74607.31,0.01,0.1705507024418121,tp_hit,2.526850931916461,19.851061670574566,0.0,0.0,177.6220854915429,119.8510607175936,1.4820234750368693,False,DOGE/USDT:USDT|1742302800000,False,False,9
NEAR/USDT:USDT,short,2025-03-19 14:00:00+00:00,2025-03-20 02:00:00+00:00,2025-03-20 03:00:00+00:00,2025-03-20 04:00:00+00:00,2025-03-20 05:00:00+00:00,2025-03-20 08:00:00+00:00,2.727,2.721,2.7166872150000003,2.7357796160745136,2.691440767850973,6766.075,0.01,2.7358452747852997,sl_hit,3.6892243765824073,29.1806267688734,0.4442624236222307,-4.440892098500626e-16,-133.31409373839895,129.18061760023733,-1.031997649608342,False,NEAR/USDT:USDT|1742392800000,False,False,2
XLM/USDT:USDT,short,2025-04-12 16:00:00+00:00,2025-04-13 02:00:00+00:00,2025-04-13 04:00:00+00:00,2025-04-13 05:00:00+00:00,2025-04-13 06:00:00+00:00,2025-04-13 09:00:00+00:00,0.24256,0.24148,0.2410972542,0.2428972117202207,0.2386455765595585,70561.087,0.01,0.242903041253302,sl_hit,3.4151586955506152,27.006959692684642,0.411348063034532,0.0,-130.83345606706897,127.00695918059643,-1.0301282458155028,False,XLM/USDT:USDT|1744473600000,False,False,2
NEAR/USDT:USDT,short,2025-04-19 21:00:00+00:00,2025-04-20 09:00:00+00:00,2025-04-20 10:00:00+00:00,2025-04-20 11:00:00+00:00,2025-04-20 12:00:00+00:00,2025-04-20 14:00:00+00:00,2.163,2.154,2.15058591,2.170055820388844,2.121888359222313,6228.27,0.01,2.170107901728533,sl_hit,2.6910447646774474,21.263874324298154,0.3243844305863705,4.440892098500626e-16,-124.27928018774612,121.26385877752433,-1.024866612695824,False,NEAR/USDT:USDT|1745096400000,False,False,1
BCH/USDT:USDT,long,2025-04-27 15:00:00+00:00,2025-04-28 03:00:00+00:00,2025-04-28 04:00:00+00:00,2025-04-28 10:00:00+00:00,2025-04-28 11:00:00+00:00,2025-04-28 15:00:00+00:00,349.4,352.59,353.14885515,348.9648391905845,359.84032161883096,27.584,0.01,348.9564640344439,sl_hit,1.93668731243837,15.415460457599984,0.2310147624942264,0.0,-117.5796038439368,115.41189622451687,-1.018782358581155,False,BCH/USDT:USDT|1745766000000,False,False,3
XLM/USDT:USDT,long,2025-04-29 21:00:00+00:00,2025-04-30 02:00:00+00:00,2025-04-30 03:00:00+00:00,2025-04-30 04:00:00+00:00,2025-04-30 05:00:00+00:00,2025-04-30 08:00:00+00:00,0.28048,0.28102,0.2814654166999999,0.2793525111506903,0.2843549776986193,59970.416,0.01,0.2793458066904227,sl_hit,3.3632082364192577,26.71182479234259,0.40205962164192555,4.440892098500626e-16,-130.47710226853258,126.71182476080499,-1.0297152812283725,False,XLM/USDT:USDT|1745960400000,False,False,2
ADA/USDT:USDT,long,2025-05-06 12:00:00+00:00,2025-05-06 17:00:00+00:00,2025-05-06 18:00:00+00:00,2025-05-06 21:00:00+00:00,2025-05-06 22:00:00+00:00,2025-05-07 01:00:00+00:00,0.6567,0.6599,0.6609459415,0.6518277603894184,0.6760444792211634,12388.135,0.01,0.6760444792211634,tp_hit,1.656281782560057,12.957264504101571,0.0,-2.220446049250313e-16,185.3864418098049,112.95725855233482,1.6412087561766784,False,ADA/USDT:USDT|1746532800000,False,False,2
BNB/USDT:USDT,short,2025-05-11 05:00:00+00:00,2025-05-11 06:00:00+00:00,2025-05-11 07:00:00+00:00,2025-05-11 08:00:00+00:00,2025-05-11 09:00:00+00:00,2025-05-11 13:00:00+00:00,658.19,655.2,654.161508,659.3411281686263,646.9177436627476,24.148,0.01,659.3569523557023,sl_hit,3.1718843780669506,25.077504816000467,0.382131640451652,-4.440892098500626e-16,-128.63147467956625,125.07746783198618,-1.0284144451369457,False,BNB/USDT:USDT|1746939600000,False,False,3
BCH/USDT:USDT,long,2025-05-13 05:00:00+00:00,2025-05-13 09:00:00+00:00,2025-05-13 15:00:00+00:00,2025-05-13 16:00:00+00:00,2025-05-13 17:00:00+00:00,2025-05-13 21:00:00+00:00,403.29,405.61,406.25289185,402.0894903812815,412.65101923743714,28.404,0.01,412.65101923743714,tp_hit,2.3260146690527566,18.260700107400346,0.0,4.440892098500626e-16,179.40639564371264,118.2572553174808,1.5170857395773905,False,BCH/USDT:USDT|1747112400000,False,False,3
XRP/USDT:USDT,long,2025-05-28 19:00:00+00:00,2025-05-28 23:00:00+00:00,2025-05-29 00:00:00+00:00,2025-05-29 06:00:00+00:00,2025-05-29 07:00:00+00:00,2025-05-29 16:00:00+00:00,2.2796,2.2837,2.2873196645,2.2705676085434914,2.309964782913017,7614.759,0.01,2.2705131149208864,sl_hit,3.470679817759021,27.56287282835514,0.4149458442350845,0.0,-131.4485044842609,127.56286886332776,-1.0304605537297553,False,XRP/USDT:USDT|1748458800000,False,False,8
BCH/USDT:USDT,long,2025-05-31 01:00:00+00:00,2025-05-31 04:00:00+00:00,2025-05-31 09:00:00+00:00,2025-05-31 10:00:00+00:00,2025-05-31 11:00:00+00:00,2025-05-31 14:00:00+00:00,402.37,403.54,404.1796109,401.0714955794064,408.47700884118734,40.51,0.01,408.47700884118734,tp_hit,3.29207196657155,25.910637558999174,0.0,4.440892098500626e-16,170.79551863092766,125.90975163724606,1.3564915855207174,False,BCH/USDT:USDT|1748653200000,False,False,2
ETH/USDT:USDT,long,2025-06-01 10:00:00+00:00,2025-06-01 14:00:00+00:00,2025-06-01 15:00:00+00:00,2025-06-01 18:00:00+00:00,2025-06-01 19:00:00+00:00,2025-06-02 05:00:00+00:00,2517.12,2518.84,2522.8323614,2489.5804177705463,2577.359164458908,3.417,0.01,2489.52066784052,sl_hit,1.712721030091486,13.641898903799781,0.2041606109282654,-2.220446049250313e-16,-115.53877792283572,113.6218913818435,-1.0168707501492844,False,ETH/USDT:USDT|1748772000000,False,False,9
XRP/USDT:USDT,short,2025-06-30 21:00:00+00:00,2025-07-01 02:00:00+00:00,2025-07-01 04:00:00+00:00,2025-07-01 05:00:00+00:00,2025-07-01 06:00:00+00:00,2025-07-01 15:00:00+00:00,2.2231,2.2147,2.2111897005000003,2.2274899500173504,2.1891200999652995,7818.638,0.01,2.1891200999652995,tp_hit,3.4404429417690414,27.445761062079544,0.0,0.0,169.11377444366255,127.44575028583512,1.3269471446821448,False,XRP/USDT:USDT|1751317200000,False,False,8
DOGE/USDT:USDT,short,2025-07-18 04:00:00+00:00,2025-07-18 15:00:00+00:00,2025-07-18 18:00:00+00:00,2025-07-18 19:00:00+00:00,2025-07-18 20:00:00+00:00,2025-07-18 22:00:00+00:00,0.23445,0.23408,0.2337089832,0.2365795333751804,0.2290809332496391,40007.467,0.01,0.2290809332496391,tp_hit,1.8515052310291693,14.843442382446097,0.0,0.0,183.3050504323838,114.84344140537397,1.5961298981398016,False,DOGE/USDT:USDT|1752811200000,False,False,1
ETH/USDT:USDT,short,2025-07-18 02:00:00+00:00,2025-07-18 14:00:00+00:00,2025-07-18 19:00:00+00:00,2025-07-18 21:00:00+00:00,2025-07-18 22:00:00+00:00,2025-07-19 01:00:00+00:00,3555.83,3553.73,3548.09733795,3577.134504013665,3506.9209919726704,4.272,0.01,3506.9209919726704,tp_hit,3.013903830542965,24.062732277599608,0.0,0.0,172.8914461846094,124.04677342397561,1.393760122995615,False,ETH/USDT:USDT|1752804000000,False,False,2
ICP/USDT:USDT,short,2025-07-20 12:00:00+00:00,2025-07-20 21:00:00+00:00,2025-07-21 00:00:00+00:00,2025-07-21 01:00:00+00:00,2025-07-21 02:00:00+00:00,2025-07-21 04:00:00+00:00,5.962,5.929,5.919602535000001,5.978879980071874,5.829240039856252,2004.812,0.01,5.979023473191396,sl_hit,2.3854508204734213,18.84015060157854,0.2876836321760589,4.440892098500626e-16,-121.5132607578405,118.84013320943261,-1.0224934748574963,False,ICP/USDT:USDT|1753012800000,False,False,1
XLM/USDT:USDT,long,2025-07-22 14:00:00+00:00,2025-07-22 15:00:00+00:00,2025-07-22 16:00:00+00:00,2025-07-22 17:00:00+00:00,2025-07-22 18:00:00+00:00,2025-07-23 07:00:00+00:00,0.46536,0.46821,0.46895211285,0.4645341469842894,0.4755617060314211,27204.569,0.01,0.47092869744,max_hold,2.556905235531022,20.188860233611006,0.3074738938460784,0.0,51.2152266274606,120.18885723336827,0.4261229185998252,False,XLM/USDT:USDT|1753192800000,False,False,12
ETH/USDT:USDT,long,2025-07-23 17:00:00+00:00,2025-07-23 23:00:00+00:00,2025-07-24 00:00:00+00:00,2025-07-24 01:00:00+00:00,2025-07-24 02:00:00+00:00,2025-07-24 06:00:00+00:00,3634.24,3646.9,3652.6803365,3620.861154035604,3698.977691928793,3.84,0.01,3620.7742533679066,sl_hit,2.793006562509276,22.196492159999906,0.3336905551903862,0.0,-125.31236578974833,122.18566066328029,-1.0255897877827467,False,ETH/USDT:USDT|1753290000000,False,False,3
SOL/USDT:USDT,short,2025-07-28 07:00:00+00:00,2025-07-28 11:00:00+00:00,2025-07-28 13:00:00+00:00,2025-07-28 14:00:00+00:00,2025-07-28 15:00:00+00:00,2025-07-29 04:00:00+00:00,190.6,187.46,187.1628759,190.87982230589049,180.62035538821905,29.241,0.01,180.62035538821905,tp_hit,1.0754349466098814,8.688205808100559,0.0,2.220446049250313e-16,190.23440733837728,108.687229854644,1.7502921694921543,False,SOL/USDT:USDT|1753686000000,False,False,12
LTC/USDT:USDT,long,2025-08-01 02:00:00+00:00,2025-08-01 13:00:00+00:00,2025-08-01 14:00:00+00:00,2025-08-01 15:00:00+00:00,2025-08-01 16:00:00+00:00,2025-08-01 19:00:00+00:00,106.08,106.32,106.4885172,105.00037213128932,108.95925573742132,75.778,0.01,104.99785212235815,sl_hit,1.602601409450966,12.76989638160082,0.19095665371507334,-4.440892098500626e-16,-114.56221966299294,112.76865701675786,-1.0159047974293829,False,LTC/USDT:USDT|1754013600000,False,False,2
BCH/USDT:USDT,short,2025-08-11 16:00:00+00:00,2025-08-11 19:00:00+00:00,2025-08-11 21:00:00+00:00,2025-08-11 23:00:00+00:00,2025-08-12 00:00:00+00:00,2025-08-12 02:00:00+00:00,580.94,578.45,577.5331567500001,583.9687584835951,567.4124830328099,18.12,0.01,583.9827737337988,sl_hit,2.104666866036644,16.61319968999896,0.2539624286413545,0.0,-118.97172661246918,116.61310341274205,-1.0202260563410184,False,BCH/USDT:USDT|1754928000000,False,False,1
XLM/USDT:USDT,long,2025-08-18 09:00:00+00:00,2025-08-18 16:00:00+00:00,2025-08-18 17:00:00+00:00,2025-08-18 18:00:00+00:00,2025-08-18 19:00:00+00:00,2025-08-19 02:00:00+00:00,0.41241,0.41413,0.4147863960499999,0.4097019315885639,0.4229861368228721,22583.21,0.01,0.4096920987422058,sl_hit,1.861937098837629,14.823529840318166,0.22205190482966328,-2.220446049250313e-16,-116.90752300318752,114.82352867014635,-1.0181495409275207,False,XLM/USDT:USDT|1755507600000,False,False,6
ICP/USDT:USDT,long,2025-08-19 18:00:00+00:00,2025-08-20 03:00:00+00:00,2025-08-20 04:00:00+00:00,2025-08-20 05:00:00+00:00,2025-08-20 06:00:00+00:00,2025-08-20 08:00:00+00:00,5.123,5.144,5.15215324,5.101197173532333,5.229605652935334,2336.294,0.01,5.101074744800169,sl_hit,2.395455502152073,19.048365692558846,0.28602264767587593,-4.440892098500626e-16,-121.72983736654574,119.04835235200987,-1.0225243353776714,False,ICP/USDT:USDT|1755626400000,False,False,1
BCH/USDT:USDT,short,2025-09-11 07:00:00+00:00,2025-09-11 14:00:00+00:00,2025-09-11 15:00:00+00:00,2025-09-11 16:00:00+00:00,2025-09-11 17:00:00+00:00,2025-09-12 00:00:00+00:00,590.91,588.27,587.33759205,591.6887518807124,581.4324962385751,29.25,0.01,591.7029524107576,sl_hit,3.4486935925477162,27.272932537499116,0.4153754725923518,-4.440892098500626e-16,-131.13548414470645,127.27142504833742,-1.0303607749728698,False,BCH/USDT:USDT|1757574000000,False,False,6
ICP/USDT:USDT,short,2025-10-06 22:00:00+00:00,2025-10-06 23:00:00+00:00,2025-10-07 01:00:00+00:00,2025-10-07 02:00:00+00:00,2025-10-07 03:00:00+00:00,2025-10-07 06:00:00+00:00,4.61,4.592,4.58472168,4.62009259106388,4.535814817872239,3559.657,0.01,4.6202034732860655,sl_hit,3.2766376256370817,25.908322736237448,0.3947121512425693,0.0,-129.57965146893508,125.90831116491717,-1.029158840032483,False,ICP/USDT:USDT|1759788000000,False,False,2
NEAR/USDT:USDT,short,2025-10-10 09:00:00+00:00,2025-10-10 15:00:00+00:00,2025-10-10 17:00:00+00:00,2025-10-10 18:00:00+00:00,2025-10-10 19:00:00+00:00,2025-10-10 22:00:00+00:00,3.02,2.988,2.98326402,3.035688362561646,2.892623274876708,2096.947,0.01,2.892623274876708,tp_hit,1.232142423532983,9.931099053059944,0.0,0.0,188.8366961405188,109.93106786161583,1.7177736904933143,False,NEAR/USDT:USDT|1760086800000,False,False,2
ICP/USDT:USDT,long,2025-10-14 13:00:00+00:00,2025-10-14 14:00:00+00:00,2025-10-14 15:00:00+00:00,2025-10-14 17:00:00+00:00,2025-10-14 18:00:00+00:00,2025-10-14 21:00:00+00:00,3.502,3.557,3.562637845,3.492396082679774,3.686207834640452,1547.893,0.01,3.4923122651737897,sl_hit,1.092030789088724,8.726780810584788,0.12973741701783964,0.0,-109.9485035230206,108.72673220314132,-1.0112370830532877,False,ICP/USDT:USDT|1760446800000,False,False,2
XRP/USDT:USDT,long,2025-10-14 10:00:00+00:00,2025-10-14 15:00:00+00:00,2025-10-14 16:00:00+00:00,2025-10-14 17:00:00+00:00,2025-10-14 18:00:00+00:00,2025-10-14 21:00:00+00:00,2.4973,2.504,2.50796884,2.4694682525579803,2.5730634948840394,2895.885,0.01,2.469408985319919,sl_hit,1.4413913783676575,11.493304223400568,0.17162698654687616,0.0,-113.10629614859322,111.49327366453379,-1.0144674421249193,False,XRP/USDT:USDT|1760436000000,False,False,2
NEAR/USDT:USDT,long,2025-10-15 18:00:00+00:00,2025-10-16 06:00:00+00:00,2025-10-16 10:00:00+00:00,2025-10-16 11:00:00+00:00,2025-10-16 12:00:00+00:00,2025-10-16 16:00:00+00:00,2.353,2.359,2.362739015,2.336089880658454,2.404820238683092,4364.883,0.01,2.336033814501318,sl_hit,2.0509593644352204,16.320363010244325,0.24471634282420696,-4.440892098500626e-16,-118.61603503272318,116.3203534521295,-1.0197358545814466,False,NEAR/USDT:USDT|1760551200000,False,False,3
BNB/USDT:USDT,long,2025-10-21 09:00:00+00:00,2025-10-21 12:00:00+00:00,2025-10-21 14:00:00+00:00,2025-10-21 17:00:00+00:00,2025-10-21 18:00:00+00:00,2025-10-21 22:00:00+00:00,1084.18,1090.95,1092.67915575,1079.3863292675162,1114.0773414649675,8.647,0.01,1079.3604239956137,sl_hit,1.8781626246060323,14.952009770250157,0.2239975100709617,0.0,-117.04523610478492,114.94307059403795,-1.0182887537272387,False,BNB/USDT:USDT|1761037200000,False,False,3
ICP/USDT:USDT,long,2025-10-29 02:00:00+00:00,2025-10-29 11:00:00+00:00,2025-10-29 17:00:00+00:00,2025-10-29 18:00:00+00:00,2025-10-29 19:00:00+00:00,2025-10-30 06:00:00+00:00,3.097,3.104,3.10891984,3.000477669901988,3.311044660196025,965.975,0.01,3.00040565843791,sl_hit,0.590145569835356,4.752442443999901,0.06955960454182945,0.0,-105.41213210427506,104.75242526042697,-1.0062977715523815,False,ICP/USDT:USDT|1761703200000,False,False,10
BCH/USDT:USDT,long,2025-10-30 14:00:00+00:00,2025-10-30 22:00:00+00:00,2025-10-31 00:00:00+00:00,2025-10-31 01:00:00+00:00,2025-10-31 02:00:00+00:00,2025-10-31 06:00:00+00:00,547.4,549.42,550.2908306999999,544.6202428257653,559.0195143484692,20.834,0.01,559.0195143484692,tp_hit,2.311137172873981,18.142886803798795,0.0,0.0,179.54225795933573,118.14102777180304,1.5197282548289075,False,BCH/USDT:USDT|1761832800000,False,False,3
XLM/USDT:USDT,long,2025-11-12 01:00:00+00:00,2025-11-12 06:00:00+00:00,2025-11-12 09:00:00+00:00,2025-11-12 14:00:00+00:00,2025-11-12 15:00:00+00:00,2025-11-12 17:00:00+00:00,0.28715,0.28929,0.2897485246499999,0.2856913102205951,0.2964873795588098,27787.891,0.01,0.2856844536291498,sl_hit,1.5990068878226378,12.741432995010452,0.19052564298819283,2.220446049250313e-16,-114.53096943146554,112.74143232792835,-1.0158729321296185,False,XLM/USDT:USDT|1762909200000,False,False,1
LTC/USDT:USDT,long,2025-11-12 17:00:00+00:00,2025-11-13 01:00:00+00:00,2025-11-13 04:00:00+00:00,2025-11-13 05:00:00+00:00,2025-11-13 06:00:00+00:00,2025-11-13 17:00:00+00:00,99.33,101.01,101.17010085,98.77676596002122,105.47646807995756,44.778,0.01,98.77439531763818,sl_hit,0.8953114649394502,7.168995861299645,0.10615007696479684,0.0,-108.17021379303688,107.16874970346956,-1.0093447398830193,False,LTC/USDT:USDT|1762966800000,False,False,10
ICP/USDT:USDT,long,2025-11-15 22:00:00+00:00,2025-11-15 23:00:00+00:00,2025-11-16 00:00:00+00:00,2025-11-16 01:00:00+00:00,2025-11-16 02:00:00+00:00,2025-11-16 14:00:00+00:00,5.295,5.459,5.467652514999999,5.254645257805868,5.867709484388263,489.345,0.01,5.254519146319681,sl_hit,0.5246841091608481,4.2340649526748235,0.0617105441197393,-1.1102230246251565e-16,-104.8204324060312,104.23403627166206,-1.0056257644368758,False,ICP/USDT:USDT|1763244000000,False,False,11
ICP/USDT:USDT,long,2025-12-01 04:00:00+00:00,2025-12-01 13:00:00+00:00,2025-12-01 14:00:00+00:00,2025-12-01 15:00:00+00:00,2025-12-01 16:00:00+00:00,2025-12-01 19:00:00+00:00,3.708,3.731,3.736913635,3.648507080983709,3.8959858380325834,1212.225,0.01,3.6484195168137648,sl_hit,0.8952685479957441,7.168656187875236,0.10614492837046957,-1.1102230246251565e-16,-108.1700509663043,107.16863494239841,-1.0093443013848606,False,ICP/USDT:USDT|1764561600000,False,False,2
ICP/USDT:USDT,short,2025-12-20 22:00:00+00:00,2025-12-21 07:00:00+00:00,2025-12-21 09:00:00+00:00,2025-12-21 10:00:00+00:00,2025-12-21 11:00:00+00:00,2025-12-21 18:00:00+00:00,3.162,3.143,3.138018345,3.188498115981328,3.052003768037343,2197.893,0.01,3.052003768037343,tp_hit,1.3605006272089986,10.949144652914821,0.0,0.0,187.69033597697563,110.94913528146455,1.6916791239591722,False,ICP/USDT:USDT|1766268000000,False,False,6
DOGE/USDT:USDT,long,2026-01-05 12:00:00+00:00,2026-01-05 15:00:00+00:00,2026-01-05 16:00:00+00:00,2026-01-05 17:00:00+00:00,2026-01-05 18:00:00+00:00,2026-01-06 07:00:00+00:00,0.14939,0.15297,0.1532124574499999,0.1485415810254776,0.1618268379490446,22581.422,0.01,0.15136636712,max_hold,0.6877822969879136,5.47503399549164,0.08203362750104748,2.220446049250313e-16,-42.375127088836415,105.47503165198913,-0.40175505449148896,False,DOGE/USDT:USDT|1767614400000,False,False,12
NEAR/USDT:USDT,long,2026-02-28 02:00:00+00:00,2026-02-28 13:00:00+00:00,2026-02-28 17:00:00+00:00,2026-02-28 18:00:00+00:00,2026-02-28 19:00:00+00:00,2026-03-01 08:00:00+00:00,1.073,1.109,1.110757765,1.0649581074902206,1.1970837850195588,2270.565,0.01,1.182971608,max_hold,0.5208061633805745,3.9911196872250505,0.06446433429884448,1.1102230246251565e-16,163.44541826791468,103.99109935369235,1.5717250734315977,False,NEAR/USDT:USDT|1772244000000,False,False,12
NEAR/USDT:USDT,short,2026-05-13 04:00:00+00:00,2026-05-13 07:00:00+00:00,2026-05-13 11:00:00+00:00,2026-05-13 17:00:00+00:00,2026-05-13 18:00:00+00:00,2026-05-13 20:00:00+00:00,1.607,1.58,1.5774957,1.6122522083838118,1.5154955832323769,3100.562,0.01,1.612290902436813,sl_hit,0.9890131127624691,7.764737416600045,0.11997618972099094,1.1102230246251565e-16,-108.87369557065225,107.76470914752804,-1.0102908125665335,False,NEAR/USDT:USDT|1778644800000,False,False,1
LTC/USDT:USDT,long,2026-05-28 07:00:00+00:00,2026-05-28 14:00:00+00:00,2026-05-28 15:00:00+00:00,2026-05-28 16:00:00+00:00,2026-05-28 17:00:00+00:00,2026-05-29 06:00:00+00:00,51.27,51.87,51.95221395,51.1986637377945,53.21267252441098,148.956,0.01,51.58876184,max_hold,1.542304958977524,12.24626113620051,0.18442693460733692,0.0,-55.680677456136046,112.24582540928299,-0.496060118522066,False,LTC/USDT:USDT|1779951600000,False,False,12
XLM/USDT:USDT,long,2026-07-12 01:00:00+00:00,2026-07-12 13:00:00+00:00,2026-07-12 14:00:00+00:00,2026-07-12 15:00:00+00:00,2026-07-12 16:00:00+00:00,2026-07-12 23:00:00+00:00,0.18821,0.18979,0.1900908171499999,0.1874770775434401,0.1944158449131197,43235.344,0.01,0.187472578093579,sl_hit,1.6324083275164099,13.005932961345716,0.19453059370662604,4.440892098500626e-16,-114.8328746061102,113.00593101603788,-1.0161667938456524,False,XLM/USDT:USDT|1783818000000,False,False,6
