kosu,net_usdt,getiri_pct,islem,aday_islem,beklenti_usdt,profit_factor,komisyon,kayma,funding,acik_kalan,kapanan_pnl_toplam,max_dd_pct,max_dd_zaman,sualti_en_uzun_gun,acik_risk_ort_pct,acik_risk_max_pct,marjin_ort_pct,marjin_max_pct
A,793565.4044424149,7935.654044424149,936,0,835.1134644341008,1.1608901863723056,54988.33237368121,383993.4033617747,3.5351721550114235e-12,2,781666.2027103184,46.62249826583878,2026-07-18 22:00:00+00:00,194.125,5.307147985919379,37.57733414524103,13.183520878209773,95.68984829972382
A75,416266.80345239857,4162.668034523986,937,0,440.1563846969115,1.1975457729234065,24271.0931077915,170550.5276482554,1.939282068263992e-12,2,412426.5324610061,37.979088585598475,2026-07-18 22:00:00+00:00,123.79166666666667,4.03769710437621,29.191771433651624,10.193305997318571,82.01160112859037
B,116449.41413834885,1164.4941413834883,1200,264,96.01803798744179,1.11373404661111,15747.655869247226,116472.54407327583,9.709455461859307e-13,2,115221.64558493014,42.83776006505339,2026-07-18 22:00:00+00:00,214.16666666666666,4.069323457156997,29.191624779836744,10.56319875700132,82.01175532742074
S,-8986.190763081258,-89.86190763081258,208,208,-43.20284020712144,0.48310798078701295,618.2898287154366,4954.492959243017,4.0467629247586956e-14,0,-8986.19076308126,90.42706259132044,2025-12-21 11:00:00+00:00,1181.9166666666667,0.10850777875643744,24.144633038893897,0.9214988728914311,99.38108444792879
A_2x,148301.71534408818,1483.0171534408817,936,0,156.88709277015207,1.1059452000545178,15070.353651108795,211604.67239879834,1.2412848526821563e-12,2,146846.31883286234,49.39838328529343,2026-07-18 22:00:00+00:00,217.29166666666666,5.327699363055489,37.99290917418479,13.232987030836846,96.91793429164785
A75_2x,107529.98668567106,1075.2998668567107,937,0,114.21326941813068,1.1333265547218234,9000.665336425896,127122.47553231264,7.136513602290506e-13,2,107017.83344478844,40.48501499513121,2026-07-18 22:00:00+00:00,213.29166666666666,4.0499614289220975,29.44623807106358,10.224065631033499,82.96100847241021
B_2x,7857.333202114878,78.57333202114877,1200,264,6.470074964864745,1.0269252573299343,4212.232304116202,62523.00590812188,3.326228181776969e-13,2,7764.089957837694,56.12006324081281,2024-07-07 07:00:00+00:00,541.2916666666666,4.0841921078569525,29.446019126148215,10.60071168296836,82.96055189312422
S_2x,-9587.243525468797,-95.87243525468796,132,132,-72.63063276870304,0.29073829722345423,380.8458130182165,6105.234075095312,2.708944180085382e-14,0,-9587.2435254688,96.4291904275311,2026-02-28 19:00:00+00:00,1181.9166666666667,0.10886961106202485,49.250392538452076,0.6620938514266873,101.88685750620148
S_cikis,-9577.671412592555,-95.77671412592555,137,137,-69.91001031089462,0.32672416897850626,400.5620673815636,5632.219532429816,2.6256774532384952e-14,0,-9577.671412592563,96.3048808989334,2026-02-28 19:00:00+00:00,1181.9166666666667,0.10458525595391012,47.98514329724026,0.6484492746820503,98.7602560899451
A_f,721185.9155348664,7211.859155348664,936,0,758.9247114605251,1.1569011898386052,51143.77827234409,357240.18856719404,30367.45649656169,2,710353.5299270515,46.827088575281635,2026-07-18 22:00:00+00:00,194.125,5.307787494242231,37.56160960814219,13.184652257812479,95.68837056172042
A75_f,385522.8076386044,3855.2280763860444,937,0,407.63891572815464,1.1930557451917254,22963.237448175983,161401.24332734488,12917.248000471991,2,381957.6640372809,38.15998187267382,2026-07-18 22:00:00+00:00,123.79166666666667,4.038064883119112,29.18043581205686,10.193910899804152,82.00808145539138
B_f,107651.35904291426,1076.5135904291426,1200,264,88.75706371009029,1.1102258135886476,14992.268773670505,110897.08190061594,5214.670600381249,2,106508.47645210836,43.00006469387056,2026-07-18 22:00:00+00:00,214.20833333333334,4.069684005423222,29.180305379616335,10.563779193229085,82.00834559324174
