calc_time,funding_interval_hours,last_funding_rate
1672531200000,8,-1.05e-05
1672560000008,8,0.0
1672588800000,8,0.0
1672617600000,8,0.0
1672646400008,8,0.0
1672675200015,8,-7.526e-05
1672704000003,8,-9.889e-05
1672732800018,8,-5.595e-05
1672761600000,8,0.0
1672790400000,8,0.0
1672819200016,8,0.0
1672848000011,8,0.0
1672876800009,8,-0.00042886
1672905600011,8,-0.00041485
1672934400000,8,-0.00034445
1672963200005,8,-0.00035232
1672992000001,8,-0.00014715
1673020800000,8,-0.00021562
1673049600006,8,-0.00022972
1673078400017,8,-0.00019772
1673107200000,8,-0.00023691
1673136000015,8,-0.00042242
1673164800000,8,-0.00011035
1673193600010,8,0.0
1673222400003,8,-5.51e-05
1673251200000,8,0.0
1673280000006,8,0.0
1673308800003,8,0.0
1673337600021,8,0.0
1673366400000,8,-1.944e-05
1673395200011,8,-0.00033078
1673424000006,8,-0.00010219
1673452800004,8,-9.478e-05
1673481600000,8,-7.73e-06
1673510400000,8,0.0
1673539200000,8,0.0
1673568000004,8,-0.00030273
1673596800000,8,-0.00013437
1673625600018,8,-9.937e-05
1673654400000,8,0.0
1673683200001,8,0.00035334
1673712000000,8,0.0001184
1673740800010,8,9.249e-05
1673769600002,8,0.0
1673798400000,8,0.0
1673827200010,8,0.0
1673856000007,8,0.0
1673884800000,8,0.0
1673913600004,8,0.0
1673942400005,8,0.0
1673971200001,8,0.0
1674000000008,8,0.0
1674028800009,8,0.0
1674057600017,8,0.0
1674086400000,8,-9.679e-05
1674115200015,8,-0.00021146
1674144000012,8,0.0
1674172800000,8,-7.95e-06
1674201600000,8,0.0
1674230400000,8,0.0
1674259200013,8,5.639e-05
1674288000001,8,0.000182
1674316800016,8,5.417e-05
1674345600000,8,0.0
1674374400000,8,0.00015982
1674403200023,8,0.00010198
1674432000014,8,5.355e-05
1674460800014,8,8.039e-05
1674489600016,8,7.383e-05
1674518400008,8,0.00015492
1674547200008,8,0.00022386
1674576000000,8,0.00017116
1674604800012,8,0.0
1674633600000,8,0.0
1674662400010,8,0.0
1674691200010,8,0.0
1674720000003,8,0.0
1674748800020,8,0.0
1674777600008,8,0.0
1674806400000,8,0.0
1674835200000,8,0.0
1674864000009,8,0.0
1674892800018,8,0.0
1674921600005,8,0.0
1674950400011,8,0.0
1674979200000,8,0.0
1675008000008,8,0.0
1675036800001,8,0.0
1675065600000,8,2.222e-05
1675094400000,8,0.0
1675123200005,8,0.0
1675152000000,8,0.0
1675180800007,8,0.0
1675209600013,8,0.0
1675238400000,8,0.0
1675267200012,8,0.0
1675296000004,8,3.463e-05
1675324800023,8,0.00054212
1675353600003,8,0.00017099
1675382400010,8,0.00014265
1675411200000,8,7.717e-05
1675440000000,8,4.762e-05
1675468800010,8,0.0
1675497600000,8,6.947e-05
1675526400000,8,4.705e-05
1675555200016,8,0.0
1675584000009,8,0.0
1675612800018,8,0.0
1675641600001,8,0.0
1675670400000,8,0.0
1675699200012,8,0.0
1675728000004,8,0.0
1675756800011,8,0.0
1675785600018,8,0.0
1675814400009,8,0.0
1675843200010,8,0.0
1675872000000,8,0.0
1675900800014,8,0.0
1675929600006,8,0.0
1675958400001,8,0.0
1675987200012,8,0.0
1676016000005,8,0.0
1676044800020,8,-7.142e-05
1676073600007,8,-0.00023045
1676102400002,8,-0.00025716
1676131200021,8,-0.00017915
1676160000004,8,-0.00010795
1676188800000,8,-0.00030295
1676217600002,8,-0.0002616
1676246400006,8,-9.963e-05
1676275200008,8,-0.00011284
1676304000002,8,-0.00029629
1676332800013,8,-0.0001924
1676361600014,8,-1.819e-05
1676390400016,8,-7.739e-05
1676419200011,8,-0.00021143
1676448000000,8,-9.915e-05
1676476800005,8,-7.066e-05
1676505600019,8,0.0
1676534400000,8,0.0
1676563200001,8,5.284e-05
1676592000003,8,0.0
1676620800016,8,-8.97e-06
1676649600000,8,0.0
1676678400011,8,0.0
1676707200000,8,0.0
1676736000007,8,0.0
1676764800019,8,0.0
1676793600005,8,0.0
1676822400003,8,0.0
1676851200006,8,0.0
1676880000008,8,0.0
1676908800006,8,0.0
1676937600001,8,0.0
1676966400004,8,-3.791e-05
1676995200011,8,-4.808e-05
1677024000009,8,0.0
1677052800010,8,-3.36e-06
1677081600000,8,-0.00012206
1677110400006,8,0.0
1677139200005,8,0.0
1677168000002,8,0.0
1677196800015,8,-7.966e-05
1677225600011,8,0.0
1677254400014,8,0.0
1677283200015,8,-4.132e-05
1677312000015,8,-8.665e-05
1677340800015,8,-7.937e-05
1677369600007,8,-0.00014702
1677398400012,8,-0.00014221
1677427200000,8,-0.00012253
1677456000011,8,0.0
1677484800003,8,-2.797e-05
1677513600000,8,0.0
1677542400011,8,-0.00011827
1677571200018,8,-9.561e-05
1677600000005,8,0.0
1677628800016,8,-0.00025319
1677657600000,8,0.0
1677686400008,8,0.0
1677715200009,8,0.0
1677744000013,8,-0.00023545
1677772800000,8,-0.00028051
1677801600000,8,-2.961e-05
1677830400013,8,-8.625e-05
1677859200000,8,-2.007e-05
1677888000001,8,-3.295e-05
1677916800008,8,-9.138e-05
1677945600012,8,-0.00019281
1677974400000,8,-9.205e-05
1678003200000,8,0.0
1678032000015,8,0.0
1678060800007,8,-3.967e-05
1678089600017,8,0.0
1678118400000,8,-0.00012179
1678147200009,8,-0.0002088
1678176000016,8,-1.876e-05
1678204800017,8,-0.00021496
1678233600000,8,0.0
1678262400014,8,0.0
1678291200021,8,0.0
1678320000010,8,0.0
1678348800013,8,0.0
1678377600002,8,0.0
1678406400000,8,-0.00027317
1678435200000,8,-0.00025155
1678464000005,8,-0.00018076
1678492800011,8,-0.0001812
1678521600003,8,-0.0006044
1678550400011,8,-0.0003423
1678579200001,8,0.0
1678608000000,8,0.0
1678636800005,8,-8.385e-05
1678665600010,8,0.0
1678694400018,8,0.0
1678723200003,8,0.0
1678752000010,8,0.0
1678780800009,8,0.0
1678809600010,8,7.236e-05
1678838400011,8,0.00012216
1678867200000,8,0.00010347
1678896000012,8,0.0
1678924800004,8,0.0
1678953600018,8,9.329e-05
1678982400005,8,0.0
1679011200017,8,-0.00117649
1679040000010,8,-0.00059238
1679068800003,8,-0.00094597
1679097600012,8,-0.00129796
1679126400000,8,-0.00099191
1679155200016,8,-0.00071668
1679184000013,8,-0.00200114
1679212800024,8,-0.00122518
1679241600000,8,-0.00132398
1679270400005,8,-0.00208684
1679299200012,8,-0.00172668
1679328000015,8,-0.00096625
1679356800006,8,-0.00074486
1679385600004,8,-0.00138266
1679414400003,8,-0.00128311
1679443200000,8,-0.00197057
1679472000003,8,-0.00162299
1679500800000,8,-5.565e-05
1679529600016,8,-0.00013572
1679558400001,8,0.0
1679587200013,8,-7.012e-05
1679616000013,8,-0.00048065
1679644800012,8,-0.00022313
1679673600027,8,0.0
1679702400015,8,-0.00010615
1679731200011,8,-0.0001152
1679760000011,8,-2.817e-05
1679788800000,8,-0.0001002
1679817600015,8,0.0
1679846400000,8,0.0
1679875200019,8,-7.754e-05
1679904000009,8,-0.00022919
1679932800000,8,-0.00051772
1679961600007,8,-0.00070515
1679990400000,8,-0.00010119
1680019200013,8,0.0
1680048000010,8,-6.976e-05
1680076800006,8,0.0
1680105600014,8,-2.235e-05
1680134400000,8,0.0
1680163200000,8,-4.867e-05
1680192000006,8,-0.00012381
1680220800003,8,-0.00035389
1680249600006,8,-0.00038577
1680278400011,8,-0.00014589
1680307200000,8,-0.00079807
1680336000000,8,-0.00018883
1680364800018,8,-4.123e-05
1680393600013,8,-0.00029164
1680422400014,8,-0.00021911
1680451200001,8,-0.00014268
1680480000000,8,-0.0004329
1680508800013,8,-2.311e-05
1680537600011,8,-0.00020305
1680566400002,8,-0.00067885
1680595200017,8,-7.503e-05
1680624000008,8,0.0
1680652800000,8,0.0
1680681600016,8,0.0
1680710400004,8,0.0
1680739200000,8,0.0
1680768000011,8,0.0
1680796800000,8,0.0
1680825600006,8,-0.0001102
1680854400005,8,-0.00034537
1680883200000,8,-5.462e-05
1680912000000,8,-5.522e-05
1680940800014,8,0.0
1680969600018,8,0.0
1680998400013,8,0.0
1681027200024,8,0.0
1681056000010,8,0.0
1681084800000,8,0.0
1681113600010,8,0.0
1681142400006,8,0.0
1681171200008,8,-0.00012022
1681200000007,8,7.404e-05
1681228800016,8,2.76e-05
1681257600006,8,0.0
1681286400008,8,0.0
1681315200014,8,0.0
1681344000027,8,0.0
1681372800010,8,0.0
1681401600000,8,1.014e-05
1681430400001,8,1.185e-05
1681459200008,8,0.0002423
1681488000007,8,5.877e-05
1681516800007,8,0.0
1681545600007,8,3.5e-06
1681574400011,8,0.00030622
1681603200014,8,6.872e-05
1681632000007,8,9.232e-05
1681660800002,8,0.00045468
1681689600017,8,0.0002929
1681718400006,8,0.000243
1681747200000,8,0.00023012
1681776000013,8,0.00023453
1681804800017,8,7.434e-05
1681833600000,8,0.0
1681862400022,8,0.0
1681891200014,8,0.0
1681920000000,8,0.0
1681948800010,8,0.0
1681977600012,8,0.0
1682006400012,8,0.0
1682035200009,8,0.0
1682064000009,8,0.0
1682092800003,8,-0.00010197
1682121600000,8,-0.0001808
1682150400000,8,-0.00039367
1682179200016,8,-8.421e-05
1682208000009,8,-0.00047608
1682236800020,8,-0.00050601
1682265600007,8,-0.00073647
1682294400000,8,-0.00032731
1682323200008,8,-0.00079834
1682352000006,8,-0.00089166
1682380800014,8,-0.00079578
1682409600009,8,-0.00102839
1682438400015,8,-0.00083442
1682467200015,8,-0.00065033
1682496000013,8,-0.0005485
1682524800001,8,-0.0005203
1682553600014,8,-0.00116648
1682582400008,8,-0.00064239
1682611200005,8,-0.00070822
1682640000011,8,-0.00101999
1682668800007,8,-0.00194664
1682697600006,8,0.0
1682726400004,8,-0.00011978
1682755200016,8,0.0
1682784000001,8,-0.00018576
1682812800008,8,-0.00012369
1682841600000,8,0.0
1682870400010,8,0.0
1682899200004,8,-0.00105825
1682928000008,8,-0.00094339
1682956800014,8,-0.00120421
1682985600015,8,-0.00149947
1683014400018,8,-0.00126006
1683043200000,8,-0.00119084
1683072000009,8,-0.00146523
1683100800003,8,0.0
1683129600011,8,0.0
1683158400000,8,0.0
1683187200000,8,0.0
1683216000011,8,-2.435e-05
1683244800002,8,0.0
1683273600000,8,-4.602e-05
1683302400000,8,0.0
1683331200009,8,-8.753e-05
1683360000000,8,-6.943e-05
1683388800000,8,-0.00027804
1683417600000,8,-7.751e-05
1683446400000,8,-4.936e-05
1683475200006,8,-0.00010733
1683504000000,8,-0.00010221
1683532800007,8,-0.00035917
1683561600015,8,-0.00025582
1683590400015,8,-0.00022409
1683619200000,8,-0.00036709
1683648000000,8,-0.00032443
1683676800007,8,-8.759e-05
1683705600003,8,-4.315e-05
1683734400000,8,-0.00058032
1683763200011,8,-3.111e-05
1683792000000,8,0.0
1683820800005,8,-0.00028224
1683849600020,8,-0.00036925
1683878400001,8,0.0
1683907200010,8,-8.151e-05
1683936000000,8,-7.953e-05
1683964800000,8,0.0
1683993600026,8,-2.203e-05
1684022400029,8,0.0
1684051200010,8,0.0
1684080000008,8,0.0
1684108800006,8,-0.00018597
1684137600005,8,0.0
1684166400008,8,0.0
1684195200021,8,-4.595e-05
1684224000000,8,-1.285e-05
1684252800000,8,-6.776e-05
1684281600010,8,-4.674e-05
1684310400000,8,0.0
1684339200001,8,-1.822e-05
1684368000000,8,0.0
1684396800026,8,0.0
1684425600019,8,0.0
1684454400000,8,0.0
1684483200002,8,0.0
1684512000000,8,0.0
1684540800005,8,-5.92e-06
1684569600014,8,0.0
1684598400020,8,0.0
1684627200014,8,0.0
1684656000001,8,0.0
1684684800015,8,0.0
1684713600028,8,0.0
1684742400000,8,0.0
1684771200012,8,0.0
1684800000006,8,0.0
1684828800014,8,0.0
1684857600008,8,4.33e-06
1684886400000,8,0.0
1684915200025,8,0.0
1684944000008,8,0.0
1684972800000,8,0.0
1685001600025,8,0.0
1685030400016,8,0.0
1685059200000,8,0.0
1685088000024,8,0.0
1685116800012,8,0.0
1685145600012,8,0.0
1685174400018,8,0.0
1685203200008,8,0.0
1685232000017,8,0.0
1685260800015,8,0.0
1685289600000,8,0.0
1685318400000,8,0.0
1685347200020,8,5.509e-05
1685376000011,8,0.00018433
1685404800003,8,0.00013253
1685433600000,8,0.00020674
1685462400003,8,0.00010472
1685491200013,8,0.0
1685520000000,8,0.0
1685548800000,8,0.0
1685577600008,8,0.0
1685606400012,8,8.187e-05
1685635200000,8,0.0
1685664000000,8,0.0
1685692800006,8,4.057e-05
1685721600012,8,0.0
1685750400000,8,7.832e-05
1685779200011,8,4.591e-05
1685808000003,8,9.43e-06
1685836800000,8,1.7e-07
1685865600000,8,3.122e-05
1685894400000,8,0.00016004
1685923200005,8,0.00010125
1685952000000,8,0.0
1685980800000,8,0.0
1686009600000,8,0.0
1686038400009,8,0.0
1686067200013,8,0.0
1686096000000,8,0.0
1686124800016,8,0.0
1686153600000,8,0.0
1686182400006,8,0.0
1686211200000,8,0.0
1686240000000,8,0.0
1686268800000,8,0.0
1686297600000,8,0.0
1686326400000,8,0.0
1686355200000,8,2.811e-05
1686384000000,8,-0.00036574
1686412800000,8,-2.163e-05
1686441600001,8,0.0
1686470400000,8,-0.00018089
1686499200000,8,-0.00028735
1686528000000,8,0.0
1686556800000,8,-0.00070002
1686585600001,8,-6.726e-05
1686614400000,8,0.0
1686643200000,8,-6.27e-05
1686672000000,8,-0.00034303
1686700800000,8,-3.98e-06
1686729600000,8,-0.00044698
1686758400000,8,-0.0004527
1686787200000,8,-0.00031629
1686816000000,8,-7.324e-05
1686844800000,8,0.0
1686873600000,8,-5.371e-05
1686902400000,8,-5.605e-05
1686931200000,8,-0.00017727
1686960000000,8,0.0
1686988800000,8,0.0
1687017600000,8,0.0
1687046400000,8,0.0
1687075200000,8,0.0
1687104000000,8,0.0
1687132800000,8,0.0
1687161600000,8,0.0
1687190400000,8,0.0
1687219200001,8,0.0
1687248000000,8,0.0
1687276800000,8,0.0
1687305600000,8,0.0
1687334400000,8,0.0
1687363200000,8,0.0
1687392000000,8,0.0
1687420800001,8,0.0
1687449600000,8,0.0
1687478400000,8,0.0
1687507200000,8,0.0
1687536000000,8,0.0
1687564800000,8,1.262e-05
1687593600000,8,0.0
1687622400000,8,0.0
1687651200000,8,0.0
1687680000000,8,0.0
1687708800000,8,0.0
1687737600000,8,0.0
1687766400000,8,0.0
1687795200000,8,0.0
1687824000000,8,0.0
1687852800000,8,7.353e-05
1687881600000,8,4.009e-05
1687910400000,8,0.0
1687939200000,8,0.0
1687968000000,8,0.0
1687996800000,8,0.0
1688025600000,8,0.0
1688054400000,8,0.0
1688083200000,8,0.0
1688112000000,8,0.0
1688140800001,8,0.0
1688169600000,8,5.352e-05
1688198400000,8,5.349e-05
1688227200000,8,0.00014546
1688256000000,8,0.00014716
1688284800000,8,2.679e-05
1688313600001,8,0.00023805
1688342400000,8,9.255e-05
1688371200000,8,0.0001912
1688400000000,8,9.428e-05
1688428800001,8,0.0
1688457600000,8,0.0
1688486400000,8,0.0
1688515200000,8,0.0
1688544000000,8,0.0
1688572800000,8,0.0
1688601600000,8,0.0
1688630400000,8,0.0
1688659200000,8,0.0
1688688000000,8,-0.00046009
1688716800000,8,-0.00016651
1688745600000,8,-9.253e-05
1688774400000,8,-9.236e-05
1688803200000,8,-7.741e-05
1688832000000,8,0.0
1688860800000,8,-4.91e-06
1688889600000,8,0.0
1688918400000,8,-8.229e-05
1688947200000,8,-0.00012524
1688976000000,8,-4.39e-06
1689004800000,8,-0.00012535
1689033600000,8,-0.00025923
1689062400000,8,-0.00074001
1689091200000,8,-0.00074761
1689120000000,8,-0.00035487
1689148800000,8,-0.0006544
1689177600000,8,-0.00059837
1689206400000,8,-0.00108561
1689235200000,8,-0.00074145
1689264000000,8,-0.00082611
1689292800000,8,0.0
1689321600000,8,-0.00042246
1689350400000,8,-0.00049717
1689379200000,8,-0.00116654
1689408000000,8,-0.00054039
1689436800000,8,-0.000673
1689465600001,8,-0.00082346
1689494400000,8,-0.00077424
1689523200000,8,-0.00076813
1689552000000,8,-0.00180248
1689580800000,8,-0.00025688
1689609600000,8,-0.00034131
1689638400000,8,-0.00013206
1689667200000,8,-0.00037172
1689696000000,8,0.0
1689724800000,8,0.0
1689753600000,8,0.00014002
1689782400001,8,0.00010374
1689811200000,8,4.559e-05
1689840000000,8,0.00013033
1689868800000,8,0.0
1689897600001,8,7.509e-05
1689926400000,8,2.789e-05
1689955200000,8,0.0002497
1689984000000,8,0.00013559
1690012800000,8,6.965e-05
1690041600000,8,0.0
1690070400000,8,0.0
1690099200000,8,8.296e-05
1690128000000,8,7.037e-05
1690156800000,8,0.0
1690185600000,8,1.192e-05
1690214400000,8,0.0
1690243200000,8,0.0
1690272000000,8,8.855e-05
1690300800000,8,0.0
1690329600000,8,0.0
1690358400001,8,1.89e-06
1690387200000,8,0.0
1690416000000,8,0.0
1690444800000,8,4.979e-05
1690473600001,8,2.458e-05
1690502400000,8,1.6e-05
1690531200000,8,0.0
1690560000000,8,5.712e-05
1690588800000,8,0.0
1690617600000,8,0.0
1690646400001,8,9.95e-05
1690675200000,8,4.905e-05
1690704000000,8,8.003e-05
1690732800000,8,0.00011335
1690761600000,8,9.227e-05
1690790400000,8,7.364e-05
1690819200001,8,4.11e-05
1690848000000,8,0.0
1690876800000,8,7.317e-05
1690905600000,8,6.759e-05
1690934400000,8,0.0
1690963200000,8,0.0
1690992000000,8,0.0
1691020800000,8,0.0
1691049600000,8,0.0
1691078400001,8,0.0
1691107200000,8,0.0
1691136000000,8,0.0
1691164800000,8,0.0
1691193600000,8,0.0
1691222400000,8,0.0
1691251200001,8,0.0
1691280000000,8,0.0
1691308800001,8,1.099e-05
1691337600005,8,0.0
1691366400000,8,0.0
1691395200000,8,0.0
1691424000000,8,0.0
1691452800000,8,0.0
1691481600000,8,0.0
1691510400000,8,0.0
1691539200000,8,0.00015375
1691568000000,8,0.0
1691596800000,8,0.0
1691625600001,8,0.0
1691654400000,8,0.0
1691683200000,8,0.0
1691712000000,8,-0.00015036
1691740800000,8,-0.00026946
1691769600000,8,-0.00023724
1691798400000,8,-0.00022644
1691827200000,8,-0.00015777
1691856000000,8,-0.00020833
1691884800000,8,-0.00029203
1691913600000,8,-0.00019929
1691942400000,8,-6.14e-06
1691971200001,8,-3.892e-05
1692000000000,8,-4.676e-05
1692028800000,8,-8.05e-06
1692057600001,8,-9.711e-05
1692086400000,8,-0.00020066
1692115200000,8,0.0
1692144000000,8,-0.00044204
1692172800001,8,-0.0001621
1692201600000,8,-0.000444
1692230400000,8,-0.00027077
1692259200000,8,0.0
1692288000000,8,-0.00018279
1692316800000,8,-0.00074175
1692345600000,8,-5.81e-05
1692374400000,8,-0.00011733
1692403200000,8,-0.00029585
1692432000000,8,-0.00035101
1692460800000,8,-0.00012321
1692489600000,8,-1.186e-05
1692518400000,8,-0.00012416
1692547200000,8,-0.00026855
1692576000000,8,0.0
1692604800000,8,-0.00034238
1692633600000,8,-0.00073843
1692662400000,8,-0.00011188
1692691200000,8,-8.858e-05
1692720000000,8,-0.00084222
1692748800000,8,-0.0005188
1692777600000,8,0.0
1692806400000,8,-6.038e-05
1692835200000,8,-0.00023809
1692864000000,8,0.0
1692892800000,8,0.0
1692921600000,8,0.0
1692950400000,8,0.0
1692979200000,8,0.0
1693008000000,8,0.0
1693036800000,8,0.0
1693065600000,8,0.0
1693094400000,8,0.0
1693123200000,8,0.0
1693152000000,8,0.0
1693180800000,8,0.0
1693209600001,8,0.0
1693238400001,8,0.0
1693267200000,8,0.0
1693296000000,8,0.0
1693324800000,8,0.0
1693353600000,8,0.0
1693382400000,8,0.0
1693411200000,8,0.0
1693440000000,8,0.0
1693468800000,8,0.0
1693497600000,8,0.0
1693526400000,8,0.0
1693555200000,8,0.0
1693584000001,8,0.0
1693612800000,8,0.0
1693641600000,8,0.0
1693670400000,8,0.0
1693699200000,8,0.0
1693728000000,8,0.0
1693756800000,8,0.0
1693785600000,8,0.0
1693814400000,8,0.0
1693843200000,8,0.0
1693872000000,8,0.0
1693900800000,8,0.0
1693929600000,8,0.0
1693958400000,8,0.0
1693987200000,8,0.0
1694016000001,8,0.0
1694044800000,8,0.0
1694073600000,8,0.0
1694102400000,8,0.0
1694131200000,8,0.0
1694160000000,8,0.0
1694188800000,8,0.0
1694217600000,8,0.0
1694246400000,8,0.0
1694275200000,8,0.0
1694304000000,8,0.0
1694332800000,8,0.0
1694361600000,8,0.0
1694390400000,8,0.0
1694419200000,8,0.0
1694448000001,8,0.0
1694476800000,8,0.0
1694505600000,8,0.0
1694534400000,8,0.0
1694563200000,8,0.0
1694592000000,8,0.0
1694620800000,8,0.0
1694649600000,8,0.0
1694678400001,8,0.0
1694707200000,8,0.0
1694736000000,8,0.0
1694764800000,8,-5.152e-05
1694793600000,8,0.0
1694822400000,8,0.0
1694851200000,8,0.0
1694880000000,8,0.0
1694908800000,8,0.0
1694937600000,8,0.0
1694966400000,8,0.0
1694995200000,8,0.0
1695024000000,8,0.0
1695052800000,8,0.0
1695081600000,8,0.0
1695110400001,8,0.0
1695139200000,8,2.55e-05
1695168000000,8,0.0
1695196800000,8,0.0
1695225600000,8,0.0
1695254400001,8,0.0
1695283200000,8,0.0
1695312000000,8,0.0
1695340800000,8,0.0
1695369600000,8,0.0
1695398400000,8,0.0
1695427200000,8,0.0
1695456000000,8,0.0
1695484800000,8,0.0
1695513600000,8,0.0
1695542400000,8,0.0
1695571200000,8,0.0
1695600000000,8,0.0
1695628800000,8,0.0
1695657600000,8,0.0
1695686400000,8,0.0
1695715200000,8,4.495e-05
1695744000000,8,5.343e-05
1695772800000,8,2.201e-05
1695801600001,8,5.011e-05
1695830400000,8,0.0
1695859200000,8,7.853e-05
1695888000000,8,2.381e-05
1695916800000,8,0.0
1695945600000,8,5.45e-06
1695974400000,8,0.0
1696003200000,8,0.0
1696032000000,8,0.0
1696060800000,8,0.0
1696089600000,8,0.0
1696118400000,8,0.0
1696147200000,8,7.729e-05
1696176000000,8,9.797e-05
1696204800000,8,5.97e-05
1696233600000,8,2.968e-05
1696262400000,8,3.182e-05
1696291200000,8,0.0
1696320000000,8,0.0
1696348800000,8,0.0
1696377600000,8,0.0
1696406400000,8,0.0
1696435200000,8,0.0
1696464000000,8,0.0
1696492800000,8,5.114e-05
1696521600001,8,0.0
1696550400000,8,0.0
1696579200000,8,5.307e-05
1696608000000,8,0.0
1696636800000,8,0.0
1696665600000,8,5.017e-05
1696694400000,8,0.0
1696723200000,8,5.667e-05
1696752000001,8,0.00010022
1696780800000,8,0.0
1696809600000,8,0.0
1696838400000,8,0.0
1696867200000,8,0.0
1696896000000,8,0.0
1696924800000,8,0.0
1696953600000,8,0.0
1696982400000,8,0.0
1697011200000,8,0.0
1697040000000,8,0.0
1697068800000,8,0.0
1697097600000,8,0.0
1697126400000,8,0.0
1697155200000,8,0.0
1697184000000,8,0.0
1697212800000,8,0.0
1697241600000,8,0.0
1697270400000,8,0.0
1697299200000,8,0.0
1697328000000,8,0.0
1697356800000,8,0.0
1697385600000,8,0.0
1697414400000,8,0.0
1697443200000,8,0.0
1697472000000,8,1.842e-05
1697500800000,8,7.755e-05
1697529600000,8,0.00010058
1697558400000,8,0.0
1697587200000,8,0.0
1697616000000,8,0.0
1697644800000,8,0.0
1697673600000,8,0.0
1697702400001,8,0.0
1697731200000,8,0.0
1697760000000,8,6.957e-05
1697788800005,8,0.00011408
1697817600000,8,4.644e-05
1697846400000,8,0.0
1697875200000,8,4.906e-05
1697904000000,8,0.00013226
1697932800000,8,0.00014634
1697961600000,8,5.499e-05
1697990400000,8,0.00010372
1698019200000,8,0.00016356
1698048000001,8,0.00016456
1698076800001,8,0.0
1698105600000,8,0.00018908
1698134400000,8,0.00012343
1698163200000,8,8.84e-05
1698192000000,8,9.778e-05
1698220800000,8,7.814e-05
1698249600001,8,0.00028079
1698278400001,8,0.00016568
1698307200000,8,0.0003727
1698336000000,8,8.304e-05
1698364800000,8,8.69e-05
1698393600000,8,0.00020316
1698422400000,8,0.00016698
1698451200000,8,5.912e-05
1698480000001,8,5.005e-05
1698508800000,8,0.0
1698537600000,8,1.209e-05
1698566400000,8,2.392e-05
1698595200000,8,0.00011465
1698624000000,8,0.00011571
1698652800000,8,0.0
1698681600000,8,0.00021025
1698710400001,8,0.0001924
1698739200000,8,9.373e-05
1698768000000,8,6.436e-05
1698796800000,8,3.32e-05
1698825600000,8,9.291e-05
1698854400000,8,6.57e-06
1698883200001,8,0.00045291
1698912000000,8,0.0002308
1698940800000,8,0.00018876
1698969600000,8,0.00031866
1698998400000,8,0.00015085
1699027200000,8,0.0
1699056000000,8,0.00014468
1699084800000,8,0.00011035
1699113600000,8,0.00020234
1699142400000,8,3.718e-05
1699171200000,8,0.00011953
1699200000000,8,0.0
1699228800000,8,0.0001156
1699257600001,8,0.00012608
1699286400000,8,0.00028825
1699315200001,8,0.00036433
1699344000000,8,0.00012425
1699372800000,8,0.00018195
1699401600000,8,0.00024655
1699430400000,8,0.00032454
1699459200000,8,0.00015094
1699488000000,8,2.084e-05
1699516800000,8,0.00026824
1699545600000,8,0.0002366
1699574400000,8,0.0
1699603200000,8,0.00034888
1699632000000,8,1.874e-05
1699660800000,8,0.0002068
1699689600000,8,0.00028954
1699718400000,8,0.00030396
1699747200000,8,4.515e-05
1699776000000,8,0.0
1699804800001,8,0.00013559
1699833600000,8,0.0002285
1699862400000,8,0.00014417
1699891200000,8,0.00020254
1699920000000,8,8.527e-05
1699948800000,8,0.0002848
1699977600001,8,0.0001391
1700006400000,8,0.0001202
1700035200000,8,0.00010922
1700064000000,8,0.00020872
1700092800000,8,0.00021605
1700121600000,8,0.00034375
1700150400001,8,4.184e-05
1700179200000,8,0.00011211
1700208000001,8,0.0
1700236800001,8,0.0
1700265600000,8,9.828e-05
1700294400000,8,7.3e-07
1700323200000,8,0.00010103
1700352000000,8,4.12e-05
1700380800000,8,8.239e-05
1700409600000,8,0.0
1700438400000,8,0.0
1700467200000,8,0.00015667
1700496000000,8,0.00027553
1700524800000,8,0.00031647
1700553600000,8,0.00027205
1700582400000,8,0.00016938
1700611200000,8,0.0001286
1700640000000,8,0.00011204
1700668800000,8,0.0
1700697600000,8,2.091e-05
1700726400000,8,1.43e-05
1700755200001,8,0.00016511
1700784000000,8,0.0
1700812800000,8,0.00019691
1700841600000,8,2.427e-05
1700870400000,8,0.0
1700899200000,8,0.00025756
1700928000000,8,0.00014545
1700956800000,8,0.0001503
1700985600000,8,7.223e-05
1701014400000,8,0.0
1701043200000,8,0.0
1701072000001,8,0.00015847
1701100800000,8,0.00020207
1701129600000,8,0.00013513
1701158400000,8,0.0
1701187200000,8,0.00020157
1701216000001,8,0.00026042
1701244800000,8,6.64e-05
1701273600000,8,0.00013501
1701302400000,8,0.00018377
1701331200000,8,0.00017534
1701360000000,8,0.00026077
1701388800000,8,0.00025738
1701417600000,8,0.00010274
1701446400000,8,8.002e-05
1701475200000,8,0.00016693
1701504000000,8,0.00013631
1701532800000,8,0.00017616
1701561600000,8,0.00019017
1701590400000,8,0.00022044
1701619200000,8,0.00016106
1701648000000,8,0.00032083
1701676800000,8,0.00035922
1701705600000,8,5.577e-05
1701734400000,8,0.00018187
1701763200000,8,0.0
1701792000000,8,9.039e-05
1701820800000,8,0.00019828
1701849600000,8,0.00023706
1701878400000,8,0.00020088
1701907200000,8,0.00019185
1701936000000,8,0.00031347
1701964800000,8,0.00027723
1701993600000,8,0.00038437
1702022400000,8,0.00044477
1702051200000,8,0.00040557
1702080000000,8,0.00056478
1702108800000,8,0.00046081
1702137600000,8,0.00034844
1702166400000,8,0.00030973
1702195200000,8,0.00025556
1702224000000,8,0.00026895
1702252800000,8,0.00033978
1702281600000,8,9.472e-05
1702310400000,8,8.78e-05
1702339200000,8,0.0
1702368000000,8,0.0
1702396800000,8,0.0
1702425600000,8,-0.00052326
1702454400000,8,-0.00022655
1702483200001,8,-0.00050377
1702512000000,8,-0.00061075
1702540800000,8,-0.00017671
1702569600000,8,-0.00057153
1702598400000,8,0.0
1702627200000,8,-0.00012952
1702656000000,8,-0.0003711
1702684800000,8,-0.00062037
1702713600000,8,-0.00029789
1702742400001,8,-0.00017219
1702771200000,8,-0.00038977
1702800000000,8,0.0
1702828800000,8,0.0
1702857600000,8,0.0
1702886400001,8,0.00014795
1702915200000,8,0.00012657
1702944000000,8,8.11e-05
1702972800000,8,0.00013199
1703001600000,8,0.0
1703030400000,8,-0.00128946
1703059200000,8,-1.369e-05
1703088000000,8,-0.00036193
1703116800000,8,-0.00094659
1703145600000,8,-0.00059303
1703174400000,8,-0.0001517
1703203200000,8,-0.00052916
1703232000000,8,-0.00046821
1703260800000,8,-5.726e-05
1703289600000,8,-0.00016143
1703318400001,8,-0.00021826
1703347200000,8,-0.00101472
1703376000000,8,-0.0006357
1703404800000,8,-4.087e-05
1703433600000,8,-0.00011773
1703462400000,8,-0.0005857
1703491200000,8,-0.00016186
1703520000000,8,0.0
1703548800000,8,0.0
1703577600000,8,0.0
1703606400000,8,0.0
1703635200000,8,0.0
1703664000000,8,0.0
1703692800000,8,-0.00082735
1703721600000,8,-0.0010039
1703750400000,8,-0.00047746
1703779200000,8,-0.00114629
1703808000001,8,-0.00073016
1703836800000,8,-0.00043385
1703865600000,8,-0.00055142
1703894400001,8,-0.00047138
1703923200000,8,-0.00067585
1703952000000,8,-0.00064912
1703980800000,8,-0.0012624
1704009600001,8,-0.00099242
1704038400000,8,-0.00075371
1704067200000,8,-0.00115565
1704096000000,8,-0.00043985
1704124800000,8,-0.00021335
1704153600000,8,-4.388e-05
1704182400000,8,-1.968e-05
1704211200000,8,0.0
1704240000000,8,-0.00040129
1704268800000,8,0.0
1704297600000,8,-0.00038446
1704326400000,8,-0.00036362
1704355200000,8,-0.000126
1704384000000,8,-0.00019163
1704412800001,8,-0.00073744
1704441600000,8,-0.00058221
1704470400000,8,-0.00096824
1704499200000,8,-0.00118881
1704528000000,8,-0.00082243
1704556800000,8,-0.00088029
1704585600000,8,-0.0009864
1704614400001,8,-0.00098181
1704643200001,8,-0.00075307
1704672000000,8,-0.00087928
1704700800000,8,-0.00046829
1704729600000,8,-0.00044893
1704758400001,8,-8.596e-05
1704787200000,8,0.0
1704816000000,8,0.0
1704844800000,8,0.0
1704873600000,8,0.0
1704902400000,8,0.0
1704931200000,8,0.0
1704960000000,8,0.0
1704988800000,8,0.0
1705017600001,8,3.989e-05
1705046400000,8,3.803e-05
1705075200000,8,6.54e-06
1705104000000,8,0.0
1705132800000,8,0.0
1705161600001,8,8.384e-05
1705190400000,8,0.0
1705219200000,8,0.00012056
1705248000001,8,0.0
1705276800000,8,5.667e-05
1705305600000,8,0.00016931
1705334400000,8,0.0
1705363200000,8,-0.00033116
1705392000000,8,-0.00050321
1705420800001,8,-0.0003672
1705449600000,8,-0.00049143
1705478400000,8,-2.361e-05
1705507200000,8,-0.000561
1705536000001,8,-0.00048308
1705564800000,8,0.0
1705593600000,8,-0.00051549
1705622400000,8,-0.00045823
1705651200000,8,-0.00055553
1705680000002,8,-0.00041823
1705708800000,8,-0.00040077
1705737600003,8,-0.00028879
1705766400000,8,-0.00045503
1705795200000,8,-0.00022406
1705824000000,8,-0.00023041
1705852800000,8,-0.00038554
1705881600000,8,-0.00018874
1705910400000,8,-0.00052527
1705939200000,8,-0.00063548
1705968000000,8,-0.0003538
1705996800000,8,-0.00048935
1706025600000,8,-6.59e-05
1706054400000,8,-0.00036932
1706083200000,8,0.0
1706112000000,8,-9.307e-05
1706140800000,8,0.0
1706169600001,8,0.0
1706198400000,8,0.0
1706227200001,8,0.0
1706256000000,8,0.0
1706284800000,8,0.0
1706313600000,8,0.0
1706342400000,8,0.0
1706371200000,8,0.0
1706400000000,8,0.0
1706428800000,8,0.0
1706457600000,8,0.0
1706486400000,8,0.0
1706515200001,8,0.0
1706544000000,8,0.0
1706572800000,8,0.0
1706601600000,8,0.0
1706630400001,8,0.0
1706659200000,8,0.0
1706688000000,8,0.0
1706716800000,8,0.0
1706745600000,8,0.0
1706774400000,8,0.0
1706803200002,8,0.0
1706832000000,8,0.0
1706860800000,8,0.0
1706889600000,8,0.0
1706918400000,8,0.0
1706947200000,8,0.0
1706976000001,8,0.0
1707004800000,8,0.0
1707033600004,8,0.0
1707062400000,8,0.0
1707091200000,8,0.0
1707120000000,8,0.0
1707148800000,8,-5.372e-05
1707177600000,8,0.0
1707206400001,8,0.0
1707235200000,8,0.0
1707264000000,8,0.0
1707292800000,8,0.0
1707321600000,8,0.0
1707350400000,8,0.0
1707379200000,8,-0.00032307
1707408000000,8,-0.00078676
1707436800000,8,-0.00127869
1707465600000,8,-0.00061724
1707494400001,8,-0.00053458
1707523200001,8,-0.00052153
1707552000000,8,-0.00071137
1707580800000,8,-0.00063224
1707609600000,8,-0.00061914
1707638400001,8,-0.0005555
1707667200000,8,-0.00056837
1707696000000,8,-0.00066055
1707724800000,8,-0.00057236
1707753600000,8,-0.00035404
1707782400000,8,-0.00126582
1707811200000,8,-8.124e-05
1707840000000,8,-0.00053432
1707868800000,8,-0.00058355
1707897600000,8,-0.00040106
1707926400000,8,-1.939e-05
1707955200000,8,-0.00028452
1707984000000,8,-0.00010744
1708012800000,8,0.0
1708041600000,8,0.0
1708070400000,8,0.0
1708099200000,8,-0.00011609
1708128000000,8,0.0
1708156800000,8,-0.00010731
1708185600000,8,0.0
1708214400000,8,-0.00015626
1708243200000,8,-0.00023614
1708272000000,8,-7.972e-05
1708300800000,8,0.0
1708329600000,8,0.00035989
1708358400000,8,0.00019102
1708387200000,8,0.00034939
1708416000000,8,0.00035868
1708444800000,8,7.065e-05
1708473600000,8,2.817e-05
1708502400000,8,0.0001159
1708531200000,8,-0.00048781
1708560000001,8,-0.00052198
1708588800001,8,-0.00107399
1708617600000,8,-0.00089242
1708646400000,8,-0.00034341
1708675200000,8,-0.00084438
1708704000000,8,-0.00045563
1708732800000,8,-0.00071438
1708761600001,8,-0.00055304
1708790400000,8,-0.00081788
1708819200001,8,-0.00096796
1708848000000,8,-0.00076198
1708876800000,8,-0.00028782
1708905600000,8,-0.00017368
1708934400000,8,-0.00031171
1708963200000,8,-1.649e-05
1708992000000,8,0.0
1709020800000,8,-0.00022191
1709049600000,8,-0.00042917
1709078400000,8,-0.00062227
1709107200000,8,-0.00064429
1709136000000,8,0.0
1709164800000,8,0.0
1709193600000,8,0.00059364
1709222400000,8,0.00062688
1709251200000,8,0.0002258
1709280000000,8,0.00056193
1709308800000,8,0.00029595
1709337600000,8,0.00045091
1709366400001,8,0.00060239
1709395200000,8,0.00060028
1709424000000,8,0.00062465
1709452800000,8,0.00056194
1709481600000,8,0.00059759
1709510400000,8,0.00052271
1709539200000,8,0.00066328
1709568000000,8,0.00048318
1709596800000,8,0.00045848
1709625600000,8,0.00100171
1709654400000,8,0.00068298
1709683200000,8,0.0
1709712000001,8,0.00021672
1709740800000,8,3.112e-05
1709769600000,8,0.0
1709798400000,8,0.00017842
1709827200000,8,1.547e-05
1709856000000,8,0.0
1709884800000,8,0.0
1709913600000,8,-1.113e-05
1709942400000,8,-0.00012383
1709971200001,8,-0.00019497
1710000000000,8,-0.00023847
1710028800000,8,-6.201e-05
1710057600000,8,0.0
1710086400000,8,0.00036256
1710115200000,8,0.0
1710144000000,8,2.344e-05
1710172800000,8,7.373e-05
1710201600000,8,0.00019661
1710230400000,8,0.0005555
1710259200000,8,6.989e-05
1710288000000,8,0.00034905
1710316800001,8,0.00064319
1710345600000,8,0.0006775
1710374400001,8,0.00035646
1710403200000,8,0.00044008
1710432000000,8,0.0006029
1710460800000,8,0.00011662
1710489600000,8,0.00012984
1710518400000,8,0.0
1710547200000,8,0.00013785
1710576000000,8,0.00024537
1710604800000,8,0.00016812
1710633600000,8,9.557e-05
1710662400000,8,0.0
1710691200000,8,0.0
1710720000000,8,0.0
1710748800000,8,0.00015708
1710777600001,8,0.0
1710806400000,8,0.00010433
1710835200000,8,0.00019074
1710864000001,8,0.00023778
1710892800000,8,0.00021487
1710921600004,8,0.00022256
1710950400000,8,9.585e-05
1710979200000,8,2.546e-05
1711008000000,8,0.00013122
1711036800000,8,0.0
1711065600000,8,0.00017388
1711094400000,8,6.837e-05
1711123200000,8,0.00014159
1711152000000,8,0.00014453
1711180800000,8,0.00016838
1711209600000,8,0.0
1711238400000,8,0.0
1711267200000,8,0.00021139
1711296000000,8,0.00020733
1711324800000,8,0.00021885
1711353600001,8,0.00024982
1711382400000,8,0.00025865
1711411200000,8,0.00029097
1711440000000,8,0.00037308
1711468800000,8,0.00039806
1711497600000,8,0.00031573
1711526400001,8,0.00036491
1711555200000,8,0.00033014
1711584000000,8,0.00042862
1711612800000,8,0.00051984
1711641600000,8,0.00039289
1711670400000,8,0.00036592
1711699200000,8,0.000413
1711728000000,8,0.0002539
1711756800000,8,0.0
1711785600000,8,-7.709e-05
1711814400000,8,-0.00037404
1711843200000,8,-5.921e-05
1711872000000,8,-0.0003908
1711900800001,8,0.0
1711929600000,8,0.0
1711958400000,8,0.0
1711987200000,8,-0.00013645
1712016000007,8,0.0
1712044800015,8,0.00025814
1712073600000,8,0.00030588
1712102400000,8,0.00025462
1712131200000,8,0.00012544
1712160000000,8,0.00020227
1712188800000,8,0.00020277
1712217600000,8,0.0
1712246400000,8,0.0
1712275200000,8,-0.00042037
1712304000000,8,-0.00021433
1712332800000,8,-0.00038341
1712361600000,8,-0.00062922
1712390400000,8,-0.00027748
1712419200000,8,-0.00025256
1712448000000,8,-0.00033926
1712476800000,8,-0.00059616
1712505600000,8,-0.00049569
1712534400001,8,-0.00019057
1712563200000,8,-0.00038431
1712592000006,8,0.0
1712620800000,8,0.00015382
1712649600001,8,0.00016132
1712678400001,8,0.0
1712707200000,8,0.00024813
1712736000001,8,0.00019449
1712764800000,8,0.0001725
1712793600000,8,0.00037974
1712822400000,8,8.875e-05
1712851200000,8,0.0002061
1712880000000,8,0.00021027
1712908800001,8,1.66e-06
1712937600000,8,-0.00022562
1712966400000,8,-0.00042828
1712995200000,8,-0.00086248
1713024000001,8,-0.00056549
1713052800000,8,-0.00088593
1713081600000,8,-0.00045375
1713110400000,8,-0.00042313
1713139200000,8,-0.00044113
1713168000001,8,-0.00040679
1713196800000,8,-0.00046815
1713225600001,8,-0.0009491
1713254400000,8,-0.0007775
1713283200000,8,-0.000567
1713312000000,8,-0.00023045
1713340800000,8,0.0
1713369600000,8,0.0
1713398400000,8,0.0
1713427200000,8,0.0
1713456000000,8,-0.00034552
1713484800001,8,0.0
1713513600000,8,-0.00017776
1713542400000,8,0.0
1713571200000,8,0.0
1713600000000,8,0.0
1713628800000,8,0.0
1713657600000,8,-7.72e-06
1713686400000,8,-5.246e-05
1713715200000,8,-0.0001
1713744000000,8,0.0
1713772800000,8,0.0
1713801600000,8,0.0
1713830400000,8,0.0
1713859200000,8,0.0
1713888000001,8,-0.00026818
1713916800000,8,-0.00033543
1713945600000,8,-0.00041956
1713974400000,8,-0.00040741
1714003200000,8,-1.528e-05
1714032000000,8,-0.00011575
1714060800010,8,-0.00050741
1714089600001,8,-0.00057117
1714118400000,8,-0.00065053
1714147200000,8,-0.0004789
1714176000000,8,-0.00045974
1714204800001,8,-0.00063467
1714233600000,8,-0.00021197
1714262400000,8,-0.00061995
1714291200000,8,-0.00078809
1714320000000,8,-0.00079187
1714348800000,8,-0.00084938
1714377600000,8,-0.00087166
1714406400000,8,-0.00065653
1714435200000,8,-0.00042184
1714464000000,8,-0.00015559
1714492800000,8,-0.00070745
1714521600000,8,-0.00022922
1714550400000,8,-0.00017534
1714579200000,8,-0.00017136
1714608000000,8,-0.00025289
1714636800000,8,-1.565e-05
1714665600002,8,-0.0002526
1714694400000,8,-0.00012686
1714723200000,8,-1.017e-05
1714752000000,8,-0.00032785
1714780800000,8,-0.000114
1714809600000,8,-0.00015609
1714838400000,8,-0.0002685
1714867200000,8,-0.00071748
1714896000000,8,-0.00031949
1714924800000,8,-0.0004005
1714953600000,8,-8.052e-05
1714982400000,8,-9.37e-05
1715011200000,8,-0.00026489
1715040000000,8,0.0
1715068800000,8,-8.607e-05
1715097600000,8,0.0
1715126400000,8,0.0
1715155200000,8,0.0
1715184000000,8,0.0
1715212800000,8,0.0
1715241600000,8,0.0
1715270400000,8,0.0
1715299200000,8,-1.814e-05
1715328000000,8,-0.00013856
1715356800000,8,-0.00023606
1715385600000,8,-7.794e-05
1715414400000,8,0.0
1715443200000,8,0.0
1715472000000,8,0.0
1715500800000,8,0.0
1715529600000,8,-2.601e-05
1715558400001,8,-0.00017911
1715587200001,8,-8.47e-05
1715616000000,8,-0.00033836
1715644800000,8,-1.301e-05
1715673600000,8,-0.00036204
1715702400000,8,-0.00129616
1715731200000,8,-0.00101022
1715760000000,8,-0.00069557
1715788800000,8,-0.00114578
1715817600004,8,-0.00065658
1715846400000,8,0.0
1715875200000,8,-0.00017077
1715904000000,8,-0.00053276
1715932800000,8,-0.00017804
1715961600000,8,0.0
1715990400000,8,0.0
1716019200000,8,0.0
1716048000000,8,0.0
1716076800000,8,0.0
1716105600000,8,0.0
1716134400000,8,0.0
1716163200000,8,0.0
1716192000000,8,-6.392e-05
1716220800003,8,-8.546e-05
1716249600000,8,0.0
1716278400001,8,0.00019002
1716307200000,8,9.749e-05
1716336000000,8,0.00016951
1716364800000,8,0.00015829
1716393600000,8,0.0001546
1716422400000,8,0.00010082
1716451200000,8,0.00014596
1716480000000,8,0.0
1716508800000,8,0.0
1716537600000,8,4.49e-06
1716566400000,8,0.0
1716595200000,8,0.0
1716624000000,8,0.0
1716652800000,8,0.0
1716681600000,8,0.0
1716710400000,8,8.753e-05
1716739200000,8,0.0
1716768000000,8,7.614e-05
1716796800000,8,0.0001094
1716825600000,8,0.00019809
1716854400000,8,0.00017805
1716883200000,8,0.0
1716912000000,8,0.0
1716940800001,8,7.405e-05
1716969600000,8,5.977e-05
1716998400000,8,8.769e-05
1717027200000,8,0.0
1717056000000,8,0.0
1717084800000,8,0.0
1717113600000,8,2.222e-05
1717142400000,8,0.0
1717171200000,8,7.882e-05
1717200000000,8,0.00019589
1717228800000,8,0.00023411
1717257600001,8,0.00013223
1717286400000,8,0.00036939
1717315200000,8,0.00022554
1717344000000,8,0.00011225
1717372800000,8,0.0002004
1717401600000,8,0.00028495
1717430400000,8,0.00013785
1717459200000,8,0.00012196
1717488000000,8,0.00013176
1717516800000,8,0.00019423
1717545600000,8,0.00015839
1717574400000,8,0.00016022
1717603200000,8,0.00020097
1717632000000,8,0.00020144
1717660800008,8,0.00017035
1717689600000,8,8.066e-05
1717718400000,8,4.266e-05
1717747200000,8,0.0
1717776000000,8,0.0
1717804800000,8,0.0
1717833600000,8,0.0
1717862400000,8,0.0
1717891200000,8,0.0
1717920000000,8,0.0
1717948800001,8,0.0
1717977600000,8,0.0
1718006400000,8,0.0
1718035200001,8,0.0
1718064000001,8,0.0
1718092800000,8,0.0
1718121600000,8,0.0
1718150400000,8,0.0
1718179200000,8,0.0
1718208000000,8,-8.99e-06
1718236800000,8,0.0
1718265600001,8,0.0
1718294400000,8,0.0
1718323200000,8,0.0
1718352000000,8,0.0
1718380800000,8,0.0
1718409600000,8,0.0
1718438400000,8,0.0
1718467200000,8,0.0
1718496000001,8,0.0
1718524800000,8,0.0
1718553600000,8,0.0
1718582400000,8,0.0
1718611200000,8,0.0
1718640000000,8,0.0
1718668800000,8,0.0
1718697600000,8,0.0
1718726400000,8,0.0
1718755200001,8,0.0
1718784000001,8,0.0
1718812800000,8,0.0
1718841600000,8,0.0
1718870400000,8,0.0
1718899200000,8,0.0
1718928000000,8,0.0
1718956800000,8,0.0
1718985600000,8,0.0
1719014400000,8,0.0
1719043200000,8,0.0
1719072000000,8,0.0
1719100800000,8,0.0
1719129600000,8,0.0
1719158400000,8,0.0
1719187200002,8,0.0
1719216000000,8,0.0
1719244800000,8,0.0
1719273600000,8,0.0
1719302400000,8,0.0
1719331200000,8,0.0
1719360000002,8,0.0
1719388800000,8,0.0
1719417600000,8,0.0
1719446400000,8,0.0
1719475200001,8,0.0
1719504000000,8,0.0
1719532800000,8,0.0
1719561600000,8,0.0
1719590400000,8,0.0
1719619200001,8,0.0
1719648000000,8,0.0
1719676800000,8,0.0
1719705600000,8,0.0
1719734400000,8,0.0
1719763200000,8,0.0
1719792000000,8,0.0
1719820800000,8,1.551e-05
1719849600001,8,0.0
1719878400000,8,0.0
1719907200000,8,3.136e-05
1719936000000,8,3.97e-06
1719964800000,8,0.00012485
1719993600001,8,1.476e-05
1720022400000,8,0.0
1720051200000,8,0.0
1720080000000,8,0.0
1720108800000,8,0.0
1720137600000,8,0.0
1720166400000,8,0.0
1720195200000,8,0.0
1720224000000,8,0.0
1720252800000,8,0.0
1720281600000,8,0.0
1720310400001,8,0.0
1720339200000,8,0.0
1720368000000,8,0.0
1720396800000,8,0.0
1720425600000,8,0.0
1720454400000,8,0.0
1720483200000,8,0.0
1720512000001,8,0.0
1720540800000,8,0.0
1720569600000,8,0.0
1720598400000,8,0.0
1720627200000,8,0.0
1720656000002,8,0.0
1720684800002,8,0.0
1720713600004,8,0.0
1720742400000,8,0.0
1720771200000,8,0.0
1720800000000,8,0.0
1720828800000,8,0.0
1720857600000,8,0.0
1720886400000,8,0.0
1720915200000,8,0.0
1720944000000,8,0.0
1720972800000,8,0.0
1721001600000,8,0.0
1721030400000,8,0.0
1721059200000,8,0.0
1721088000000,8,0.0
1721116800000,8,0.0
1721145600000,8,0.0
1721174400000,8,0.0
1721203200001,8,0.0
1721232000000,8,0.0
1721260800000,8,0.0
1721289600000,8,0.0
1721318400000,8,0.0
1721347200000,8,0.0
1721376000000,8,0.0
1721404800000,8,0.0
1721433600001,8,0.0
1721462400000,8,0.0
1721491200000,8,0.0
1721520000000,8,0.0
1721548800000,8,0.0
1721577600000,8,0.0
1721606400000,8,0.0
1721635200000,8,0.0
1721664000000,8,0.0
1721692800000,8,0.0
1721721600000,8,0.0
1721750400000,8,0.0
1721779200000,8,0.0
1721808000000,8,0.0
1721836800000,8,0.0
1721865600000,8,0.0
1721894400000,8,0.0
1721923200000,8,0.0
1721952000000,8,0.0
1721980800000,8,0.0
1722009600000,8,0.0
1722038400000,8,0.0
1722067200000,8,0.0
1722096000000,8,0.0
1722124800000,8,0.0
1722153600000,8,0.0
1722182400001,8,0.0
1722211200001,8,0.0
1722240000000,8,1.232e-05
1722268800001,8,5.116e-05
1722297600000,8,0.0
1722326400001,8,0.0
1722355200000,8,0.0
1722384000000,8,0.0
1722412800000,8,2.973e-05
1722441600000,8,6.57e-06
1722470400000,8,2.4e-07
1722499200000,8,0.0
1722528000000,8,1.797e-05
1722556800000,8,0.0
1722585600001,8,1.397e-05
1722614400000,8,0.0
1722643200000,8,0.0
1722672000000,8,0.0
1722700800001,8,0.0
1722729600000,8,0.0
1722758400000,8,0.0
1722787200000,8,0.0
1722816000000,8,0.0
1722844800000,8,0.0
1722873600000,8,0.0
1722902400000,8,0.0
1722931200000,8,-0.00010267
1722960000000,8,0.0
1722988800000,8,0.0
1723017600001,8,0.0
1723046400000,8,0.0
1723075200001,8,0.0
1723104000000,8,0.0
1723132800000,8,0.0
1723161600000,8,0.0
1723190400000,8,0.0
1723219200000,8,0.0
1723248000000,8,0.0
1723276800000,8,0.0
1723305600000,8,0.0
1723334400000,8,0.0
1723363200000,8,0.0
1723392000001,8,0.0
1723420800000,8,0.0
1723449600000,8,0.0
1723478400000,8,0.0
1723507200000,8,0.0
1723536000000,8,0.0
1723564800000,8,0.0
1723593600000,8,0.0
1723622400000,8,0.0
1723651200000,8,0.0
1723680000000,8,0.0
1723708800000,8,0.0
1723737600000,8,0.0
1723766400000,8,0.0
1723795200000,8,0.0
1723824000000,8,-6.462e-05
1723852800000,8,-1.124e-05
1723881600000,8,0.0
1723910400000,8,0.0
1723939200000,8,0.0
1723968000000,8,0.0
1723996800000,8,0.0
1724025600000,8,0.0
1724054400000,8,0.0
1724083200002,8,0.0
1724112000000,8,0.0
1724140800000,8,0.0
1724169600001,8,0.0
1724198400001,8,0.0
1724227200000,8,0.0
1724256000001,8,0.0
1724284800000,8,-8.055e-05
1724313600000,8,0.0
1724342400008,8,0.0
1724371200000,8,-0.00020609
1724400000000,8,-0.00016127
1724428800000,8,-0.00025172
1724457600000,8,-0.00033776
1724486400005,8,0.0
1724515200000,8,-0.00025018
1724544000000,8,-0.00017985
1724572800000,8,-0.00018285
1724601600000,8,0.0
1724630400000,8,-6.6e-07
1724659200001,8,0.0
1724688000000,8,0.0
1724716800001,8,0.0
1724745600000,8,0.0
1724774400000,8,0.0
1724803200000,8,0.0
1724832000000,8,0.0
1724860800001,8,0.0
1724889600000,8,0.0
1724918400001,8,0.0
1724947200000,8,0.0
1724976000000,8,0.0
1725004800000,8,0.0
1725033600000,8,0.0
1725062400000,8,0.0
1725091200000,8,0.0
1725120000000,8,0.0
1725148800000,8,0.0
1725177600001,8,0.0
1725206400000,8,-5.365e-05
1725235200001,8,0.0
1725264000001,8,0.0
1725292800000,8,0.0
1725321600000,8,0.0
1725350400001,8,0.0
1725379200000,8,0.0
1725408000000,8,0.0
1725436800000,8,0.0
1725465600000,8,0.0
1725494400000,8,0.0
1725523200000,8,0.0
1725552000005,8,0.0
1725580800000,8,0.0
1725609600001,8,0.0
1725638400000,8,0.0
1725667200000,8,0.0
1725696000000,8,0.0
1725724800000,8,0.0
1725753600000,8,0.0
1725782400000,8,0.0
1725811200000,8,0.0
1725840000000,8,0.0
1725868800000,8,0.0
1725897600001,8,0.0
1725926400000,8,3.94e-06
1725955200000,8,0.0
1725984000000,8,0.0
1726012800000,8,0.0
1726041600000,8,0.0
1726070400000,8,0.0
1726099200000,8,0.0
1726128000000,8,0.0
1726156800000,8,0.0
1726185600000,8,0.0
1726214400001,8,0.0
1726243200001,8,0.0
1726272000000,8,0.0
1726300800000,8,0.0
1726329600001,8,0.0
1726358400000,8,0.0
1726387200000,8,0.0
1726416000000,8,0.0
1726444800000,8,0.0
1726473600001,8,-0.00014697
1726502400000,8,-3.343e-05
1726531200001,8,-0.00015539
1726560000000,8,-9.55e-06
1726588800000,8,-0.00012454
1726617600000,8,-0.00011651
1726646400000,8,-0.00012655
1726675200004,8,-3.002e-05
1726704000000,8,-2.078e-05
1726732800000,8,0.0
1726761600001,8,-0.00035746
1726790400000,8,-7.39e-05
1726819200001,8,0.0
1726848000000,8,0.0
1726876800001,8,0.0
1726905600000,8,0.0
1726934400000,8,0.0
1726963200000,8,0.0
1726992000000,8,0.0
1727020800000,8,0.0
1727049600000,8,0.0
1727078400000,8,0.0
1727107200000,8,0.0
1727136000000,8,6.712e-05
1727164800000,8,0.0
1727193600001,8,0.0
1727222400000,8,0.0
1727251200003,8,0.0
1727280000000,8,0.0
1727308800005,8,0.0
1727337600000,8,0.0
1727366400000,8,0.0
1727395200000,8,0.0
1727424000000,8,0.0
1727452800000,8,0.0
1727481600000,8,0.0
1727510400001,8,5.223e-05
1727539200000,8,0.0
1727568000001,8,0.0
1727596800000,8,0.0
1727625600000,8,0.0
1727654400000,8,0.0
1727683200001,8,0.0
1727712000000,8,0.0
1727740800000,8,0.0
1727769600000,8,0.0
1727798400001,8,0.0
1727827200000,8,-2.629e-05
1727856000000,8,0.0
1727884800000,8,0.0
1727913600000,8,0.0
1727942400000,8,0.0
1727971200000,8,-0.00013994
1728000000000,8,0.0
1728028800000,8,0.0
1728057600001,8,0.0
1728086400000,8,0.0
1728115200000,8,0.0
1728144000000,8,0.0
1728172800000,8,0.0
1728201600001,8,0.0
1728230400000,8,0.0
1728259200000,8,0.0
1728288000000,8,0.0
1728316800001,8,0.0
1728345600000,8,0.0
1728374400000,8,0.0
1728403200000,8,0.0
1728432000000,8,-0.00037285
1728460800000,8,-0.00055575
1728489600000,8,-0.00031397
1728518400000,8,-7.384e-05
1728547200000,8,-9.86e-05
1728576000000,8,-0.0001291
1728604800000,8,-0.00015143
1728633600000,8,0.0
1728662400001,8,0.0
1728691200000,8,0.0
1728720000001,8,0.0
1728748800000,8,0.0
1728777600000,8,0.0
1728806400000,8,0.0
1728835200000,8,0.0
1728864000000,8,0.0
1728892800000,8,0.0
1728921600000,8,0.0
1728950400000,8,0.0
1728979200000,8,6.46e-05
1729008000000,8,1.914e-05
1729036800000,8,6.645e-05
1729065600001,8,3.157e-05
1729094400000,8,0.0
1729123200000,8,0.0
1729152000000,8,0.0
1729180800001,8,0.0
1729209600010,8,0.0
1729238400001,8,0.0
1729267200000,8,0.0
1729296000000,8,0.0
1729324800000,8,0.0
1729353600000,8,0.0
1729382400000,8,0.0
1729411200000,8,0.0
1729440000000,8,0.0
1729468800000,8,0.0
1729497600000,8,0.00016124
1729526400000,8,0.0
1729555200000,8,0.0
1729584000000,8,0.0
1729612800000,8,0.0
1729641600000,8,0.0
1729670400000,8,0.0
1729699200000,8,0.0
1729728000000,8,0.0
1729756800000,8,0.0
1729785600000,8,0.0
1729814400000,8,0.0
1729843200000,8,0.0
1729872000000,8,0.0
1729900800000,8,0.0
1729929600001,8,0.0
1729958400000,8,0.0
1729987200000,8,0.0
1730016000000,8,0.0
1730044800000,8,0.0
1730073600000,8,0.0
1730102400001,8,0.0
1730131200000,8,0.0
1730160000000,8,0.0
1730188800000,8,4.545e-05
1730217600004,8,0.0
1730246400000,8,0.0002239
1730275200000,8,0.00014298
1730304000013,8,0.0
1730332800000,8,7.648e-05
1730361600000,8,3.528e-05
1730390400000,8,0.0
1730419200000,8,0.0
1730448000000,8,0.0
1730476800000,8,0.0
1730505600000,8,0.0
1730534400000,8,0.0
1730563200000,8,0.0
1730592000000,8,0.0
1730620800000,8,0.0
1730649600000,8,0.0
1730678400000,8,0.0
1730707200000,8,0.0
1730736000000,8,0.0
1730764800000,8,0.0
1730793600003,8,0.0
1730822400001,8,0.0
1730851200000,8,0.0
1730880000000,8,2.834e-05
1730908800000,8,7.705e-05
1730937600000,8,4.19e-05
1730966400000,8,0.00027164
1730995200000,8,9.543e-05
1731024000000,8,0.00013806
1731052800000,8,0.00012525
1731081600000,8,0.00012741
1731110400000,8,0.00014585
1731139200000,8,0.00018785
1731168000000,8,0.00015914
1731196800000,8,9.947e-05
1731225600000,8,0.00029165
1731254400000,8,0.00039432
1731283200001,8,0.00025293
1731312000000,8,0.00019878
1731340800000,8,0.00021978
1731369600002,8,0.0004155
1731398400000,8,0.00042666
1731427200000,8,0.00029213
1731456000000,8,0.00015032
1731484800010,8,9.601e-05
1731513600000,8,0.0001672
1731542400001,8,0.00010701
1731571200000,8,0.00015621
1731600000000,8,0.0
1731628800000,8,2.259e-05
1731657600000,8,0.0
1731686400000,8,0.0
1731715200001,8,0.0
1731744000001,8,0.00014634
1731772800000,8,0.00011027
1731801600000,8,0.00010792
1731830400000,8,0.0
1731859200001,8,6.84e-06
1731888000000,8,0.0
1731916800000,8,7.4e-06
1731945600000,8,0.0
1731974400000,8,0.00010006
1732003200000,8,0.00020322
1732032000000,8,0.00021252
1732060800003,8,0.00017739
1732089600000,8,0.00015552
1732118400000,8,0.00013045
1732147200001,8,7.61e-05
1732176000000,8,0.0001129
1732204800001,8,0.00018601
1732233600000,8,0.00026039
1732262400000,8,0.00022074
1732291200001,8,0.00025697
1732320000000,8,0.00025849
1732348800000,8,0.00031409
1732377600000,8,0.00026825
1732406400001,8,0.00027182
1732435200000,8,0.00023194
1732464000000,8,0.00027586
1732492800000,8,0.00016463
1732521600000,8,0.00023382
1732550400000,8,0.00017218
1732579200000,8,0.00019876
1732608000000,8,0.00021015
1732636800000,8,0.00013059
1732665600000,8,0.00014198
1732694400000,8,0.0001679
1732723200001,8,0.00018095
1732752000000,8,0.00025048
1732780800000,8,0.00029079
1732809600000,8,0.00016874
1732838400000,8,0.00025917
1732867200000,8,0.00017784
1732896000000,8,0.00023522
1732924800000,8,0.00025161
1732953600000,8,0.00028198
1732982400000,8,0.00017695
1733011200000,8,0.00020315
1733040000000,8,0.00023081
1733068800000,8,0.00025892
1733097600001,8,0.00034152
1733126400001,8,0.00025785
1733155200000,8,0.00031152
1733184000000,8,0.00036686
1733212800000,8,0.00043533
1733241600000,8,0.0002647
1733270400000,8,0.00027322
1733299200000,8,0.00025819
1733328000000,8,0.00030723
1733356800001,8,0.00042947
1733385600000,8,0.00038805
1733414400000,8,0.00034913
1733443200000,8,0.00028199
1733472000000,8,0.00024535
1733500800000,8,0.00018233
1733529600000,8,0.00033562
1733558400000,8,0.00024332
1733587200000,8,0.00029675
1733616000000,8,0.00019104
1733644800000,8,0.00025929
1733673600000,8,0.00012175
1733702400000,8,0.0002588
1733731200000,8,0.00017589
1733760000001,8,0.00021516
1733788800007,8,0.0
1733817600000,8,9.225e-05
1733846400000,8,5.529e-05
1733875200000,8,7.477e-05
1733904000000,8,6.03e-05
1733932800001,8,7.029e-05
1733961600001,8,8.003e-05
1733990400000,8,3.327e-05
1734019200001,8,1.34e-05
1734048000000,8,8.474e-05
1734076800000,8,0.00010016
1734105600001,8,0.0
1734134400000,8,0.0
1734163200000,8,0.0
1734192000000,8,0.0
1734220800000,8,0.0
1734249600000,8,0.0
1734278400000,8,0.0
1734307200000,8,0.0
1734336000001,8,0.0001529
1734364800000,8,0.00010698
1734393600000,8,0.00013724
1734422400000,8,6.707e-05
1734451200000,8,7.89e-05
1734480000000,8,2.2e-05
1734508800000,8,0.0
1734537600000,8,1.563e-05
1734566400000,8,0.0
1734595200000,8,0.0
1734624000000,8,0.0
1734652800000,8,0.0
1734681600001,8,0.0
1734710400014,8,-1.1e-05
1734739200000,8,0.0
1734768000000,8,0.0
1734796800001,8,0.0
1734825600000,8,0.0
1734854400000,8,0.0
1734883200000,8,0.0
1734912000000,8,0.0
1734940800000,8,0.0
1734969600001,8,-0.00011832
1734998400000,8,-0.00024217
1735027200000,8,-0.00012634
1735056000001,8,0.0
1735084800001,8,-8.695e-05
1735113600000,8,0.0
1735142400000,8,0.0
1735171200000,8,-8.85e-06
1735200000000,8,0.0
1735228800000,8,-0.00031562
1735257600000,8,-0.00016697
1735286400000,8,-0.00011848
1735315200000,8,0.0
1735344000001,8,0.0
1735372800000,8,0.0
1735401600000,8,0.0
1735430400000,8,0.0
1735459200000,8,0.0
1735488000000,8,0.0
1735516800000,8,0.0
1735545600001,8,-7.761e-05
1735574400000,8,0.0
1735603200000,8,0.0
1735632000000,8,-1.412e-05
1735660800000,8,-3.674e-05
1735689600015,8,0.0
1735718400000,8,0.0
1735747200001,8,0.0
1735776000000,8,-0.0001709
1735804800006,8,0.0
1735833600000,8,0.0
1735862400000,8,0.0
1735891200000,8,0.0
1735920000000,8,0.0
1735948800000,8,0.0
1735977600000,8,0.0
1736006400000,8,0.0
1736035200000,8,0.0
1736064000000,8,0.0
1736092800000,8,0.0
1736121600000,8,0.0
1736150400001,8,0.0
1736179200000,8,0.0
1736208000000,8,9.183e-05
1736236800000,8,0.0
1736265600008,8,-7.515e-05
1736294400001,8,-0.00097361
1736323200000,8,-0.00038843
1736352000000,8,-5.393e-05
1736380800000,8,-0.00020205
1736409600000,8,-2.644e-05
1736438400000,8,-6.041e-05
1736467200000,8,-0.00046329
1736496000000,8,-0.00028026
1736524800000,8,0.0
1736553600000,8,0.0
1736582400000,8,0.0
1736611200000,8,0.0
1736640000000,8,0.0
1736668800000,8,0.0
1736697600000,8,-5.64e-05
1736726400000,8,0.0
1736755200000,8,-0.00038994
1736784000000,8,-0.00056181
1736812800000,8,0.0
1736841600000,8,0.0
1736870400000,8,0.0
1736899200000,8,0.0
1736928000000,8,0.0
1736956800000,8,0.0
1736985600000,8,0.0
1737014400000,8,0.0
1737043200000,8,0.0
1737072000004,8,0.0
1737100800000,8,3.588e-05
1737129600008,8,0.0
1737158400000,8,0.0
1737187200007,8,0.0
1737216000000,8,0.0
1737244800000,8,0.0
1737273600000,8,0.00014009
1737302400000,8,7.785e-05
1737331200000,8,3.183e-05
1737360000009,8,0.00012056
1737388800000,8,0.00010734
1737417600000,8,8.84e-06
1737446400000,8,5.365e-05
1737475200000,8,9.555e-05
1737504000000,8,0.00011414
1737532800000,8,0.0
1737561600000,8,0.0
1737590400001,8,7.186e-05
1737619200000,8,3.16e-06
1737648000000,8,0.0
1737676800000,8,0.0
1737705600000,8,8.366e-05
1737734400000,8,0.0
1737763200000,8,0.0
1737792000000,8,0.0
1737820800001,8,8.692e-05
1737849600000,8,7.393e-05
1737878400000,8,0.0
1737907200000,8,0.0
1737936000000,8,0.0
1737964800000,8,-0.00011806
1737993600000,8,0.0
1738022400000,8,0.0
1738051200000,8,0.0
1738080000000,8,0.0
1738108800000,8,0.0
1738137600000,8,0.0
1738166400000,8,0.0
1738195200000,8,0.0
1738224000000,8,0.0
1738252800000,8,0.0
1738281600000,8,0.0
1738310400000,8,0.0
1738339200000,8,0.0
1738368000000,8,0.0
1738396800000,8,6.065e-05
1738425600000,8,0.0
1738454400001,8,0.0
1738483200000,8,0.0
1738512000000,8,0.0
1738540800000,8,0.0
1738569600000,8,0.0
1738598400000,8,0.0
1738627200000,8,0.0
1738656000001,8,0.0
1738684800000,8,0.0
1738713600001,8,0.0
1738742400001,8,0.0
1738771200000,8,0.0
1738800000001,8,0.0
1738828800001,8,0.0
1738857600000,8,-1.062e-05
1738886400000,8,-7.517e-05
1738915200000,8,-9.676e-05
1738944000000,8,0.0
1738972800000,8,0.0
1739001600000,8,0.0
1739030400000,8,0.0
1739059200000,8,-4.891e-05
1739088000000,8,-0.00035055
1739116800000,8,-4.112e-05
1739145600000,8,0.0
1739174400000,8,0.0
1739203200000,8,0.0
1739232000000,8,0.0
1739260800000,8,0.0
1739289600000,8,0.0
1739318400000,8,-0.00014838
1739347200000,8,0.0
1739376000001,8,0.0
1739404800001,8,0.0
1739433600000,8,0.0
1739462400001,8,-0.00055066
1739491200000,8,0.0
1739520000001,8,0.0
1739548800000,8,-5.277e-05
1739577600000,8,-0.00010519
1739606400000,8,0.0
1739635200000,8,-8.377e-05
1739664000000,8,0.0
1739692800000,8,-4.157e-05
1739721600000,8,-0.00035333
1739750400000,8,-0.00014472
1739779200000,8,0.0
1739808000000,8,-0.0001797
1739836800000,8,-4.687e-05
1739865600000,8,-7.162e-05
1739894400000,8,-7.734e-05
1739923200000,8,0.0
1739952000000,8,0.0
1739980800000,8,-0.00018423
1740009600000,8,0.0
1740038400000,8,-2.058e-05
1740067200000,8,-0.00010928
1740096000001,8,0.0
1740124800000,8,-0.00011679
1740153600000,8,-0.00040529
1740182400000,8,-0.00036429
1740211200000,8,-9.168e-05
1740240000000,8,-8.452e-05
1740268800000,8,-7.381e-05
1740297600000,8,-0.00020784
1740326400000,8,-8.545e-05
1740355200000,8,-0.00052382
1740384000000,8,-0.00010661
1740412800000,8,0.0
1740441600000,8,-1.384e-05
1740470400000,8,0.0
1740499200000,8,-3.019e-05
1740528000000,8,-0.00033883
1740556800000,8,-0.00017781
1740585600000,8,-3.69e-05
1740614400001,8,0.0
1740643200000,8,0.0
1740672000000,8,0.0
1740700800001,8,-4.567e-05
1740729600000,8,-6.34e-06
1740758400000,8,-0.00010522
1740787200000,8,0.0
1740816000000,8,-0.00018016
1740844800001,8,-0.00036277
1740873600000,8,-0.00025537
1740902400000,8,-1.752e-05
1740931200000,8,0.0
1740960000001,8,0.0
1740988800000,8,0.0
1741017600000,8,-0.00027543
1741046400001,8,-0.00018834
1741075200005,8,-5.518e-05
1741104000000,8,0.0
1741132800000,8,0.0
1741161600000,8,-9.954e-05
1741190400000,8,0.0
1741219200000,8,0.0
1741248000001,8,0.0
1741276800000,8,0.0
1741305600000,8,0.0
1741334400001,8,0.0
1741363200000,8,0.0
1741392000000,8,0.0
1741420800001,8,0.0
1741449600001,8,0.0
1741478400001,8,0.0
1741507200000,8,-9.932e-05
1741536000000,8,-3.136e-05
1741564800000,8,-0.00010786
1741593600000,8,0.0
1741622400000,8,0.0
1741651200000,8,-6.362e-05
1741680000000,8,-6.049e-05
1741708800001,8,0.0
1741737600000,8,0.0
1741766400000,8,-1.423e-05
1741795200001,8,0.0
1741824000000,8,0.0
1741852800000,8,0.0
1741881600000,8,0.0
1741910400000,8,0.0
1741939200000,8,-4.742e-05
1741968000000,8,-1.454e-05
1741996800000,8,-2.856e-05
1742025600000,8,-7.31e-06
1742054400000,8,0.0
1742083200000,8,0.0
1742112000000,8,0.0
1742140800000,8,0.0
1742169600000,8,0.0
1742198400000,8,0.0
1742227200000,8,0.0
1742256000000,8,-3.807e-05
1742284800000,8,0.0
1742313600000,8,0.0
1742342400000,8,-0.00010693
1742371200000,8,-0.00010256
1742400000000,8,-0.00015238
1742428800000,8,-0.00047322
1742457600000,8,-5.86e-06
1742486400000,8,-0.00012553
1742515200000,8,-0.00031252
1742544000000,8,-0.00055149
1742572800000,8,-0.00034207
1742601600000,8,-0.00033579
1742630400004,8,-0.000331
1742659200000,8,-0.00037452
1742688000000,8,-0.00029912
1742716800000,8,-0.0003243
1742745600000,8,-0.00048595
1742774400000,8,-0.00019082
1742803200000,8,-0.00027641
1742832000000,8,-0.00018556
1742860800001,8,-0.0001407
1742889600000,8,-0.00032595
1742918400000,8,0.0
1742947200000,8,0.0
1742976000000,8,0.0
1743004800001,8,0.0
1743033600001,8,0.0
1743062400001,8,0.0
1743091200002,8,-2.32e-05
1743120000001,8,-0.00023061
1743148800001,8,-0.00019365
1743177600000,8,-3.604e-05
1743206400000,8,-0.00026164
1743235200000,8,-0.0002202
1743264000000,8,-0.00026952
1743292800000,8,-0.00025764
1743321600000,8,-0.00045028
1743350400000,8,-0.00033423
1743379200000,8,-0.00022809
1743408000000,8,-5.04e-05
1743436800000,8,-4.323e-05
1743465600000,8,0.0
1743494400001,8,0.0
1743523200000,8,-0.00079717
1743552000001,8,0.0
1743580800000,8,0.0
1743609600000,8,-8.386e-05
1743638400000,8,-0.0002478
1743667200000,8,-0.00045003
1743696000000,8,0.0
1743724800000,8,0.0
1743753600000,8,0.0
1743782400000,8,0.0
1743811200000,8,0.0
1743840000000,8,0.0
1743868800000,8,0.0
1743897600000,8,0.0
1743926400000,8,0.0
1743955200002,8,0.0
1743984000000,8,0.0
1744012800000,8,0.0
1744041600000,8,0.0
1744070400000,8,0.0
1744099200000,8,0.0
1744128000000,8,0.0
1744156800000,8,0.0
1744185600001,8,0.0
1744214400000,8,0.0
1744243200000,8,0.0
1744272000000,8,0.0
1744300800000,8,0.0
1744329600001,8,0.0
1744358400000,8,0.0
1744387200000,8,0.0
1744416000000,8,0.0
1744444800001,8,-0.00015552
1744473600000,8,-0.00017994
1744502400000,8,0.0
1744531200000,8,0.0
1744560000000,8,-5.726e-05
1744588800000,8,-4.86e-05
1744617600000,8,0.0
1744646400000,8,-0.00013678
1744675200000,8,-9.005e-05
1744704000000,8,0.0
1744732800001,8,0.0
1744761600000,8,-0.00022781
1744790400000,8,0.0
1744819200000,8,0.0
1744848000001,8,0.0
1744876800000,8,0.0
1744905600001,8,0.0
1744934400000,8,0.0
1744963200000,8,-0.00022317
1744992000000,8,-5.807e-05
1745020800000,8,0.0
1745049600000,8,-0.000347
1745078400000,8,-0.00041186
1745107200000,8,0.0
1745136000000,8,0.0
1745164800000,8,0.0
1745193600000,8,-0.00021758
1745222400005,8,0.0
1745251200003,8,0.0
1745280000008,8,-0.00023365
1745308800000,8,-0.00010438
1745337600000,8,0.0
1745366400000,8,0.0
1745395200002,8,0.0
1745424000000,8,0.0
1745452800000,8,0.0
1745481600001,8,0.0
1745510400001,8,0.0
1745539200007,8,0.0
1745568000002,8,0.0
1745596800003,8,0.0
1745625600002,8,0.0
1745654400000,8,-5.172e-05
1745683200002,8,0.0
1745712000001,8,0.0
1745740800000,8,-7.247e-05
1745769600000,8,-8.618e-05
1745798400001,8,0.0
1745827200003,8,0.0
1745856000005,8,0.0
1745884800000,8,0.0
1745913600000,8,0.0
1745942400010,8,-4.513e-05
1745971200001,8,-0.00022437
1746000000000,8,0.0
1746028800003,8,-1.462e-05
1746057600000,8,-0.0004973
1746086400000,8,0.0
1746115200001,8,0.0
1746144000000,8,-0.00020135
1746172800000,8,0.0
1746201600003,8,0.0
1746230400000,8,-6.36e-06
1746259200000,8,0.0
1746288000000,8,-3.504e-05
1746316800001,8,-1.702e-05
1746345600001,8,-3.106e-05
1746374400002,8,-0.00049565
1746403200000,8,-0.0003023
1746432000000,8,0.0
1746460800006,8,0.0
1746489600002,8,-1.939e-05
1746518400005,8,-0.00046111
1746547200000,8,0.0
1746576000002,8,0.0
1746604800000,8,0.0
1746633600006,8,0.0
1746662400000,8,-6.247e-05
1746691200001,8,0.0
1746720000002,8,0.0
1746748800001,8,0.0
1746777600006,8,0.0
1746806400000,8,0.0
1746835200001,8,0.0
1746864000000,8,0.0
1746892800001,8,0.0
1746921600000,8,0.0
1746950400001,8,2.903e-05
1746979200001,8,6.49e-06
1747008000004,8,0.0
1747036800000,8,0.0
1747065600000,8,6.043e-05
1747094400000,8,0.0
1747123200008,8,0.0
1747152000001,8,0.0
1747180800007,8,5.012e-05
1747209600000,8,0.0
1747238400002,8,0.0
1747267200000,8,0.0
1747296000003,8,0.0
1747324800000,8,0.0
1747353600001,8,0.0
1747382400000,8,0.0
1747411200000,8,0.0
1747440000000,8,0.0
1747468800001,8,0.0
1747497600004,8,0.0
1747526400000,8,0.0
1747555200000,8,0.0
1747584000000,8,0.0
1747612800000,8,0.0
1747641600006,8,0.0
1747670400010,8,0.0
1747699200000,8,0.0
1747728000002,8,0.0
1747756800000,8,0.0
1747785600000,8,0.0
1747814400001,8,0.0
1747843200004,8,0.0
1747872000001,8,0.0
1747900800000,8,0.0
1747929600002,8,0.0
1747958400006,8,0.0
1747987200000,8,0.0
1748016000007,8,0.0
1748044800010,8,0.0
1748073600000,8,0.0
1748102400003,8,0.0
1748131200004,8,0.0
1748160000000,8,0.0
1748188800000,8,0.0
1748217600000,8,0.0
1748246400000,8,0.0
1748275200002,8,0.0
1748304000003,8,0.0
1748332800001,8,0.0
1748361600005,8,0.0
1748390400002,8,0.0
1748419200003,8,0.0
1748448000002,8,0.0
1748476800000,8,0.0
1748505600006,8,0.0
1748534400000,8,0.0
1748563200003,8,0.0
1748592000003,8,0.0
1748620800000,8,0.0
1748649600000,8,0.0
1748678400000,8,-3.519e-05
1748707200000,8,0.0
1748736000001,8,0.0
1748764800002,8,-2.485e-05
1748793600000,8,-1.71e-05
1748822400001,8,0.0
1748851200000,8,0.0
1748880000000,8,0.0
1748908800000,8,0.0
1748937600000,8,0.0
1748966400001,8,0.0
1748995200000,8,0.0
1749024000000,8,0.0
1749052800000,8,0.0
1749081600016,8,0.0
1749110400000,8,0.0
1749139200000,8,0.0
1749168000002,8,-0.00017896
1749196800000,8,-0.00016509
1749225600006,8,0.0
1749254400000,8,0.0
1749283200000,8,-2.929e-05
1749312000002,8,-3.338e-05
1749340800000,8,0.0
1749369600000,8,-5.138e-05
1749398400000,8,0.0
1749427200000,8,0.0
1749456000001,8,-0.00013999
1749484800001,8,-2.759e-05
1749513600000,8,0.0
1749542400001,8,0.0
1749571200003,8,-2.84e-05
1749600000000,8,0.0
1749628800000,8,0.0
1749657600010,8,0.0
1749686400002,8,0.0
1749715200003,8,0.0
1749744000001,8,0.0
1749772800000,8,-8.669e-05
1749801600001,8,0.0
1749830400004,8,0.0
1749859200000,8,0.0
1749888000000,8,-9.685e-05
1749916800000,8,-0.0001498
1749945600005,8,-0.00015328
1749974400009,8,0.0
1750003200000,8,0.0
1750032000000,8,0.0
1750060800000,8,0.0
1750089600003,8,0.0
1750118400000,8,0.0
1750147200006,8,0.0
1750176000001,8,0.0
1750204800001,8,0.0
1750233600001,8,0.0
1750262400001,8,-0.00017564
1750291200005,8,-6.854e-05
1750320000003,8,0.0
1750348800000,8,0.0
1750377600000,8,0.0
1750406400002,8,0.0
1750435200001,8,0.0
1750464000002,8,0.0
1750492800005,8,0.0
1750521600000,8,-0.00015072
1750550400005,8,-0.00012535
1750579200000,8,0.0
1750608000003,8,0.0
1750636800000,8,0.0
1750665600004,8,0.0
1750694400013,8,0.0
1750723200003,8,-7.68e-06
1750752000000,8,-0.00016409
1750780800000,8,-0.00012123
1750809600005,8,0.0
1750838400000,8,0.0
1750867200005,8,0.0
1750896000000,8,0.0
1750924800006,8,0.0
1750953600007,8,0.0
1750982400000,8,0.0
1751011200000,8,0.0
1751040000009,8,0.0
1751068800001,8,0.0
1751097600002,8,0.0
1751126400000,8,0.0
1751155200004,8,0.0
1751184000001,8,0.0
1751212800001,8,0.0
1751241600000,8,0.0
1751270400005,8,0.0
1751299200002,8,0.0
1751328000007,8,0.0
1751356800002,8,0.0
1751385600000,8,0.0
1751414400001,8,0.0
1751443200000,8,0.0
1751472000003,8,0.0
1751500800006,8,0.0
1751529600003,8,0.0
1751558400003,8,0.0
1751587200005,8,0.0
1751616000003,8,0.0
1751644800001,8,0.0
1751673600004,8,0.0
1751702400009,8,0.0
1751731200006,8,0.0
1751760000001,8,0.0
1751788800002,8,0.0
1751817600004,8,0.0
1751846400000,8,0.0
1751875200007,8,0.0
1751904000000,8,0.0
1751932800010,8,0.0
1751961600003,8,0.0
1751990400000,8,0.0
1752019200002,8,0.0
1752048000006,8,0.0
1752076800001,8,0.0
1752105600003,8,0.0
1752134400000,8,0.0
1752163200004,8,0.0
1752192000004,8,0.0
1752220800007,8,0.0
1752249600001,8,0.0
1752278400000,8,0.0
1752307200001,8,2.145e-05
1752336000002,8,0.0
1752364800006,8,0.0
1752393600001,8,0.0
1752422400003,8,0.0
1752451200000,8,0.0
1752480000000,8,9.44e-05
1752508800000,8,0.0
1752537600002,8,0.0
1752566400000,8,0.0
1752595200000,8,0.0
1752624000000,8,0.0
1752652800000,8,0.0
1752681600008,8,0.0
1752710400003,8,0.0
1752739200000,8,0.0
1752768000000,8,4.682e-05
1752796800004,8,5.506e-05
1752825600000,8,0.00013265
1752854400000,8,4.213e-05
1752883200009,8,0.0
1752912000000,8,0.0
1752940800002,8,0.0
1752969600000,8,0.0
1752998400000,8,1.211e-05
1753027200000,8,0.0
1753056000001,8,3.139e-05
1753084800000,8,1.13e-05
1753113600001,8,0.00012067
1753142400000,8,0.0
1753171200010,8,0.0
1753200000007,8,0.00010652
1753228800000,8,0.00024488
1753257600004,8,0.00023989
1753286400002,8,3.205e-05
1753315200000,8,0.0
1753344000001,8,0.0
1753372800000,8,3.908e-05
1753401600000,8,0.0
1753430400000,8,0.0
1753459200000,8,1.809e-05
1753488000001,8,0.00013733
1753516800005,8,5.6e-06
1753545600001,8,1.57e-06
1753574400001,8,0.00012703
1753603200000,8,0.0
1753632000008,8,9.734e-05
1753660800005,8,0.00013252
1753689600000,8,0.00010789
1753718400000,8,0.00011022
1753747200001,8,5.822e-05
1753776000000,8,7.14e-06
1753804800000,8,7.209e-05
1753833600011,8,0.00010428
1753862400000,8,3.363e-05
1753891200008,8,3.062e-05
1753920000000,8,7.977e-05
1753948800009,8,0.0
1753977600000,8,0.0
1754006400001,8,0.0
1754035200003,8,2.565e-05
1754064000000,8,3.09e-05
1754092800004,8,9.79e-06
1754121600000,8,0.0
1754150400000,8,0.0
1754179200000,8,3.677e-05
1754208000000,8,0.0
1754236800003,8,0.0
1754265600004,8,0.0
1754294400000,8,0.0
1754323200002,8,0.0
1754352000000,8,0.0
1754380800000,8,0.0
1754409600000,8,0.0
1754438400005,8,0.0
1754467200000,8,0.0
1754496000000,8,3.269e-05
1754524800003,8,4.17e-05
1754553600002,8,0.0
1754582400002,8,0.0
1754611200002,8,0.0
1754640000004,8,0.0
1754668800000,8,0.0
1754697600005,8,0.0
1754726400000,8,0.0
1754755200007,8,5.501e-05
1754784000003,8,0.0
1754812800005,8,3.278e-05
1754841600002,8,0.0
1754870400000,8,0.0
1754899200000,8,0.00014301
1754928000000,8,0.0
1754956800000,8,0.0
1754985600001,8,0.0
1755014400005,8,0.0
1755043200000,8,0.0001441
1755072000002,8,7.511e-05
1755100800006,8,0.00022827
1755129600002,8,2.287e-05
1755158400003,8,0.00019442
1755187200000,8,8.604e-05
1755216000000,8,0.0
1755244800000,8,0.0
1755273600000,8,0.0
1755302400004,8,0.0
1755331200000,8,0.0
1755360000002,8,0.0
1755388800000,8,0.0
1755417600001,8,3.44e-06
1755446400007,8,0.0
1755475200000,8,3.265e-05
1755504000001,8,0.0
1755532800002,8,0.0
1755561600000,8,0.0
1755590400001,8,0.0
1755619200000,8,0.0
1755648000000,8,0.0
1755676800000,8,0.0
1755705600000,8,0.0
1755734400006,8,9.039e-05
1755763200000,8,3.769e-05
1755792000003,8,0.0
1755820800010,8,0.0
1755849600007,8,0.0
1755878400001,8,4.832e-05
1755907200004,8,0.00032856
1755936000006,8,0.00018028
1755964800000,8,0.00012106
1755993600001,8,0.00011059
1756022400002,8,0.00011701
1756051200001,8,0.0
1756080000000,8,9e-08
1756108800002,8,6.642e-05
1756137600002,8,0.0
1756166400000,8,0.0
1756195200000,8,2.8e-06
1756224000000,8,0.0
1756252800003,8,4.937e-05
1756281600000,8,0.0
1756310400009,8,0.0
1756339200000,8,2.791e-05
1756368000005,8,9.121e-05
1756396800004,8,6.997e-05
1756425600000,8,3.288e-05
1756454400000,8,1.013e-05
1756483200005,8,2.538e-05
1756512000000,8,1.126e-05
1756540800002,8,4.455e-05
1756569600003,8,0.0
1756598400016,8,3.932e-05
1756627200000,8,0.0
1756656000001,8,0.0
1756684800000,8,0.0
1756713600000,8,0.0
1756742400001,8,0.0
1756771200000,8,0.0
1756800000005,8,0.0
1756828800007,8,2.168e-05
1756857600006,8,0.0
1756886400002,8,0.0
1756915200002,8,0.0
1756944000002,8,2.732e-05
1756972800000,8,0.0
1757001600000,8,0.0
1757030400001,8,0.0
1757059200006,8,0.0
1757088000000,8,0.0
1757116800000,8,0.0
1757145600005,8,0.0
1757174400000,8,1.384e-05
1757203200000,8,0.0
1757232000000,8,0.0
1757260800000,8,5.222e-05
1757289600007,8,7.418e-05
1757318400000,8,0.0
1757347200000,8,0.0
1757376000000,8,0.00012454
1757404800000,8,9.705e-05
1757433600000,8,0.0
1757462400000,8,0.0
1757491200002,8,5.321e-05
1757520000000,8,0.00010856
1757548800000,8,0.0
1757577600000,8,0.0
1757606400001,8,2.308e-05
1757635200002,8,0.0
1757664000001,8,3.147e-05
1757692800005,8,0.0001083
1757721600005,8,0.00016022
1757750400002,8,0.0001208
1757779200000,8,0.00012118
1757808000006,8,0.0
1757836800000,8,0.00010453
1757865600001,8,0.0
1757894400006,8,0.0
1757923200002,8,0.0
1757952000001,8,0.0
1757980800001,8,1.95e-06
1758009600000,8,0.0
1758038400000,8,0.0
1758067200001,8,0.00015544
1758096000000,8,5.771e-05
1758124800003,8,6.133e-05
1758153600006,8,0.00011161
1758182400002,8,0.00014904
1758211200000,8,7.826e-05
1758240000000,8,3.442e-05
1758268800005,8,0.0
1758297600000,8,8.365e-05
1758326400000,8,0.0
1758355200000,8,0.0
1758384000002,8,0.0
1758412800000,8,0.0
1758441600000,8,0.0
1758470400000,8,0.0
1758499200005,8,0.0
1758528000003,8,4.118e-05
1758556800000,8,7.583e-05
1758585600000,8,4.293e-05
1758614400001,8,0.0
1758643200000,8,0.0
1758672000003,8,6.267e-05
1758700800001,8,0.0
1758729600002,8,9.26e-06
1758758400000,8,0.0
1758787200001,8,0.00011201
1758816000000,8,4.5e-06
1758844800000,8,5.119e-05
1758873600000,8,9.24e-06
1758902400008,8,0.0
1758931200000,8,0.0
1758960000010,8,0.0
1758988800003,8,0.0
1759017600000,8,0.0
1759046400000,8,0.0
1759075200000,8,0.0
1759104000000,8,0.0
1759132800002,8,0.00016081
1759161600001,8,0.0
1759190400002,8,0.0
1759219200005,8,3.761e-05
1759248000000,8,7.373e-05
1759276800000,8,0.0
1759305600000,8,0.0
1759334400000,8,0.0
1759363200000,8,0.0
1759392000013,8,0.0
1759420800000,8,0.0
1759449600006,8,0.00021025
1759478400006,8,9.993e-05
1759507200000,8,2.968e-05
1759536000001,8,9.49e-05
1759564800000,8,3.472e-05
1759593600000,8,3.987e-05
1759622400000,8,4.607e-05
1759651200003,8,0.0
1759680000009,8,0.0
1759708800004,8,0.0
1759737600002,8,6.884e-05
1759766400004,8,3.841e-05
1759795200000,8,0.0
1759824000003,8,0.0
1759852800000,8,6.251e-05
1759881600000,8,0.0
1759910400006,8,0.0
1759939200002,8,0.0
1759968000001,8,0.0
1759996800000,8,0.0
1760025600000,8,0.0
1760054400005,8,0.0
1760083200002,8,0.0
1760112000014,8,0.0
1760140800000,8,2.76e-06
1760169600003,8,0.0
1760198400000,8,0.0
1760227200004,8,0.0
1760256000002,8,0.0
1760284800000,8,-5.331e-05
1760313600003,8,0.0
1760342400002,8,-0.00030569
1760371200003,8,0.0
1760400000000,8,-0.00027668
1760428800000,8,0.0
1760457600000,8,-0.00016775
1760486400006,8,-0.00020435
1760515200002,8,0.0
1760544000000,8,0.0
1760572800000,8,0.0
1760601600003,8,0.0
1760630400002,8,0.0
1760659200001,8,0.0
1760688000005,8,0.0
1760716800003,8,-0.00016779
1760745600000,8,0.0
1760774400002,8,-0.00013138
1760803200001,8,-8.672e-05
1760832000001,8,-1.193e-05
1760860800001,8,0.0
1760889600001,8,-8.195e-05
1760918400004,8,-0.00021765
1760947200001,8,-3.486e-05
1760976000000,8,-0.00035218
1761004800009,8,-2.886e-05
1761033600000,8,0.0
1761062400000,8,0.0
1761091200004,8,0.0
1761120000000,8,-0.00014817
1761148800000,8,-7.842e-05
1761177600000,8,-6.94e-05
1761206400001,8,0.0
1761235200004,8,0.0
1761264000000,8,-0.00020182
1761292800000,8,-3.383e-05
1761321600009,8,-0.00021638
1761350400000,8,-0.00015562
1761379200001,8,-9.134e-05
1761408000001,8,-2.384e-05
1761436800001,8,0.0
1761465600001,8,0.0
1761494400000,8,0.0
1761523200000,8,0.0
1761552000005,8,0.0
1761580800000,8,0.0
1761609600000,8,0.0
1761638400000,8,-0.00011396
1761667200004,8,0.0
1761696000004,8,-0.00029777
1761724800005,8,-0.00023533
1761753600000,8,0.0
1761782400004,8,0.0
1761811200008,8,0.0
1761840000001,8,-9.47e-05
1761868800000,8,-0.00030437
1761897600008,8,-0.00010318
1761926400007,8,0.0
1761955200001,8,-9.114e-05
1761984000000,8,-8.92e-06
1762012800000,8,-0.00014754
1762041600007,8,0.0
1762070400000,8,0.0
1762099200001,8,0.0
1762128000000,8,0.0
1762156800010,8,0.0
1762185600000,8,0.0
1762214400002,8,0.0
1762243200004,8,0.0
1762272000000,8,0.0
1762300800000,8,0.0
1762329600000,8,0.0
1762358400004,8,0.0
1762387200001,8,0.0
1762416000000,8,0.0
1762444800001,8,0.0
1762473600005,8,0.0
1762502400003,8,0.0
1762531200005,8,0.0
1762560000011,8,0.0
1762588800015,8,0.0
1762617600001,8,0.0
1762646400004,8,0.0
1762675200000,8,0.0
1762704000005,8,0.0
1762732800000,8,0.0
1762761600000,8,-6e-08
1762790400003,8,-0.00021863
1762819200007,8,-0.00015352
1762848000000,8,0.0
1762876800009,8,0.0
1762905600000,8,0.0
1762934400002,8,0.0
1762963200000,8,0.0
1762992000002,8,-2.848e-05
1763020800000,8,0.0
1763049600001,8,0.0
1763078400000,8,0.0
1763107200000,8,0.0
1763136000001,8,0.0
1763164800005,8,0.0
1763193600000,8,0.0
1763222400001,8,0.0
1763251200001,8,0.0
1763280000000,8,4.995e-05
1763308800000,8,0.0
1763337600003,8,0.0
1763366400003,8,6.771e-05
1763395200000,8,0.0
1763424000002,8,0.0
1763452800004,8,5.11e-05
1763481600000,8,6.524e-05
1763510400000,8,9.883e-05
1763539200000,8,8.9e-05
1763568000008,8,4.58e-06
1763596800000,8,0.0
1763625600000,8,8.774e-05
1763654400000,8,5.937e-05
1763683200001,8,0.0
1763712000000,8,2.824e-05
1763740800001,8,1.02e-05
1763769600004,8,5.137e-05
1763798400000,8,6.64e-05
1763827200000,8,1.61e-05
1763856000000,8,7.803e-05
1763884800008,8,0.0
1763913600003,8,0.0
1763942400004,8,0.0
1763971200000,8,0.00011464
1764000000006,8,0.0
1764028800000,8,0.00014383
1764057600009,8,0.0
1764086400007,8,0.0
1764115200001,8,0.0
1764144000001,8,8.7e-06
1764172800000,8,0.0
1764201600013,8,5.647e-05
1764230400000,8,0.0
1764259200004,8,0.0
1764288000008,8,0.0
1764316800000,8,0.0
1764345600008,8,0.0
1764374400000,8,0.0
1764403200005,8,0.0
1764432000001,8,0.0
1764460800003,8,0.0
1764489600000,8,0.0
1764518400004,8,0.0
1764547200000,8,0.0
1764576000004,8,0.0
1764604800000,8,0.0
1764633600004,8,0.0
1764662400000,8,0.0
1764691200000,8,0.0
1764720000000,8,0.0
1764748800000,8,0.0
1764777600005,8,0.0
1764806400012,8,3.446e-05
1764835200000,8,5.603e-05
1764864000011,8,5.758e-05
1764892800000,8,2.223e-05
1764921600000,8,1.496e-05
1764950400010,8,2.344e-05
1764979200001,8,0.0
1765008000001,8,0.0
1765036800008,8,0.0
1765065600000,8,0.0
1765094400004,8,0.0
1765123200000,8,0.0
1765152000000,8,0.0
1765180800000,8,2.792e-05
1765209600001,8,3.235e-05
1765238400001,8,0.0
1765267200001,8,0.0
1765296000007,8,0.0
1765324800007,8,1.106e-05
1765353600002,8,0.0
1765382400012,8,0.0
1765411200001,8,3.901e-05
1765440000000,8,0.0
1765468800000,8,0.0
1765497600005,8,0.0
1765526400007,8,0.0
1765555200002,8,0.0
1765584000001,8,0.0
1765612800006,8,0.0
1765641600000,8,6.184e-05
1765670400000,8,3.637e-05
1765699200003,8,0.0
1765728000005,8,1.561e-05
1765756800000,8,0.0
1765785600000,8,0.0
1765814400000,8,0.0
1765843200002,8,0.0
1765872000000,8,0.0
1765900800002,8,0.0
1765929600004,8,0.0
1765958400000,8,0.0
1765987200000,8,0.0
1766016000005,8,0.0
1766044800007,8,0.0
1766073600001,8,0.0
1766102400000,8,0.0
1766131200001,8,0.0
1766160000000,8,0.0
1766188800005,8,6.564e-05
1766217600000,8,4.864e-05
1766246400002,8,5.854e-05
1766275200000,8,1.097e-05
1766304000009,8,0.0
1766332800000,8,5.4e-06
1766361600000,8,1.576e-05
1766390400005,8,0.0
1766419200009,8,8.095e-05
1766448000000,8,1.888e-05
1766476800000,8,0.0
1766505600001,8,0.0
1766534400001,8,0.0
1766563200001,8,0.0
1766592000000,8,0.0
1766620800000,8,0.0
1766649600001,8,0.0
1766678400005,8,0.0
1766707200004,8,0.0
1766736000001,8,0.0
1766764800007,8,0.0
1766793600000,8,0.0
1766822400000,8,0.0
1766851200011,8,4.901e-05
1766880000008,8,4.48e-05
1766908800000,8,1.94e-05
1766937600000,8,0.00010964
1766966400016,8,0.00011598
1766995200001,8,0.0
1767024000000,8,0.0
1767052800005,8,0.0
1767081600001,8,0.0
1767110400003,8,2.05e-05
1767139200004,8,7.039e-05
1767168000001,8,0.0
1767196800001,8,7.346e-05
1767225600008,8,6.523e-05
1767254400002,8,7.071e-05
1767283200001,8,0.0
1767312000006,8,0.0
1767340800007,8,0.0
1767369600000,8,5.392e-05
1767398400001,8,0.00010055
1767427200000,8,3.998e-05
1767456000000,8,0.0
1767484800000,8,2.126e-05
1767513600000,8,4.64e-05
1767542400001,8,0.00010041
1767571200000,8,0.00010532
1767600000000,8,8.5e-06
1767628800000,8,5.953e-05
1767657600010,8,0.00010224
1767686400000,8,0.0
1767715200000,8,5.142e-05
1767744000001,8,4.136e-05
1767772800001,8,6.57e-05
1767801600001,8,3.29e-06
1767830400001,8,4.555e-05
1767859200000,8,0.0
1767888000000,8,0.0
1767916800003,8,0.0
1767945600000,8,0.0
1767974400001,8,0.0
1768003200000,8,1.141e-05
1768032000002,8,0.00012634
1768060800001,8,5.12e-06
1768089600003,8,0.000134
1768118400006,8,9.446e-05
1768147200000,8,3.344e-05
1768176000005,8,0.0
1768204800000,8,0.0
1768233600000,8,7.6e-07
1768262400007,8,8.828e-05
1768291200009,8,4.761e-05
1768320000002,8,0.0001388
1768348800000,8,0.00014578
1768377600001,8,0.00011312
1768406400004,8,5.156e-05
1768435200000,8,0.00011014
1768464000004,8,4.44e-06
1768492800002,8,4.633e-05
1768521600000,8,0.0
1768550400000,8,0.0
1768579200001,8,0.0
1768608000000,8,0.0
1768636800000,8,0.0
1768665600002,8,0.0
1768694400001,8,4.767e-05
1768723200000,8,0.0
1768752000000,8,0.0
1768780800007,8,0.0
1768809600007,8,0.0
1768838400007,8,0.0
1768867200005,8,1.336e-05
1768896000001,8,0.0
1768924800009,8,0.0
1768953600001,8,0.0
1768982400011,8,0.0
1769011200011,8,0.0
1769040000010,8,0.0
1769068800003,8,0.0
1769097600005,8,0.0
1769126400005,8,0.0
1769155200000,8,0.0
1769184000011,8,1.487e-05
1769212800011,8,4.664e-05
1769241600002,8,0.0
1769270400001,8,0.0
1769299200002,8,0.0
1769328000011,8,3.686e-05
1769356800005,8,0.0
1769385600000,8,0.0
1769414400003,8,1.338e-05
1769443200000,8,5.329e-05
1769472000002,8,4.882e-05
1769500800000,8,0.0
1769529600000,8,6.294e-05
1769558400000,8,7.193e-05
1769587200000,8,2.537e-05
1769616000000,8,0.0
1769644800000,8,3.327e-05
1769673600009,8,3.639e-05
1769702400000,8,2.28e-05
1769731200008,8,0.0
1769760000000,8,0.0
1769788800001,8,0.0
1769817600000,8,0.0
1769846400001,8,0.0
1769875200009,8,0.0
1769904000001,8,0.0
1769932800004,8,0.0
1769961600000,8,0.0
1769990400000,8,0.0
1770019200014,8,0.0
1770048000000,8,0.0
1770076800000,8,0.0
1770105600007,8,0.0
1770134400000,8,0.0
1770163200002,8,0.0
1770192000007,8,0.0
1770220800000,8,0.0
1770249600011,8,0.0
1770278400000,8,0.0
1770307200007,8,0.0
1770336000000,8,1.73e-05
1770364800001,8,0.0
1770393600000,8,0.0
1770422400003,8,0.0
1770451200000,8,0.0
1770480000010,8,0.0
1770508800003,8,0.0
1770537600000,8,0.0
1770566400000,8,0.0
1770595200002,8,0.0
1770624000001,8,0.0
1770652800007,8,0.0
1770681600000,8,0.0
1770710400007,8,0.0
1770739200000,8,0.0
1770768000000,8,0.0
1770796800006,8,0.0
1770825600000,8,0.0
1770854400000,8,0.0
1770883200001,8,0.0
1770912000001,8,0.0
1770940800007,8,0.0
1770969600003,8,0.0
1770998400005,8,0.0
1771027200002,8,0.0
1771056000004,8,0.0
1771084800002,8,0.0
1771113600000,8,0.0
1771142400002,8,0.0
1771171200000,8,0.0
1771200000001,8,0.0
1771228800003,8,0.0
1771257600000,8,0.0
1771286400008,8,0.0
1771315200001,8,0.0
1771344000002,8,0.0
1771372800000,8,0.0
1771401600000,8,0.0
1771430400011,8,0.0
1771459200013,8,0.0
1771488000000,8,0.0
1771516800003,8,-7.139e-05
1771545600000,8,0.0
1771574400000,8,0.0
1771603200000,8,0.0
1771632000004,8,0.0
1771660800000,8,0.0
1771689600005,8,0.0
1771718400001,8,0.0
1771747200004,8,0.0
1771776000000,8,0.0
1771804800001,8,0.0
1771833600000,8,0.0
1771862400000,8,0.0
1771891200007,8,0.0
1771920000000,8,0.0
1771948800001,8,0.0
1771977600001,8,0.0
1772006400007,8,0.0
1772035200000,8,0.0
1772064000000,8,0.0
1772092800006,8,0.0
1772121600002,8,0.0
1772150400007,8,0.0
1772179200000,8,0.0
1772208000001,8,0.0
1772236800000,8,0.0
1772265600000,8,0.0
1772294400004,8,0.0
1772323200005,8,0.0
1772352000000,8,0.0
1772380800002,8,0.0
1772409600001,8,0.0
1772438400007,8,0.0
1772467200000,8,0.0
1772496000000,8,0.0
1772524800000,8,0.0
1772553600007,8,0.0
1772582400001,8,0.0
1772611200005,8,0.0
1772640000000,8,0.0
1772668800000,8,0.0
1772697600000,8,0.0
1772726400004,8,0.0
1772755200001,8,0.0
1772784000001,8,0.0
1772812800004,8,0.0
1772841600001,8,0.0
1772870400012,8,0.0
1772899200001,8,0.0
1772928000001,8,0.0
1772956800000,8,0.0
1772985600002,8,0.0
1773014400000,8,0.0
1773043200004,8,0.0
1773072000003,8,0.0
1773100800012,8,0.0
1773129600002,8,0.0
1773158400001,8,0.0
1773187200000,8,0.0
1773216000007,8,0.0
1773244800010,8,0.0
1773273600000,8,0.0
1773302400000,8,0.0
1773331200000,8,0.0
1773360000006,8,0.0
1773388800001,8,0.0
1773417600000,8,0.0
1773446400001,8,0.0
1773475200000,8,0.0
1773504000007,8,0.0
1773532800000,8,0.0
1773561600000,8,0.0
1773590400000,8,0.0
1773619200000,8,0.0
1773648000010,8,0.0
1773676800000,8,0.0
1773705600000,8,0.0
1773734400002,8,0.0
1773763200011,8,0.0
1773792000002,8,0.0
1773820800002,8,0.0
1773849600005,8,0.0
1773878400000,8,-5.147e-05
1773907200003,8,-5.01e-05
1773936000003,8,0.0
1773964800002,8,0.0
1773993600000,8,-0.00012728
1774022400000,8,0.0
1774051200000,8,0.0
1774080000000,8,0.0
1774108800014,8,0.0
1774137600012,8,0.0
1774166400007,8,0.0
1774195200002,8,-7.288e-05
1774224000000,8,-4.454e-05
1774252800003,8,0.0
1774281600002,8,0.0
1774310400000,8,0.0
1774339200000,8,0.0
1774368000003,8,0.0
1774396800000,8,0.0
1774425600000,8,0.0
1774454400013,8,0.0
1774483200001,8,0.0
1774512000001,8,0.0
1774540800000,8,0.0
1774569600006,8,0.0
1774598400000,8,0.0
1774627200000,8,-2.719e-05
1774656000005,8,0.0
1774684800005,8,0.0
1774713600000,8,0.0
1774742400003,8,0.0
1774771200001,8,0.0
1774800000000,8,0.0
1774828800000,8,0.0
1774857600005,8,0.0
1774886400000,8,0.0
1774915200000,8,0.0
1774944000000,8,0.0
1774972800000,8,0.0
1775001600000,8,0.0
1775030400000,8,4.798e-05
1775059200000,8,3.638e-05
1775088000003,8,7.43e-06
1775116800001,8,0.0
1775145600001,8,0.0
1775174400000,8,0.0
1775203200008,8,0.0
1775232000008,8,0.0
1775260800000,8,0.0
1775289600003,8,0.0
1775318400000,8,0.0
1775347200008,8,0.0
1775376000000,8,0.0
1775404800001,8,0.0
1775433600004,8,0.0
1775462400001,8,0.0
1775491200003,8,3.249e-05
1775520000000,8,4.57e-06
1775548800000,8,0.0
1775577600000,8,0.0
1775606400000,8,0.00010441
1775635200000,8,5.151e-05
1775664000006,8,4.108e-05
1775692800000,8,2.561e-05
1775721600010,8,1.1e-07
1775750400001,8,3.305e-05
1775779200000,8,5.621e-05
1775808000005,8,0.0
1775836800000,8,0.0
1775865600000,8,9.157e-05
1775894400000,8,0.0
1775923200003,8,1.54e-06
1775952000000,8,6.577e-05
1775980800000,8,0.0
1776009600000,8,0.0
1776038400011,8,0.0
1776067200006,8,0.0
1776096000000,8,0.0
1776124800005,8,0.00015422
1776153600003,8,5.862e-05
1776182400001,8,3.028e-05
1776211200000,8,3.773e-05
1776240000000,8,0.0
1776268800000,8,4.407e-05
1776297600013,8,0.00010905
1776326400000,8,0.0
1776355200000,8,0.0
1776384000001,8,9.789e-05
1776412800011,8,2.34e-06
1776441600001,8,0.0
1776470400001,8,1.541e-05
1776499200006,8,1.38e-06
1776528000000,8,0.0
1776556800002,8,1.261e-05
1776585600010,8,0.0
1776614400001,8,0.0
1776643200000,8,0.0
1776672000000,8,3.601e-05
1776700800001,8,1.888e-05
1776729600000,8,5.462e-05
1776758400004,8,0.0
1776787200004,8,0.0
1776816000004,8,0.0
1776844800000,8,5.781e-05
1776873600000,8,7.639e-05
1776902400000,8,1.259e-05
1776931200000,8,0.0
1776960000004,8,0.0
1776988800006,8,3.278e-05
1777017600000,8,0.0
1777046400000,8,7.341e-05
1777075200000,8,3.157e-05
1777104000002,8,0.0
1777132800002,8,0.0
1777161600003,8,0.0
1777190400007,8,3.265e-05
1777219200004,8,6.26e-06
1777248000004,8,2.096e-05
1777276800000,8,0.0
1777305600002,8,0.0
1777334400001,8,0.0
1777363200000,8,0.0
1777392000004,8,4.102e-05
1777420800006,8,4.604e-05
1777449600011,8,0.0
1777478400003,8,0.0
1777507200002,8,0.0
1777536000000,8,0.0
1777564800000,8,6.97e-06
1777593600000,8,1.441e-05
1777622400005,8,0.0
1777651200000,8,1.996e-05
1777680000006,8,6.706e-05
1777708800000,8,0.0
1777737600010,8,4.5e-06
1777766400005,8,2.275e-05
1777795200003,8,0.0
1777824000000,8,5.316e-05
1777852800000,8,1.607e-05
1777881600000,8,0.00011312
1777910400003,8,2.752e-05
1777939200000,8,5.378e-05
1777968000011,8,3.103e-05
1777996800000,8,0.00010704
1778025600010,8,0.00011317
1778054400000,8,1.521e-05
1778083200002,8,9.46e-05
1778112000000,8,9.945e-05
1778140800000,8,4.52e-05
1778169600004,8,5.902e-05
1778198400003,8,8.91e-06
1778227200002,8,0.0
1778256000003,8,0.0
1778284800000,8,2.196e-05
1778313600001,8,0.00010676
1778342400002,8,7.448e-05
1778371200003,8,2.289e-05
1778400000000,8,3.11e-06
1778428800000,8,7.97e-05
1778457600000,8,9.23e-05
1778486400000,8,8.28e-06
1778515200000,8,0.0
1778544000002,8,6.651e-05
1778572800008,8,0.0
1778601600000,8,0.00015663
1778630400010,8,0.0001297
1778659200003,8,6.636e-05
1778688000001,8,0.0
1778716800005,8,0.0
1778745600000,8,0.0
1778774400000,8,0.0
1778803200000,8,0.00012416
1778832000016,8,0.0
1778860800012,8,0.0
1778889600005,8,0.0
1778918400000,8,0.0
1778947200005,8,0.0
1778976000000,8,0.0
1779004800010,8,3.265e-05
1779033600009,8,0.0
1779062400007,8,0.0
1779091200002,8,4.297e-05
1779120000007,8,0.0
1779148800001,8,0.0
1779177600001,8,0.0
1779206400009,8,1.483e-05
1779235200001,8,7.62e-05
1779264000006,8,8.89e-06
1779292800000,8,6.24e-05
1779321600001,8,2.383e-05
1779350400000,8,8.131e-05
1779379200000,8,5.686e-05
1779408000000,8,4.007e-05
1779436800004,8,2.067e-05
1779465600001,8,0.0
1779494400009,8,2.14e-06
1779523200001,8,0.0
1779552000003,8,0.0
1779580800011,8,4.985e-05
1779609600008,8,4.422e-05
1779638400000,8,9.4e-05
1779667200001,8,0.0
1779696000001,8,6.74e-05
1779724800001,8,4.621e-05
1779753600000,8,5.354e-05
1779782400003,8,0.0
1779811200000,8,2.838e-05
1779840000000,8,3.134e-05
1779868800004,8,7.44e-05
1779897600009,8,6.759e-05
1779926400001,8,5.788e-05
1779955200000,8,0.0
1779984000001,8,0.0
1780012800000,8,7.032e-05
1780041600001,8,0.0
1780070400008,8,9.1e-06
1780099200000,8,3.792e-05
1780128000001,8,0.00010904
1780156800000,8,0.00011873
1780185600000,8,0.0
1780214400000,8,0.0
1780243200004,8,1.15e-06
1780272000001,8,0.0
1780300800001,8,9.172e-05
1780329600000,8,0.0
1780358400000,8,0.0
1780387200000,8,3.806e-05
1780416000000,8,0.0001285
1780444800013,8,3.437e-05
1780473600000,8,6.088e-05
1780502400001,8,3.58e-05
1780531200009,8,0.0
1780560000000,8,5.166e-05
1780588800003,8,0.0
1780617600000,8,0.0
1780646400004,8,0.0
1780675200009,8,4.098e-05
1780704000000,8,6.864e-05
1780732800000,8,0.0
1780761600000,8,0.0
1780790400001,8,0.0
1780819200000,8,0.0
1780848000000,8,0.0
1780876800000,8,0.0
1780905600005,8,0.0
1780934400004,8,0.0
1780963200000,8,0.0
1780992000000,8,0.0
1781020800001,8,0.0
1781049600001,8,8.6e-06
1781078400011,8,0.0
1781107200009,8,0.0
1781136000000,8,0.0
1781164800004,8,0.0
1781193600000,8,4.668e-05
1781222400000,8,2.744e-05
1781251200000,8,0.0
1781280000000,8,6.548e-05
1781308800000,8,0.0
1781337600007,8,0.0
1781366400002,8,4.204e-05
1781395200005,8,0.0
1781424000009,8,0.0
1781452800000,8,0.0
1781481600013,8,0.0
1781510400013,8,5.384e-05
1781539200004,8,1.223e-05
1781568000000,8,0.0
1781596800000,8,0.0
1781625600001,8,0.0
1781654400012,8,3.807e-05
1781683200000,8,5.44e-05
1781712000000,8,5.276e-05
1781740800002,8,5.822e-05
1781769600000,8,0.0
1781798400001,8,0.0
1781827200005,8,0.0
1781856000001,8,0.0
1781884800001,8,0.0
1781913600001,8,0.0
1781942400000,8,1.83e-05
1781971200001,8,4.245e-05
1782000000000,8,0.0
1782028800000,8,0.0
1782057600000,8,5.515e-05
1782086400000,8,0.0
1782115200000,8,0.0
1782144000002,8,0.0
1782172800003,8,0.0
1782201600005,8,0.0
1782230400002,8,0.0
1782259200005,8,0.0
1782288000005,8,0.0
1782316800003,8,0.0
1782345600000,8,0.0
1782374400000,8,0.0
1782403200000,8,0.0
1782432000010,8,0.0
1782460800002,8,0.0
1782489600000,8,0.0
1782518400000,8,6.039e-05
1782547200000,8,4.127e-05
1782576000009,8,6.89e-05
1782604800000,8,0.0
1782633600013,8,0.0
1782662400000,8,0.0
1782691200006,8,0.0
1782720000013,8,6.52e-06
1782748800004,8,1.584e-05
1782777600000,8,4.028e-05
1782806400000,8,0.0
1782835200005,8,0.0
1782864000000,8,8.374e-05
1782892800000,8,1.081e-05
1782921600000,8,0.0
1782950400000,8,5.254e-05
1782979200000,8,4.503e-05
1783008000000,8,0.00010499
1783036800000,8,4.19e-05
1783065600007,8,5.653e-05
1783094400000,8,0.0001291
1783123200000,8,0.00019594
1783152000000,8,0.00012176
1783180800007,8,0.00010833
1783209600003,8,4.393e-05
1783238400001,8,3.193e-05
1783267200000,8,7.046e-05
1783296000000,8,4.905e-05
1783324800000,8,2.64e-05
1783353600000,8,7.35e-06
1783382400000,8,2.595e-05
1783411200000,8,0.0
1783440000000,8,1.872e-05
1783468800000,8,4.957e-05
1783497600000,8,1.075e-05
1783526400000,8,0.0
1783555200000,8,3.204e-05
1783584000001,8,8.613e-05
1783612800001,8,0.00012025
1783641600000,8,7.403e-05
1783670400005,8,0.00011748
1783699200005,8,0.00011027
1783728000000,8,9.961e-05
1783756800000,8,5.645e-05
1783785600000,8,7.755e-05
1783814400000,8,8.35e-05
1783843200003,8,0.0
1783872000000,8,0.00011818
1783900800000,8,4.761e-05
1783929600001,8,1.62e-06
1783958400004,8,3.773e-05
1783987200000,8,0.0
1784016000002,8,3.843e-05
1784044800001,8,9.807e-05
1784073600005,8,0.00012457
1784102400002,8,0.00013454
1784131200000,8,8.756e-05
1784160000000,8,0.00014088
1784188800003,8,9.816e-05
1784217600002,8,0.0001107
1784246400000,8,6.363e-05
1784275200010,8,2.252e-05
1784304000004,8,0.0
1784332800000,8,0.0
1784361600000,8,2.518e-05
1784390400001,8,9.856e-05
1784419200003,8,6.925e-05
1784448000000,8,2.07e-05
1784476800001,8,6.631e-05
1784505600000,8,2.43e-06
1784534400001,8,0.0
1784563200004,8,8.469e-05
1784592000001,8,6.225e-05
1784620800000,8,9.386e-05
1784649600002,8,0.00011917
1784678400000,8,0.00015287
1784707200000,8,6.61e-05
1784736000001,8,0.00010491
1784764800000,8,5.785e-05
1784793600000,8,0.0
1784822400000,8,3.257e-05
1784851200000,8,1.896e-05
1784880000000,8,0.0
1784908800008,8,0.0
1784937600002,8,9.23e-06
1784966400000,8,5.581e-05
1784995200000,8,3.563e-05
1785024000000,8,6.601e-05
1785052800002,8,0.00010218
1785081600000,8,0.00010676
1785110400010,8,6.721e-05
1785139200000,8,0.0
1785168000001,8,0.0
1785196800000,8,2.237e-05
1785225600000,8,0.0
1785254400000,8,7.903e-05
1785283200000,8,2.957e-05
1785312000002,8,3.688e-05
1785340800000,8,1.878e-05
1785369600000,8,6.905e-05
1785398400000,8,5.247e-05
1785427200000,8,0.0001066
1785456000003,8,5.15e-05
1785484800000,8,2.909e-05
1785513600000,8,5.473e-05
1785542400001,8,1.396e-05
1785571200000,8,5.477e-05
1785600000000,8,9.812e-05
1785628800000,8,6.616e-05
1785657600000,8,6.611e-05
1785686400000,8,8.51e-05
1785715200000,8,0.00015493
1785744000000,8,5.941e-05
1785772800000,8,9.8e-05
1785801600004,8,0.00011987
1785830400002,8,2.499e-05
1785859200000,8,3.091e-05
1785888000003,8,8.17e-06
1785916800004,8,2.061e-05
1785945600000,8,1.565e-05
1785974400002,8,0.0
1786003200000,8,0.0
1786032000000,8,0.0
1786060800000,8,0.0
1786089600000,8,0.0
1786118400000,8,2.042e-05
1786147200001,8,2.913e-05
1786176000000,8,6.062e-05
1786204800002,8,8.649e-05
1786233600000,8,3.867e-05
1786262400005,8,2.556e-05
1786291200000,8,0.00011833
1786320000001,8,0.00011836
1786348800005,8,4.224e-05
1786377600000,8,0.00010793
1786406400000,8,7.867e-05
1786435200006,8,6.203e-05
1786464000000,8,8.918e-05
1786492800001,8,1.08e-05
1786521600000,8,7.907e-05
1786550400000,8,0.0
1786579200000,8,0.0
1786608000000,8,0.0
1786636800000,8,0.0
1786665600000,8,0.0
1786694400001,8,0.0
1786723200001,8,0.0
1786752000003,8,0.0
1786780800002,8,4.271e-05
1786809600000,8,0.0
1786838400000,8,1.29e-06
1786867200002,8,0.0
1786896000000,8,0.0
1786924800001,8,0.0
1786953600003,8,0.0
1786982400005,8,1.602e-05
1787011200006,8,4.724e-05
1787040000001,8,1.077e-05
1787068800003,8,5.6e-06
1787097600000,8,2.362e-05
1787126400000,8,2.314e-05
1787155200004,8,2.929e-05
1787184000001,8,0.00021922
1787212800000,8,6.818e-05
1787241600005,8,0.0
1787270400004,8,0.00015178
1787299200000,8,2.448e-05
1787328000001,8,0.00021317
1787356800000,8,0.00023005
1787385600000,8,0.00032423
1787414400000,8,0.00018909
1787443200000,8,0.00020804
1787472000000,8,0.0001553
1787500800006,8,0.0
1787529600001,8,9.681e-05
1787558400002,8,1.34e-06
1787587200000,8,2.642e-05
1787616000001,8,0.0
1787644800000,8,7.358e-05
1787673600005,8,0.0
1787702400000,8,0.0
1787731200005,8,0.0
1787760000000,8,1.995e-05
1787788800000,8,8.233e-05
1787817600000,8,1.213e-05
1787846400013,8,4.706e-05
1787875200026,8,0.0
1787904000000,8,2.18e-05
1787932800001,8,0.0
1787961600000,8,0.0
1787990400000,8,0.0
1788019200002,8,0.0
1788048000000,8,0.0
1788076800000,8,3.789e-05
1788105600001,8,0.0
1788134400002,8,8.8e-07
1788163200002,8,0.0
1788192000001,8,0.0
1788220800005,8,0.0
1788249600000,8,2.811e-05
1788278400000,8,0.0
1788307200000,8,8.422e-05
1788336000001,8,0.0
1788364800005,8,2.201e-05
1788393600000,8,4.908e-05
1788422400000,8,6.877e-05
1788451200000,8,0.00010374
1788480000000,8,9.884e-05
1788508800000,8,0.00010168
1788537600009,8,7.329e-05
1788566400000,8,3.342e-05
1788595200000,8,1.856e-05
1788624000001,8,0.00013707
1788652800000,8,5.095e-05
1788681600000,8,1.931e-05
1788710400004,8,3.078e-05
1788739200004,8,1.725e-05
1788768000000,8,8.399e-05
1788796800003,8,5.184e-05
1788825600004,8,4.501e-05
1788854400002,8,0.0
1788883200001,8,0.0
1788912000005,8,0.0
1788940800004,8,0.0
1788969600002,8,0.0
1788998400000,8,0.0
1789027200007,8,0.0
1789056000002,8,0.0
1789084800008,8,0.0
1789113600000,8,0.0
1789142400000,8,0.0
1789171200001,8,0.0
1789200000003,8,2.142e-05
1789228800000,8,4.935e-05
1789257600002,8,3.042e-05
1789286400000,8,0.0
1789315200000,8,3.937e-05
1789344000000,8,0.0
1789372800000,8,3.639e-05
1789401600000,8,3.327e-05
1789430400000,8,1.506e-05
1789459200005,8,0.0
1789488000001,8,7.698e-05
1789516800001,8,5.244e-05
1789545600002,8,9.89e-06
1789574400001,8,3.99e-06
1789603200000,8,4.778e-05
1789632000003,8,7.198e-05
1789660800000,8,0.0
1789689600003,8,0.00014131
1789718400006,8,0.00016465
1789747200000,8,4.726e-05
1789776000000,8,0.00010303
1789804800002,8,3.404e-05
1789833600000,8,0.00011234
1789862400000,8,6.834e-05
1789891200000,8,4.817e-05
1789920000000,8,1.039e-05
1789948800007,8,0.00017949
1789977600004,8,0.00010403
1790006400002,8,0.00012419
1790035200000,8,9.668e-05
1790064000004,8,4.587e-05
1790092800000,8,2.857e-05
1790121600000,8,1.692e-05
1790150400004,8,0.0
1790179200004,8,0.0
1790208000002,8,0.0
1790236800000,8,0.0
1790265600005,8,3.842e-05
1790294400002,8,1.3e-07
1790323200000,8,8.511e-05
1790352000002,8,1.857e-05
1790380800000,8,3.477e-05
1790409600001,8,0.0
1790438400001,8,0.0
1790467200000,8,0.0
1790496000001,8,0.0
1790524800000,8,0.0
1790553600000,8,0.0
1790582400001,8,0.0
1790611200001,8,0.0
1790640000000,8,0.0
1790668800000,8,0.0
1790697600000,8,0.0
1790726400000,8,4.63e-06
1790755200000,8,5.818e-05
1790784000002,8,8.965e-05
