ozellik,alt,grup,n,R_ort,WR,n_TRAIN,R_TRAIN,n_TEST,R_TEST
btc_ret24,HEPSI,Q3,187,0.2258,0.4278,125,0.2893,62,0.0976
btc_ret24,HEPSI,Q4,187,0.2527,0.4492,111,0.3060,76,0.1749
btc_ret24,HEPSI,Q2,187,0.3709,0.4920,99,0.1609,88,0.6072
btc_ret24,HEPSI,Q1,188,-0.0263,0.3723,92,-0.0813,96,0.0263
btc_ret24,HEPSI,Q5,187,0.1607,0.4064,112,0.2654,75,0.0042
btc_ret48,HEPSI,Q3,187,0.2192,0.4332,122,0.0871,65,0.4673
btc_ret48,HEPSI,Q2,186,0.4307,0.5108,105,0.4440,81,0.4134
btc_ret48,HEPSI,Q1,187,0.0330,0.3743,86,-0.0254,101,0.0826
btc_ret48,HEPSI,Q4,186,0.1326,0.4194,109,0.1768,77,0.0699
btc_ret48,HEPSI,Q5,187,0.1806,0.4118,114,0.3137,73,-0.0271
btc_ret48_islem_yonunde,HEPSI,Q2,186,0.2572,0.4409,115,0.1492,71,0.4322
btc_ret48_islem_yonunde,HEPSI,Q3,187,0.3210,0.4759,103,0.3188,84,0.3237
btc_ret48_islem_yonunde,HEPSI,Q5,187,0.0171,0.3690,109,0.0247,78,0.0064
btc_ret48_islem_yonunde,HEPSI,Q1,187,0.1747,0.4385,119,0.2598,68,0.0258
btc_ret48_islem_yonunde,HEPSI,Q4,186,0.2257,0.4247,90,0.2945,96,0.1612
btc_ema200_atr,HEPSI,Q2,183,0.2352,0.4426,96,0.2220,87,0.2498
btc_ema200_atr,HEPSI,Q1,184,0.0173,0.3641,71,-0.0623,113,0.0674
btc_ema200_atr,HEPSI,Q3,183,0.2791,0.4699,106,0.1931,77,0.3975
btc_ema200_atr,HEPSI,Q5,184,0.2527,0.4348,137,0.3581,47,-0.0546
btc_ema200_atr,HEPSI,Q4,183,0.2244,0.4426,110,0.2077,73,0.2495
btc_atr_oran,HEPSI,Q1,188,0.3405,0.4734,95,0.1978,93,0.4863
btc_atr_oran,HEPSI,Q4,187,0.1421,0.3904,122,0.1581,65,0.1121
btc_atr_oran,HEPSI,Q3,187,0.2728,0.4866,123,0.3115,64,0.1984
btc_atr_oran,HEPSI,Q5,187,0.0754,0.3904,111,0.0709,76,0.0820
btc_atr_oran,HEPSI,Q2,187,0.1509,0.4064,88,0.2734,99,0.0421
gen_ema200_ustu,HEPSI,Q1,184,-0.0338,0.3424,108,-0.1185,76,0.0865
gen_ema200_ustu,HEPSI,Q3,183,0.3697,0.5191,105,0.1677,78,0.6417
gen_ema200_ustu,HEPSI,Q2,183,0.2174,0.4372,78,0.5178,105,-0.0058
gen_ema200_ustu,HEPSI,Q4,183,0.2807,0.4481,115,0.4238,68,0.0387
gen_ema200_ustu,HEPSI,Q5,184,0.1754,0.4076,114,0.1344,70,0.2422
gen_ret24_pozitif,HEPSI,Q2,186,0.2989,0.4731,69,0.6180,117,0.1107
gen_ret24_pozitif,HEPSI,Q3,187,0.2658,0.4599,138,0.1480,49,0.5977
gen_ret24_pozitif,HEPSI,Q4,186,0.2967,0.4516,108,0.2948,78,0.2992
gen_ret24_pozitif,HEPSI,Q1,187,-0.0028,0.3583,127,-0.0818,60,0.1645
gen_ret24_pozitif,HEPSI,Q5,187,0.1377,0.4064,94,0.2721,93,0.0018
gen_islem_yonunde,HEPSI,Q3,187,0.3895,0.4652,125,0.4121,62,0.3441
gen_islem_yonunde,HEPSI,Q2,186,0.3223,0.4731,124,0.2833,62,0.4004
gen_islem_yonunde,HEPSI,Q1,187,0.1608,0.4492,116,0.1131,71,0.2387
gen_islem_yonunde,HEPSI,Q4,186,0.0509,0.3710,171,0.0604,15,-0.0570
gen_islem_yonunde,HEPSI,Q5,187,0.0714,0.3904,0,,187,0.0714
port_gross_not,HEPSI,Q1,188,0.2912,0.4681,188,0.2912,0,
port_gross_not,HEPSI,Q4,187,0.2889,0.4545,109,0.2262,78,0.3766
port_gross_not,HEPSI,Q5,187,0.1504,0.4064,128,0.0329,59,0.4053
port_gross_not,HEPSI,Q3,187,0.1863,0.4118,93,0.2297,94,0.1435
port_gross_not,HEPSI,Q2,187,0.0651,0.4064,21,0.1592,166,0.0533
port_net_not_islem_yonunde,HEPSI,Q2,187,0.2927,0.4652,187,0.2927,0,
port_net_not_islem_yonunde,HEPSI,Q5,187,0.1288,0.3850,120,0.0419,67,0.2846
port_net_not_islem_yonunde,HEPSI,Q1,188,0.2905,0.4521,112,0.1721,76,0.4651
port_net_not_islem_yonunde,HEPSI,Q4,187,0.1991,0.4332,98,0.2646,89,0.1270
port_net_not_islem_yonunde,HEPSI,Q3,187,0.0709,0.4118,22,0.1528,165,0.0600
port_upnl,HEPSI,Q1,188,0.2964,0.4574,123,0.3082,65,0.2741
port_upnl,HEPSI,Q4,187,0.2004,0.4225,104,0.0005,83,0.4509
port_upnl,HEPSI,Q5,187,0.1017,0.3850,111,0.0626,76,0.1587
port_upnl,HEPSI,Q2,187,0.2921,0.4759,187,0.2921,0,
port_upnl,HEPSI,Q3,187,0.0914,0.4064,14,0.6272,173,0.0480
port_dd_ath,HEPSI,Q1,188,-0.0986,0.3404,123,-0.1338,65,-0.0321
port_dd_ath,HEPSI,Q2,187,0.2164,0.4278,117,0.2965,70,0.0827
port_dd_ath,HEPSI,Q3,187,0.1006,0.4011,115,0.0509,72,0.1801
port_dd_ath,HEPSI,Q4,187,0.3445,0.4759,100,0.3845,87,0.2985
port_dd_ath,HEPSI,Q5,187,0.4211,0.5027,84,0.5450,103,0.3201
don_son5_R,HEPSI,Q2,179,0.5261,0.5251,84,0.6005,95,0.4604
don_son5_R,HEPSI,Q3,180,-0.0022,0.3778,108,0.0295,72,-0.0498
don_son5_R,HEPSI,Q5,180,-0.1261,0.3222,116,0.0765,64,-0.4932
don_son5_R,HEPSI,Q1,180,0.2675,0.4667,98,0.3702,82,0.1447
don_son5_R,HEPSI,Q4,179,0.3566,0.4693,95,0.0912,84,0.6566
don_son10_R,HEPSI,Q1,179,0.5561,0.5419,78,0.7158,101,0.4328
don_son10_R,HEPSI,Q5,179,0.1539,0.3966,109,0.0612,70,0.2981
don_son10_R,HEPSI,Q4,178,-0.0135,0.3708,107,0.0717,71,-0.1419
don_son10_R,HEPSI,Q3,178,0.0894,0.4213,88,0.0177,90,0.1596
don_son10_R,HEPSI,Q2,178,0.2149,0.4270,113,0.2790,65,0.1036
don_son5_WR,HEPSI,Q1,180,0.4180,0.5000,142,0.4552,38,0.2790
don_son5_WR,HEPSI,Q3,180,0.0191,0.3611,126,0.0307,54,-0.0082
don_son5_WR,HEPSI,Q5,180,0.0764,0.3889,103,0.1981,77,-0.0864
don_son5_WR,HEPSI,Q4,179,0.1489,0.4302,81,-0.0204,98,0.2889
don_son5_WR,HEPSI,Q2,179,0.3574,0.4804,49,0.4119,130,0.3369
don_son10_WR,HEPSI,Q1,179,0.3998,0.4860,127,0.4656,52,0.2389
don_son10_WR,HEPSI,Q3,178,0.0193,0.3933,95,0.0328,83,0.0039
don_son10_WR,HEPSI,Q2,178,0.3946,0.5000,63,0.3863,115,0.3991
don_son10_WR,HEPSI,Q4,178,0.0495,0.3876,95,0.0749,83,0.0205
don_son10_WR,HEPSI,Q5,179,0.1386,0.3911,115,0.0831,64,0.2385
btc_4h_son_yon,HEPSI,1,408,0.1895,0.4216,254,0.2565,154,0.0790
btc_4h_son_yon,HEPSI,-1,528,0.2019,0.4356,285,0.1515,243,0.2611
btc_hizali_24h,HEPSI,0,233,0.2835,0.4807,139,0.3383,94,0.2025
btc_hizali_24h,HEPSI,1,703,0.1677,0.4125,400,0.1532,303,0.1867
btc_4h_ardisik,HEPSI,2,281,0.1560,0.4128,158,0.2985,123,-0.0270
btc_4h_ardisik,HEPSI,1,415,0.1885,0.4313,238,0.1417,177,0.2514
btc_4h_ardisik,HEPSI,4+,115,0.3382,0.4870,70,0.1838,45,0.5784
btc_4h_ardisik,HEPSI,3,125,0.1838,0.4080,73,0.1996,52,0.1616
btc_ardisik_islem_yonunde,HEPSI,2..3,300,0.1190,0.3900,161,0.2194,139,0.0027
btc_ardisik_islem_yonunde,HEPSI,−2..−1,232,0.1368,0.4224,138,0.2332,94,-0.0045
btc_ardisik_islem_yonunde,HEPSI,1,269,0.2560,0.4461,156,0.1478,113,0.4053
btc_ardisik_islem_yonunde,HEPSI,≥4,106,0.3621,0.4906,65,0.1947,41,0.6275
btc_ardisik_islem_yonunde,HEPSI,≤−3,29,0.3194,0.5172,19,0.2696,10,0.4138
port_acik,HEPSI,0,375,0.1785,0.4373,209,0.2779,166,0.0533
port_acik,HEPSI,1,314,0.2303,0.4427,170,0.2249,144,0.2366
port_acik,HEPSI,2,160,0.1047,0.3688,105,-0.0270,55,0.3561
port_acik,HEPSI,3+,87,0.3212,0.4598,55,0.2697,32,0.4098
port_ayni_yon,HEPSI,0,530,0.2202,0.4434,298,0.2621,232,0.1664
port_ayni_yon,HEPSI,1,257,0.1135,0.4125,143,0.1353,114,0.0861
port_ayni_yon,HEPSI,2,99,0.3882,0.4444,64,0.1602,35,0.8049
port_ayni_yon,HEPSI,3+,50,-0.0074,0.3400,34,0.0179,16,-0.0610
port_donch_24h,HEPSI,0,718,0.2338,0.4401,403,0.2554,315,0.2061
port_donch_24h,HEPSI,1,144,0.1010,0.4097,86,-0.0667,58,0.3497
port_donch_24h,HEPSI,2,56,-0.0548,0.3393,40,0.0732,16,-0.3748
port_donch_24h,HEPSI,3+,18,0.2555,0.4444,10,0.8187,8,-0.4486
port_donch_72h,HEPSI,0,449,0.2225,0.4432,248,0.2721,201,0.1612
port_donch_72h,HEPSI,1,262,0.2340,0.4389,151,0.0828,111,0.4397
port_donch_72h,HEPSI,2,134,0.1389,0.4030,81,0.2201,53,0.0148
port_donch_72h,HEPSI,3+,91,0.0455,0.3736,59,0.1782,32,-0.1993
ayni_bar_ayni_yon_donch,HEPSI,0,522,0.1663,0.4349,302,0.1484,220,0.1909
ayni_bar_ayni_yon_donch,HEPSI,1,284,0.2761,0.4437,160,0.3371,124,0.1973
ayni_bar_ayni_yon_donch,HEPSI,3+,72,-0.0167,0.3611,49,0.1074,23,-0.2810
ayni_bar_ayni_yon_donch,HEPSI,2,58,0.3434,0.3966,28,0.1540,30,0.5202
don_ardisik_kayip,HEPSI,0,405,0.1358,0.4099,236,0.1390,169,0.1312
don_ardisik_kayip,HEPSI,1,148,0.3407,0.4932,93,0.3085,55,0.3952
don_ardisik_kayip,HEPSI,3+,267,0.3126,0.4569,152,0.3237,115,0.2980
don_ardisik_kayip,HEPSI,2,116,-0.0426,0.3534,58,-0.0409,58,-0.0443
donem,HEPSI,normal,769,0.2779,0.4564,460,0.2343,309,0.3427
donem,HEPSI,tepede_acik,10,-0.7223,0.2000,7,-0.5947,3,-1.0200
donem,HEPSI,tepeden_sonra,157,-0.1435,0.3121,72,0.0651,85,-0.3203
btc_ret24,DONCHIAN,Q2,82,0.2357,0.4756,40,0.0089,42,0.4517
btc_ret24,DONCHIAN,Q3,82,0.5298,0.4878,56,0.5972,26,0.3844
btc_ret24,DONCHIAN,Q1,83,-0.1380,0.3012,42,-0.1408,41,-0.1351
btc_ret24,DONCHIAN,Q4,82,0.4140,0.4634,46,0.4414,36,0.3790
btc_ret24,DONCHIAN,Q5,83,0.1697,0.3976,51,0.3441,32,-0.1081
btc_ret48,DONCHIAN,Q2,82,0.1955,0.4512,41,0.1793,41,0.2117
btc_ret48,DONCHIAN,Q3,82,0.3146,0.4390,57,0.2996,25,0.3488
btc_ret48,DONCHIAN,Q4,82,0.4343,0.4634,46,0.3693,36,0.5174
btc_ret48,DONCHIAN,Q5,83,0.1890,0.4096,52,0.3652,31,-0.1066
btc_ret48,DONCHIAN,Q1,83,0.0750,0.3614,39,0.1368,44,0.0203
btc_ret48_islem_yonunde,DONCHIAN,Q3,82,0.2565,0.4512,39,0.3581,43,0.1644
btc_ret48_islem_yonunde,DONCHIAN,Q1,83,0.2338,0.4096,54,0.2360,29,0.2298
btc_ret48_islem_yonunde,DONCHIAN,Q2,82,0.4779,0.4878,49,0.3417,33,0.6800
btc_ret48_islem_yonunde,DONCHIAN,Q4,82,0.3253,0.4756,48,0.6905,34,-0.1902
btc_ret48_islem_yonunde,DONCHIAN,Q5,83,-0.0837,0.3012,45,-0.2412,38,0.1028
btc_ema200_atr,DONCHIAN,Q2,82,0.1930,0.4146,37,0.4299,45,-0.0017
btc_ema200_atr,DONCHIAN,Q1,83,-0.0200,0.3373,36,-0.2395,47,0.1481
btc_ema200_atr,DONCHIAN,Q3,82,0.4538,0.4878,47,0.3280,35,0.6226
btc_ema200_atr,DONCHIAN,Q4,82,0.2753,0.4512,54,0.4587,28,-0.0782
btc_ema200_atr,DONCHIAN,Q5,83,0.3061,0.4337,61,0.2995,22,0.3242
btc_atr_oran,DONCHIAN,Q5,83,0.1962,0.3976,46,0.4682,37,-0.1418
btc_atr_oran,DONCHIAN,Q1,83,0.2838,0.4578,36,0.1361,47,0.3969
btc_atr_oran,DONCHIAN,Q3,82,0.1725,0.4390,56,0.2011,26,0.1108
btc_atr_oran,DONCHIAN,Q2,82,0.1996,0.3902,43,0.1829,39,0.2180
btc_atr_oran,DONCHIAN,Q4,82,0.3538,0.4390,54,0.3738,28,0.3152
gen_ema200_ustu,DONCHIAN,Q1,83,-0.0366,0.3253,59,-0.1556,24,0.2559
gen_ema200_ustu,DONCHIAN,Q2,82,0.2796,0.4390,31,0.8685,51,-0.0784
gen_ema200_ustu,DONCHIAN,Q3,82,0.3860,0.5122,41,0.2532,41,0.5189
gen_ema200_ustu,DONCHIAN,Q4,82,0.4039,0.4512,43,0.4897,39,0.3094
gen_ema200_ustu,DONCHIAN,Q5,83,0.1770,0.3976,61,0.2715,22,-0.0849
gen_ret24_pozitif,DONCHIAN,Q1,83,-0.0909,0.3253,83,-0.0909,0,
gen_ret24_pozitif,DONCHIAN,Q3,82,0.5196,0.5366,49,0.4025,33,0.6934
gen_ret24_pozitif,DONCHIAN,Q2,82,0.2525,0.4268,10,1.7211,72,0.0485
gen_ret24_pozitif,DONCHIAN,Q4,82,0.3797,0.4512,61,0.5122,21,-0.0051
gen_ret24_pozitif,DONCHIAN,Q5,83,0.1500,0.3855,32,0.1594,51,0.1440
gen_islem_yonunde,DONCHIAN,Q2,82,0.6245,0.5244,46,0.7694,36,0.4393
gen_islem_yonunde,DONCHIAN,Q1,83,0.3550,0.4699,65,0.3462,18,0.3866
gen_islem_yonunde,DONCHIAN,Q3,82,0.1090,0.4146,82,0.1090,0,
gen_islem_yonunde,DONCHIAN,Q4,82,0.0725,0.3293,42,-0.0261,40,0.1760
gen_islem_yonunde,DONCHIAN,Q5,83,0.0458,0.3855,0,,83,0.0458
port_gross_not,DONCHIAN,Q5,83,-0.2173,0.2771,56,-0.3283,27,0.0129
port_gross_not,DONCHIAN,Q1,83,0.4060,0.4819,83,0.4060,0,
port_gross_not,DONCHIAN,Q4,82,0.5396,0.4878,46,0.5314,36,0.5500
port_gross_not,DONCHIAN,Q3,82,0.3223,0.4390,29,0.5737,53,0.1847
port_gross_not,DONCHIAN,Q2,82,0.1588,0.4390,21,0.4449,61,0.0603
port_net_not_islem_yonunde,DONCHIAN,Q5,83,0.1104,0.3735,57,-0.1014,26,0.5748
port_net_not_islem_yonunde,DONCHIAN,Q1,83,0.3744,0.4699,60,0.2514,23,0.6951
port_net_not_islem_yonunde,DONCHIAN,Q4,82,0.2930,0.4146,41,0.5027,41,0.0833
port_net_not_islem_yonunde,DONCHIAN,Q3,82,-0.0063,0.3780,5,0.3622,77,-0.0302
port_net_not_islem_yonunde,DONCHIAN,Q2,82,0.4343,0.4878,72,0.4724,10,0.1595
port_upnl,DONCHIAN,Q4,82,0.3331,0.4268,46,0.1716,36,0.5394
port_upnl,DONCHIAN,Q1,83,0.4078,0.4819,66,0.3561,17,0.6087
port_upnl,DONCHIAN,Q5,83,-0.0032,0.3373,49,-0.0212,34,0.0227
port_upnl,DONCHIAN,Q2,82,0.4343,0.4878,72,0.4724,10,0.1595
port_upnl,DONCHIAN,Q3,82,0.0348,0.3902,2,0.6844,80,0.0185
port_dd_ath,DONCHIAN,Q2,82,0.3970,0.4634,56,0.4213,26,0.3447
port_dd_ath,DONCHIAN,Q3,82,0.2290,0.4146,46,0.2655,36,0.1825
port_dd_ath,DONCHIAN,Q1,83,-0.1899,0.3133,52,-0.2592,31,-0.0737
port_dd_ath,DONCHIAN,Q4,82,0.1348,0.3780,43,0.2437,39,0.0147
port_dd_ath,DONCHIAN,Q5,83,0.6353,0.5542,38,0.8668,45,0.4398
don_son5_R,DONCHIAN,Q2,81,0.4843,0.4938,40,0.6363,41,0.3361
don_son5_R,DONCHIAN,Q3,81,0.1270,0.4074,53,0.2994,28,-0.1992
don_son5_R,DONCHIAN,Q5,81,-0.2311,0.2593,52,0.0310,29,-0.7011
don_son5_R,DONCHIAN,Q4,81,0.3512,0.4444,40,-0.0797,41,0.7715
don_son5_R,DONCHIAN,Q1,82,0.5252,0.5366,44,0.6580,38,0.3714
don_son10_R,DONCHIAN,Q1,80,0.9694,0.6500,27,1.5958,53,0.6503
don_son10_R,DONCHIAN,Q4,80,-0.1270,0.3250,55,-0.1373,25,-0.1042
don_son10_R,DONCHIAN,Q3,80,0.0863,0.3875,42,0.2288,38,-0.0713
don_son10_R,DONCHIAN,Q2,80,0.1519,0.4000,55,0.2839,25,-0.1384
don_son10_R,DONCHIAN,Q5,80,0.1459,0.3750,44,0.0852,36,0.2201
don_son5_WR,DONCHIAN,Q1,82,0.5663,0.5366,67,0.5422,15,0.6739
don_son5_WR,DONCHIAN,Q2,81,0.3665,0.4691,25,0.6930,56,0.2207
don_son5_WR,DONCHIAN,Q5,81,0.0361,0.3333,54,0.1341,27,-0.1598
don_son5_WR,DONCHIAN,Q3,81,0.2355,0.4198,46,0.3083,35,0.1398
don_son5_WR,DONCHIAN,Q4,81,0.0517,0.3827,37,-0.1724,44,0.2402
don_son10_WR,DONCHIAN,Q1,80,0.9107,0.6250,51,1.0842,29,0.6056
don_son10_WR,DONCHIAN,Q3,80,-0.1975,0.3125,54,-0.0294,26,-0.5467
don_son10_WR,DONCHIAN,Q4,80,-0.0062,0.3500,43,0.3159,37,-0.3805
don_son10_WR,DONCHIAN,Q2,80,0.3296,0.4625,35,0.0898,45,0.5161
don_son10_WR,DONCHIAN,Q5,80,0.1899,0.3875,40,-0.1482,40,0.5280
btc_4h_son_yon,DONCHIAN,-1,240,0.2223,0.4167,133,0.2441,107,0.1952
btc_4h_son_yon,DONCHIAN,1,172,0.2674,0.4360,102,0.3262,70,0.1818
btc_hizali_24h,DONCHIAN,1,369,0.2178,0.4173,204,0.2498,165,0.1783
btc_hizali_24h,DONCHIAN,0,43,0.4414,0.4884,31,0.4771,12,0.3492
btc_4h_ardisik,DONCHIAN,3,61,0.3850,0.4426,28,0.7179,33,0.1025
btc_4h_ardisik,DONCHIAN,1,149,0.2989,0.4430,84,0.2709,65,0.3351
btc_4h_ardisik,DONCHIAN,2,124,0.0336,0.3629,78,0.2153,46,-0.2745
btc_4h_ardisik,DONCHIAN,4+,78,0.3483,0.4744,45,0.1353,33,0.6386
btc_ardisik_islem_yonunde,DONCHIAN,2..3,165,0.1489,0.3939,90,0.3680,75,-0.1141
btc_ardisik_islem_yonunde,DONCHIAN,1,104,0.3839,0.4615,59,0.2151,45,0.6052
btc_ardisik_islem_yonunde,DONCHIAN,−2..−1,62,0.0615,0.3710,39,0.3184,23,-0.3741
btc_ardisik_islem_yonunde,DONCHIAN,≥4,78,0.3483,0.4744,45,0.1353,33,0.6386
btc_ardisik_islem_yonunde,DONCHIAN,≤−3,3,1.2979,0.6667,2,0.7120,1,2.4698
port_acik,DONCHIAN,1,132,0.4621,0.4773,67,0.5266,65,0.3956
port_acik,DONCHIAN,2,64,0.0632,0.3281,47,-0.1447,17,0.6381
port_acik,DONCHIAN,0,190,0.2281,0.4421,104,0.4139,86,0.0034
port_acik,DONCHIAN,3+,26,-0.3471,0.2692,17,-0.3402,9,-0.3602
port_ayni_yon,DONCHIAN,1,117,0.2105,0.3932,67,0.2423,50,0.1680
port_ayni_yon,DONCHIAN,2,48,0.3664,0.4375,34,0.0869,14,1.0451
port_ayni_yon,DONCHIAN,0,227,0.3046,0.4626,120,0.4523,107,0.1390
port_ayni_yon,DONCHIAN,3+,20,-0.6006,0.1500,14,-0.5513,6,-0.7157
port_donch_24h,DONCHIAN,0,259,0.3710,0.4595,139,0.4946,120,0.2278
port_donch_24h,DONCHIAN,1,97,0.1208,0.4021,59,0.0016,38,0.3059
port_donch_24h,DONCHIAN,2,41,-0.3137,0.2439,29,-0.3431,12,-0.2425
port_donch_24h,DONCHIAN,3+,15,0.2947,0.4667,8,0.8563,7,-0.3471
port_donch_72h,DONCHIAN,0,161,0.2755,0.4348,83,0.5157,78,0.0198
port_donch_72h,DONCHIAN,1,118,0.3719,0.4746,66,0.0923,52,0.7268
port_donch_72h,DONCHIAN,2,74,0.0820,0.3514,47,0.2052,27,-0.1323
port_donch_72h,DONCHIAN,3+,59,0.0856,0.3898,39,0.1846,20,-0.1074
ayni_bar_ayni_yon_donch,DONCHIAN,1,282,0.2859,0.4468,158,0.3555,124,0.1973
ayni_bar_ayni_yon_donch,DONCHIAN,3+,72,-0.0167,0.3611,49,0.1074,23,-0.2810
ayni_bar_ayni_yon_donch,DONCHIAN,2,58,0.3434,0.3966,28,0.1540,30,0.5202
don_ardisik_kayip,DONCHIAN,0,206,0.2038,0.3981,120,0.2441,86,0.1477
don_ardisik_kayip,DONCHIAN,1,61,0.5434,0.5246,35,0.3995,26,0.7372
don_ardisik_kayip,DONCHIAN,3+,103,0.2801,0.4563,60,0.4296,43,0.0713
don_ardisik_kayip,DONCHIAN,2,42,-0.1102,0.3333,20,-0.1653,22,-0.0601
donem,DONCHIAN,normal,341,0.3148,0.4487,197,0.2732,144,0.3717
donem,DONCHIAN,tepede_acik,8,-0.7778,0.1250,5,-0.6325,3,-1.0200
donem,DONCHIAN,tepeden_sonra,63,-0.0282,0.3333,33,0.4568,30,-0.5617
